"user","tournament","selectedCategories","completedCategories","categoryAttempts","categoryAttempts.$*","askedQuestions","askedQuestions.$*","categoryScores","categoryScores.$*","registrationDate","totalScore","sendTourFeedback","_id","__v"
"65fe496b205cf6d5f81e91fb","66f07e48838421de185302b8","[""health"",""environment"",""education"",""entertainment"",""food"",""current affairs""]","[""environment"",""health"",""education"",""current affairs"",""food"",""entertainment""]",,,,,,,"2024-09-23T02:42:43.582Z",137,,"66f0d5a317e37d9db08e425c",8
"65b1ebbc90ba2e3794e9696d","66f07e48838421de185302b8","[""world"",""technology"",""health"",""crime"",""tourism"",""current affairs""]","[""current affairs"",""technology"",""tourism"",""crime"",""health""]",,,,,,,"2024-09-23T03:21:05.965Z",395,,"66f0dea117e37d9db08ffcab",5
"653548118a2815874166fa66","66f07e48838421de185302b8","[""sports"",""science"",""entertainment"",""technology"",""world"",""current affairs""]","[""science"",""sports"",""entertainment"",""technology"",""world"",""current affairs""]",,,,,,,"2024-09-23T03:44:46.335Z",114,,"66f0e42e17e37d9db0900275",6
"667d9d31ede918c194e96af9","66f07e48838421de185302b8","[""health"",""sports"",""food"",""education"",""entertainment"",""current affairs""]","[""sports"",""health"",""food"",""education"",""current affairs"",""entertainment""]",,,,,,,"2024-09-23T03:59:19.508Z",49,,"66f0e79717e37d9db0900471",6
"660161af451e8641829f6113","66f07e48838421de185302b8","[""tourism"",""lifestyle"",""world"",""science"",""education"",""current affairs""]","[""education"",""science"",""world"",""tourism"",""lifestyle"",""current affairs""]",,,,,,,"2024-09-23T06:20:44.639Z",251,,"66f108bc17e37d9db09214e7",6
"6613f4c9ce72abb1ce9abea9","66f07e48838421de185302b8","[""politics"",""environment"",""health"",""world"",""entertainment"",""current affairs""]","[]",,,,,,,"2024-09-24T07:15:55.311Z",0,,"66f2672ba7daa77cd9064289",0
"6613f4bece72abb1ce9abe7c","66f07e48838421de185302b8","[""world"",""health"",""lifestyle"",""entertainment"",""environment"",""current affairs""]","[]",,,,,,,"2024-09-24T07:18:31.226Z",0,,"66f267c7a107dd1f4cbcd2fb",0
"6613f4aace72abb1ce9abe31","66f07e48838421de185302b8","[""health"",""technology"",""entertainment"",""sports"",""politics"",""current affairs""]","[""health""]",,,,,,,"2024-09-24T07:18:32.535Z",32,,"66f267c8a107dd1f4cbcd316",1
"6613f4d3ce72abb1ce9abed3","66f07e48838421de185302b8","[""education"",""world"",""technology"",""health"",""lifestyle"",""current affairs""]","[""education"",""world""]",,,,,,,"2024-09-24T07:18:31.985Z",0,,"66f267c7a107dd1f4cbcd30a",2
"6613f4bece72abb1ce9abe79","66f07e48838421de185302b8","[""science"",""lifestyle"",""politics"",""business"",""environment"",""current affairs""]","[""science""]",,,,,,,"2024-09-24T07:18:33.624Z",7,,"66f267c9a107dd1f4cbcd32b",1
"6613f498ce72abb1ce9abdf2","66f07e48838421de185302b8","[""health"",""world"",""technology"",""crime"",""science"",""current affairs""]","[""health""]",,,,,,,"2024-09-24T07:18:34.420Z",40,,"66f267caa107dd1f4cbcd33d",1
"6613f4cdce72abb1ce9abeb8","66f07e48838421de185302b8","[""crime"",""world"",""education"",""politics"",""entertainment"",""current affairs""]","[]",,,,,,,"2024-09-24T07:18:30.700Z",0,,"66f267c6a107dd1f4cbcd2ef",0
"6613f4a6ce72abb1ce9abe22","66f07e48838421de185302b8","[""business"",""crime"",""environment"",""technology"",""sports"",""current affairs""]","[""business"",""crime""]",,,,,,,"2024-09-24T07:18:32.262Z",27,,"66f267c8a107dd1f4cbcd310",2
"6613f4a0ce72abb1ce9abe10","66f07e48838421de185302b8","[""business"",""tourism"",""food"",""technology"",""sports"",""current affairs""]","[]",,,,,,,"2024-09-24T07:18:33.022Z",0,,"66f267c9a107dd1f4cbcd31f",0
"6613f4bace72abb1ce9abe6a","66f07e48838421de185302b8","[""crime"",""tourism"",""food"",""world"",""business"",""current affairs""]","[""crime""]",,,,,,,"2024-09-24T07:18:34.822Z",0,,"66f267caa107dd1f4cbcd346",1
"6613f4cfce72abb1ce9abec1","66f07e48838421de185302b8","[""business"",""tourism"",""technology"",""sports"",""lifestyle"",""current affairs""]","[]",,,,,,,"2024-09-24T07:18:32.856Z",0,,"66f267c8a107dd1f4cbcd31c",0
"6613f4dbce72abb1ce9abef1","66f07e48838421de185302b8","[""health"",""lifestyle"",""technology"",""world"",""sports"",""current affairs""]","[""health""]",,,,,,,"2024-09-24T07:18:33.175Z",20,,"66f267c9a107dd1f4cbcd322",1
"6613f4c1ce72abb1ce9abe88","66f07e48838421de185302b8","[""technology"",""food"",""world"",""environment"",""sports"",""current affairs""]","[]",,,,,,,"2024-09-24T07:18:33.495Z",0,,"66f267c9a107dd1f4cbcd328",0
"6613f4dece72abb1ce9abefd","66f07e48838421de185302b8","[""politics"",""lifestyle"",""science"",""world"",""technology"",""current affairs""]","[]",,,,,,,"2024-09-24T07:18:33.897Z",0,,"66f267c9a107dd1f4cbcd331",0
"6613f4c0ce72abb1ce9abe85","66f07e48838421de185302b8","[""sports"",""entertainment"",""environment"",""world"",""business"",""current affairs""]","[""sports""]",,,,,,,"2024-09-24T07:18:31.537Z",3,,"66f267c7a107dd1f4cbcd301",1
"6613f4b3ce72abb1ce9abe52","66f07e48838421de185302b8","[""entertainment"",""business"",""health"",""lifestyle"",""tourism"",""current affairs""]","[""entertainment"",""business""]",,,,,,,"2024-09-24T07:18:31.660Z",3,,"66f267c7a107dd1f4cbcd304",2
"6613f49ace72abb1ce9abdf8","66f07e48838421de185302b8","[""technology"",""science"",""environment"",""health"",""lifestyle"",""current affairs""]","[]",,,,,,,"2024-09-24T07:18:32.384Z",0,,"66f267c8a107dd1f4cbcd313",0
"6613f4cbce72abb1ce9abeb2","66f07e48838421de185302b8","[""education"",""tourism"",""crime"",""environment"",""sports"",""current affairs""]","[""education"",""tourism""]",,,,,,,"2024-09-24T07:18:31.820Z",0,,"66f267c7a107dd1f4cbcd307",2
"6613f4ddce72abb1ce9abefa","66f07e48838421de185302b8","[""science"",""business"",""politics"",""sports"",""environment"",""current affairs""]","[]",,,,,,,"2024-09-24T07:18:33.336Z",0,,"66f267c9a107dd1f4cbcd325",0
"6613f4e0ce72abb1ce9abf06","66f07e48838421de185302b8","[""entertainment"",""environment"",""technology"",""tourism"",""lifestyle"",""current affairs""]","[""entertainment""]",,,,,,,"2024-09-24T07:18:30.819Z",20,,"66f267c6a107dd1f4cbcd2f2",1
"6613f4c3ce72abb1ce9abe8e","66f07e48838421de185302b8","[""tourism"",""education"",""crime"",""politics"",""entertainment"",""current affairs""]","[""tourism"",""education""]",,,,,,,"2024-09-24T07:18:31.104Z",39,,"66f267c7a107dd1f4cbcd2f8",2
"6613f4cece72abb1ce9abebb","66f07e48838421de185302b8","[""world"",""health"",""sports"",""tourism"",""lifestyle"",""current affairs""]","[]",,,,,,,"2024-09-24T07:18:31.375Z",0,,"66f267c7a107dd1f4cbcd2fe",0
"6613f4acce72abb1ce9abe37","66f07e48838421de185302b8","[""tourism"",""sports"",""technology"",""environment"",""health"",""current affairs""]","[""tourism"",""sports""]",,,,,,,"2024-09-24T07:18:32.114Z",17,,"66f267c8a107dd1f4cbcd30d",2
"6613f4a4ce72abb1ce9abe1c","66f07e48838421de185302b8","[""politics"",""lifestyle"",""environment"",""business"",""entertainment"",""current affairs""]","[""politics"",""lifestyle""]",,,,,,,"2024-09-24T07:18:33.742Z",8,,"66f267c9a107dd1f4cbcd32e",2
"6613f4c7ce72abb1ce9abea0","66f07e48838421de185302b8","[""health"",""sports"",""science"",""lifestyle"",""education"",""current affairs""]","[""health"",""sports"",""science""]",,,,,,,"2024-09-24T07:18:34.540Z",19,,"66f267caa107dd1f4cbcd340",3
"6613f4afce72abb1ce9abe43","66f07e48838421de185302b8","[""crime"",""technology"",""politics"",""food"",""lifestyle"",""current affairs""]","[""crime""]",,,,,,,"2024-09-24T07:18:30.939Z",15,,"66f267c6a107dd1f4cbcd2f5",1
"6613f4adce72abb1ce9abe3d","66f07e48838421de185302b8","[""sports"",""technology"",""environment"",""education"",""health"",""current affairs""]","[]",,,,,,,"2024-09-24T07:18:32.697Z",0,,"66f267c8a107dd1f4cbcd319",0
"6613f498ce72abb1ce9abdef","66f07e48838421de185302b8","[""entertainment"",""tourism"",""education"",""world"",""environment"",""current affairs""]","[""entertainment""]",,,,,,,"2024-09-24T07:18:34.058Z",8,,"66f267caa107dd1f4cbcd334",1
"6613f4c2ce72abb1ce9abe8b","66f07e48838421de185302b8","[""sports"",""politics"",""technology"",""science"",""education"",""current affairs""]","[""sports""]",,,,,,,"2024-09-24T07:18:34.179Z",14,,"66f267caa107dd1f4cbcd337",1
"6613f4acce72abb1ce9abe3a","66f07e48838421de185302b8","[""tourism"",""technology"",""education"",""crime"",""business"",""current affairs""]","[""tourism"",""technology""]",,,,,,,"2024-09-24T07:18:34.315Z",3,,"66f267caa107dd1f4cbcd33a",2
"6613f4bbce72abb1ce9abe6d","66f07e48838421de185302b8","[""world"",""tourism"",""environment"",""technology"",""politics"",""current affairs""]","[""world""]",,,,,,,"2024-09-24T07:18:34.662Z",7,,"66f267caa107dd1f4cbcd343",1
"66210e6094d2c53bd0b70ccc","66f07e48838421de185302b8","[""technology"",""health"",""education"",""environment"",""politics"",""current affairs""]","[""health"",""environment"",""current affairs""]",,,,,,,"2024-09-24T09:07:02.867Z",4,,"66f281366024c144396bdc3f",3
"660167b035a59cd25a6b1d3c","66f07e48838421de185302b8","[""politics"",""technology"",""health"",""world"",""lifestyle"",""current affairs""]","[""politics"",""technology"",""health"",""world"",""lifestyle"",""current affairs""]",,,,,,,"2024-09-24T10:10:48.164Z",248,,"66f29028e7cca17df1af90de",6
"6613f4dcce72abb1ce9abef7","66f07e48838421de185302b8","[""technology"",""health"",""lifestyle"",""science"",""entertainment"",""current affairs""]","[""technology""]",,,,,,,"2024-09-24T12:00:07.223Z",3,,"66f2a9c7580011b80df60d3a",1
"6613f4d6ce72abb1ce9abedc","66f07e48838421de185302b8","[""environment"",""technology"",""tourism"",""science"",""crime"",""current affairs""]","[""environment"",""technology""]",,,,,,,"2024-09-24T12:00:06.133Z",11,,"66f2a9c6580011b80df60d33",2
"6613f49fce72abb1ce9abe0d","66f07e48838421de185302b8","[""tourism"",""food"",""sports"",""entertainment"",""politics"",""current affairs""]","[""tourism"",""food""]",,,,,,,"2024-09-24T12:00:02.761Z",21,,"66f2a9c2580011b80df60d1d",2
"6613f4d2ce72abb1ce9abecd","66f07e48838421de185302b8","[""sports"",""tourism"",""business"",""environment"",""lifestyle"",""current affairs""]","[""sports""]",,,,,,,"2024-09-24T12:00:03.215Z",2,,"66f2a9c3580011b80df60d21",1
"6613f4d5ce72abb1ce9abed9","66f07e48838421de185302b8","[""crime"",""education"",""food"",""sports"",""politics"",""current affairs""]","[]",,,,,,,"2024-09-24T12:00:04.590Z",0,,"66f2a9c4580011b80df60d29",0
"6613f49bce72abb1ce9abdfb","66f07e48838421de185302b8","[""technology"",""science"",""food"",""world"",""sports"",""current affairs""]","[]",,,,,,,"2024-09-24T12:00:06.568Z",0,,"66f2a9c6580011b80df60d36",0
"6613f4dece72abb1ce9abf00","66f07e48838421de185302b8","[""sports"",""technology"",""tourism"",""food"",""business"",""current affairs""]","[""sports""]",,,,,,,"2024-09-24T12:00:03.935Z",6,,"66f2a9c3580011b80df60d25",1
"6613f4cece72abb1ce9abebe","66f07e48838421de185302b8","[""science"",""sports"",""technology"",""environment"",""politics"",""current affairs""]","[""science"",""sports"",""technology""]",,,,,,,"2024-09-24T12:00:05.040Z",69,,"66f2a9c5580011b80df60d2c",3
"6613f4dace72abb1ce9abeee","66f07e48838421de185302b8","[""environment"",""science"",""crime"",""education"",""food"",""current affairs""]","[""environment""]",,,,,,,"2024-09-24T12:00:05.475Z",22,,"66f2a9c5580011b80df60d2f",1
"661d1c43d3779bd18c70c9aa","66f07e48838421de185302b8","[""world"",""technology"",""health"",""sports"",""education"",""current affairs""]","[""world"",""technology"",""health"",""sports"",""education"",""current affairs""]",,,,,,,"2024-09-24T16:33:16.855Z",249,,"66f2e9cc53dfd2cf2359226e",6
"65f300509edbd593b5293db2","66f07e48838421de185302b8","[""politics"",""sports"",""education"",""business"",""health"",""current affairs""]","[""current affairs"",""business"",""health"",""education"",""sports"",""politics""]",,,,,,,"2024-09-25T10:12:06.333Z",60,,"66f3e1f63a0508407f06fb68",6
"661d1b2215323b828c65ac04","66f07e48838421de185302b8","[""crime"",""environment"",""entertainment"",""health"",""education"",""current affairs""]","[""crime"",""environment"",""entertainment"",""health"",""education"",""current affairs""]",,,,,,,"2024-09-26T05:51:57.899Z",212,,"66f4f67dea6bd3f851f7dbbf",6
"6613f4c3ce72abb1ce9abe91","66f07e48838421de185302b8","[""business"",""politics"",""food"",""tourism"",""education"",""current affairs""]","[""business""]",,,,,,,"2024-09-26T06:30:03.102Z",12,,"66f4ff6bea6bd3f851f7de92",1
"6613f4b7ce72abb1ce9abe5e","66f07e48838421de185302b8","[""health"",""food"",""crime"",""environment"",""science"",""current affairs""]","[""health""]",,,,,,,"2024-09-26T06:30:03.798Z",7,,"66f4ff6bea6bd3f851f7de96",1
"6613f49bce72abb1ce9abdfe","66f07e48838421de185302b8","[""crime"",""world"",""tourism"",""education"",""environment"",""current affairs""]","[""crime""]",,,,,,,"2024-09-26T06:30:04.671Z",10,,"66f4ff6cea6bd3f851f7de9b",1
"6613f4d0ce72abb1ce9abec4","66f07e48838421de185302b8","[""tourism"",""sports"",""science"",""technology"",""food"",""current affairs""]","[""tourism""]",,,,,,,"2024-09-26T06:30:05.980Z",2,,"66f4ff6dea6bd3f851f7dea2",1
"6613f4c6ce72abb1ce9abe9d","66f07e48838421de185302b8","[""business"",""science"",""lifestyle"",""technology"",""sports"",""current affairs""]","[]",,,,,,,"2024-09-26T06:30:06.636Z",0,,"66f4ff6eea6bd3f851f7dea6",0
"6613f4d3ce72abb1ce9abed0","66f07e48838421de185302b8","[""business"",""science"",""sports"",""health"",""environment"",""current affairs""]","[""business""]",,,,,,,"2024-09-26T06:30:07.073Z",2,,"66f4ff6fea6bd3f851f7dea9",1
"6613f495ce72abb1ce9abde3","66f07e48838421de185302b8","[""sports"",""technology"",""science"",""environment"",""entertainment"",""current affairs""]","[""sports"",""technology"",""science"",""environment""]",,,,,,,"2024-09-26T07:15:41.859Z",47,,"66f50a1dc53c3e887218445e",4
"65fd330b85a20fc084e1168b","66f07e48838421de185302b8","[""entertainment"",""technology"",""politics"",""world"",""environment"",""current affairs""]","[""environment"",""entertainment"",""technology""]",,,,,,,"2024-09-26T16:38:22.467Z",62,,"66f58dfeb3a0c78680e85381",3
"6680d5060ac30fd7f0a09733","66f07e48838421de185302b8","[""food"",""health"",""sports"",""crime"",""entertainment"",""current affairs""]","[""food"",""sports"",""crime"",""entertainment"",""current affairs""]",,,,,,,"2024-09-26T16:44:22.693Z",120,,"66f58f66b3a0c78680e8dc6d",5
"66c9ef0583da1cd40cd63cd6","66f07e48838421de185302b8","[""technology"",""politics"",""entertainment"",""crime"",""world"",""current affairs""]","[]",,,,,,,"2024-09-26T17:23:15.619Z",0,,"66f59883b3a0c78680edf83e",0
"6613f4cace72abb1ce9abeac","66f07e48838421de185302b8","[""environment"",""technology"",""crime"",""world"",""entertainment"",""current affairs""]","[]",,,,,,,"2024-09-27T06:30:04.344Z",0,,"66f650ec4d63eec9a84deaa7",0
"6613f4c8ce72abb1ce9abea3","66f07e48838421de185302b8","[""crime"",""food"",""business"",""tourism"",""sports"",""current affairs""]","[]",,,,,,,"2024-09-27T06:30:03.690Z",0,,"66f650eb4d63eec9a84deaa1",0
"6613f4a2ce72abb1ce9abe16","66f07e48838421de185302b8","[""technology"",""health"",""tourism"",""business"",""crime"",""current affairs""]","[""technology""]",,,,,,,"2024-09-27T06:30:03.064Z",2,,"66f650eb4d63eec9a84dea9b",1
"6613f4b0ce72abb1ce9abe46","66f07e48838421de185302b8","[""food"",""lifestyle"",""entertainment"",""environment"",""crime"",""current affairs""]","[""food""]",,,,,,,"2024-09-27T06:30:02.542Z",36,,"66f650ea4d63eec9a84dea96",1
"6613f4d4ce72abb1ce9abed6","66f07e48838421de185302b8","[""world"",""food"",""education"",""sports"",""crime"",""current affairs""]","[]",,,,,,,"2024-09-27T06:30:04.836Z",0,,"66f650ec4d63eec9a84deabe",0
"6613f4bcce72abb1ce9abe73","66f07e48838421de185302b8","[""entertainment"",""health"",""politics"",""environment"",""tourism"",""current affairs""]","[""entertainment""]",,,,,,,"2024-09-27T06:30:05.720Z",0,,"66f650ed4d63eec9a84dead5",1
"6613f495ce72abb1ce9abde6","66f07e48838421de185302b8","[""environment"",""technology"",""health"",""entertainment"",""crime"",""current affairs""]","[""environment""]",,,,,,,"2024-09-27T06:30:07.039Z",20,,"66f650ef4d63eec9a84deae6",1
"6613f4c0ce72abb1ce9abe82","66f07e48838421de185302b8","[""science"",""entertainment"",""education"",""environment"",""sports"",""current affairs""]","[""science""]",,,,,,,"2024-09-27T06:30:06.164Z",14,,"66f650ee4d63eec9a84deade",1
"668c75a1a8937aa841383982","66f07e48838421de185302b8","[""world"",""politics"",""technology"",""business"",""sports"",""current affairs""]","[""politics"",""business"",""sports""]",,,,,,,"2024-09-27T08:09:19.434Z",50,,"66f6682f4d63eec9a85096b8",3
"662b304a42129b6af7d4f0af","66f07e48838421de185302b8","[""world"",""politics"",""business"",""technology"",""sports"",""current affairs""]","[""current affairs"",""world"",""politics"",""business"",""technology"",""sports""]",,,,,,,"2024-09-27T08:32:25.794Z",49,,"66f66d994d63eec9a8524579",6
"6628a65089ec0c3ee355c9aa","66f07e48838421de185302b8","[""politics"",""health"",""crime"",""education"",""lifestyle"",""current affairs""]","[""politics"",""health"",""lifestyle"",""crime"",""current affairs"",""education""]",,,,,,,"2024-09-27T08:45:15.969Z",60,,"66f6709b4d63eec9a8537dc1",6
"65f6b9f0ba995a8fd4acee64","66f07e48838421de185302b8","[""world"",""health"",""technology"",""crime"",""environment"",""current affairs""]","[]",,,,,,,"2024-09-27T09:24:12.042Z",0,,"66f679bc5aaaa5580d22a08b",0
"66868d5ccb0da5a4a55b3481","66f07e48838421de185302b8","[""food"",""entertainment"",""lifestyle"",""crime"",""health"",""current affairs""]","[""crime"",""entertainment"",""food"",""health"",""lifestyle"",""current affairs""]",,,,,,,"2024-09-27T09:38:06.183Z",102,,"66f67cfe4d63eec9a85aa102",6
"668a385a49288a5205168ef9","66f07e48838421de185302b8","[""technology"",""business"",""science"",""education"",""politics"",""current affairs""]","[""politics""]",,,,,,,"2024-09-27T14:23:11.494Z",7,,"66f6bfcf4d63eec9a87dcb8e",1
"66f6ca6a4d63eec9a8850973","66f07e48838421de185302b8","[""tourism"",""technology"",""lifestyle"",""education"",""entertainment"",""current affairs""]","[""tourism"",""technology"",""lifestyle"",""education"",""entertainment"",""current affairs""]",,,,,,,"2024-09-27T15:11:28.183Z",252,,"66f6cb204d63eec9a8854fa6",6
"66f6cc434d63eec9a885b0c5","66f07e48838421de185302b8","[""business"",""sports"",""entertainment"",""food"",""lifestyle"",""current affairs""]","[""business"",""sports"",""entertainment"",""food"",""lifestyle"",""current affairs""]",,,,,,,"2024-09-27T15:19:44.678Z",88,,"66f6cd104d63eec9a885feb3",6
"66f6d74b4d63eec9a889ea04","66f07e48838421de185302b8","[""entertainment"",""tourism"",""education"",""environment"",""politics"",""current affairs""]","[""entertainment"",""tourism"",""education"",""environment"",""politics"",""current affairs""]",,,,,,,"2024-09-27T16:09:02.713Z",149,,"66f6d89e4d63eec9a88a7443",6
"66f6e6c5dba3c1f15212461f","66f07e48838421de185302b8","[""health"",""business"",""sports"",""tourism"",""crime"",""current affairs""]","[]",,,,,,,"2024-09-27T17:20:31.952Z",0,,"66f6e95fdba3c1f1521278b8",0
"65b1ebbc90ba2e3794e9696d","66f8fa2cffc6cec786b4fe8d","[""technology"",""environment"",""science"",""current affairs""]","[""technology"",""science"",""environment""]","{""technology"":2,""environment"":2,""science"":2,""current affairs"":1}",,"{""technology"":[""66ec601f919e918e2313cbce"",""66e86bb1dfb374a6242b3323"",""66e6469442367d604cbea20d"",""66e504a9c33fa6365fe9d6f2"",""66f83e132851dbbdb030b943"",""66ef035fcfc89ddf851e3d2c"",""66f05488838421de1844ebbe"",""66f2f83553dfd2cf235af062"",""66f2f83753dfd2cf235af072"",""66f83e132851dbbdb030b946"",""66ef0360cfc89ddf851e3d2f"",""66e5049ec33fa6365fe9d6d6"",""66ef0361cfc89ddf851e3dae"",""66f449e372aca61130d596d9"",""66edb1ea36bae91581acf802"",""66e504a8c33fa6365fe9d6ed"",""66f59ae7b3a0c78680eedaa8"",""66ef0361cfc89ddf851e3daa"",""66eb0e93919e918e23f2bcd1"",""66f05488838421de1844ebc2""],""science"":[""66f054e0838421de1844ec93"",""66e767a01005a75faffaa4b2"",""66e6468542367d604cbea1f0"",""66f83e922851dbbdb030bc86"",""66f1a8267cafddc604cb58bb"",""66f44a8e72aca61130d597a1"",""66ef03e6cfc89ddf851e3ffb"",""66e9bdc8a23685c3aafdf887"",""66e551c094707d17c02d1952"",""66e5048bc33fa6365fe9d6b4""],""current affairs"":[""6709002d4e073f4b5f9ce028"",""671255fa3cda8e063e0b14b4"",""6709002d4e073f4b5f9ce030"",""671255ea3cda8e063e0b13ee"",""670900294e073f4b5f9cdfe8""]}",,"{""technology"":50,""environment"":61,""science"":22,""current affairs"":53}",,"2024-09-29T06:59:37.004Z",539,false,"66f8fad9ffc6cec786b5006e",78
"65f6b9f0ba995a8fd4acee64","66f8fa2cffc6cec786b4fe8d","[""politics"",""sports"",""entertainment"",""current affairs""]","[""current affairs""]","{""sports"":1,""entertainment"":1,""current affairs"":2}",,"{""sports"":[""66e646cc42367d604cbea279"",""66edb21136bae91581acf824"",""66f59b14b3a0c78680eeebee"",""66f6ed43dba3c1f152132319"",""66ec604e919e918e2313cc05""],""entertainment"":[""66f05581838421de1844f4f6"",""66e798dc1005a75faf086d5f"",""66e798d31005a75faf086d40"",""66e6f794afcb8af73b97d952"",""66f59c8bb3a0c78680ef7f05""],""current affairs"":[""66e6cd5cc881309af30aee69"",""66e01a7b3460429add50047e"",""66f6e400dba3c1f15210db48"",""66f6e45bdba3c1f15211004a"",""66f6e416dba3c1f15210e368"",""66e025c7bb38bfae212bba77"",""66f6e45edba3c1f152110606"",""66e948c455207127abfb629c"",""66f6e46ddba3c1f1521106d5"",""66e6cd70c881309af30af039""]}",,"{""sports"":49,""entertainment"":68,""current affairs"":33}",,"2024-09-30T06:37:19.464Z",150,,"66fa471f8aa3fa989e7a4095",5
"662b304a42129b6af7d4f0af","66f9b8c878419cc348a13a8b","[""world"",""politics"",""business"",""current affairs""]","[""world"",""politics"",""business"",""current affairs""]","{""world"":2,""politics"":2,""business"":2,""current affairs"":2}",,"{""world"":[""66fc32266ccd34b83e134932"",""66fcf296987cf42e49caaa26"",""66fc32246ccd34b83e1348f3"",""6700264e326cf40ee3571791"",""66fcf295987cf42e49caa9f6"",""67002650326cf40ee35717c1"",""66fc32266ccd34b83e13493a"",""66fd83cb02e78a73bbfae0e9"",""66fcf296987cf42e49caaa38"",""66fcf295987cf42e49caaa14""],""politics"":[""66fed5a1c028f523e051c9c3"",""66fc32986ccd34b83e134bd4"",""670026a7326cf40ee3571921"",""66fed5a3c028f523e051c9e1"",""670026a6326cf40ee357190f"",""670026a8326cf40ee3571939"",""66fd840802e78a73bbfae40c"",""66fcf298987cf42e49caaa7a"",""66fd840602e78a73bbfae3b4"",""66fcf297987cf42e49caaa62""],""business"":[""66fc32c26ccd34b83e134d0c"",""66fed630c028f523e051cb3c"",""66fc32c26ccd34b83e134cf7"",""66fed62fc028f523e051cb30"",""67002729326cf40ee35719ad"",""66fcf29a987cf42e49caaada"",""66fcf299987cf42e49caaab0"",""66fc32c26ccd34b83e134cfe"",""6700272b326cf40ee35719ec"",""66fc32c36ccd34b83e134d1a""],""current affairs"":[""66ffde9eeab0094221f74bf0"",""66ffdea0eab0094221f74c5f"",""66ffe042eab0094221f75197"",""66ffe08eeab0094221f75546"",""66ffe068eab0094221f75504"",""66ffe091eab0094221f755b6"",""66ffe091eab0094221f755ae"",""66ffe08feab0094221f7556e"",""66ffe067eab0094221f754eb"",""66ffde9eeab0094221f74c12""]}",,"{""world"":17,""politics"":21,""business"":32,""current affairs"":33}",,"2024-09-30T12:57:51.042Z",103,,"66faa04f79cdf2f8c3c9bfa6",12
"65f300509edbd593b5293db2","66f9b8c878419cc348a13a8b","[""politics"",""sports"",""education"",""current affairs""]","[""current affairs"",""sports"",""education"",""politics""]","{""current affairs"":2,""sports"":2,""education"":2,""politics"":2}",,"{""current affairs"":[""66ffde9eeab0094221f74bf0"",""66ffde9feab0094221f74c3f"",""66ffe08feab0094221f75576"",""66ffe091eab0094221f755ae"",""66ffe068eab0094221f7550c"",""66ffe090eab0094221f75596"",""66ffe069eab0094221f75514"",""66ffde9eeab0094221f74c07"",""66ffe067eab0094221f754e3"",""66ffe090eab0094221f75586""],""sports"":[""670027b8326cf40ee3571a9d"",""66fed6fec028f523e051cd76"",""66fed6ffc028f523e051cd7c"",""66fed6fdc028f523e051cd51"",""670027b9326cf40ee3571abb"",""66fcf29f987cf42e49caab9a"",""66fed700c028f523e051cda4"",""66fcf29e987cf42e49caab64"",""66fd85da02e78a73bbfaf4f4"",""670027ba326cf40ee3571ad9""],""education"":[""66fcf2aa987cf42e49caad20"",""66fcf2aa987cf42e49caad32"",""66fcf2aa987cf42e49caad3e"",""66fc35dc6ccd34b83e135ee1"",""66fd881e02e78a73bbfb0215"",""66fed994c028f523e051d5d6"",""66fd881d02e78a73bbfb01ff"",""66fc35dd6ccd34b83e135f12"",""66fc35dc6ccd34b83e135ee8"",""66fd881c02e78a73bbfb01dc""],""politics"":[""66fcf297987cf42e49caaa44"",""66fcf297987cf42e49caaa5c"",""66fc32986ccd34b83e134bf1"",""670026a7326cf40ee3571927"",""66fcf298987cf42e49caaa80"",""670026a7326cf40ee3571921"",""66fd840802e78a73bbfae3f5"",""66fed5a4c028f523e051ca00"",""66fd840702e78a73bbfae3d7"",""66fcf297987cf42e49caaa56""]}",,"{""current affairs"":35,""sports"":54,""education"":29,""politics"":35}",,"2024-09-30T14:41:22.613Z",153,,"66fab89279cdf2f8c3cb8e15",12
"66c74acc88bebbaf4339712a","66f9b8c878419cc348a13a8b","[""technology"",""sports"",""lifestyle"",""current affairs""]","[""technology"",""lifestyle"",""sports"",""current affairs""]","{""sports"":2,""technology"":2,""current affairs"":2,""lifestyle"":2}",,"{""sports"":[""66fc33196ccd34b83e134faa"",""66fcf29f987cf42e49caab88"",""670027b7326cf40ee3571a8b"",""66fd85d902e78a73bbfaf4d8"",""66fcf2a0987cf42e49caaba6"",""66fd85db02e78a73bbfaf510"",""66fed700c028f523e051cd9e"",""66fc331a6ccd34b83e134fb9"",""66fcf29e987cf42e49caab5e"",""66fcf29e987cf42e49caab64""],""technology"":[""66fd851f02e78a73bbfaf0a2"",""67002795326cf40ee3571a52"",""66fd851e02e78a73bbfaf09b"",""66fd852102e78a73bbfaf0e2"",""66fd851f02e78a73bbfaf0a9"",""66fc32ef6ccd34b83e134e52"",""66fd851e02e78a73bbfaf094"",""66fc32ef6ccd34b83e134e67"",""67002794326cf40ee3571a2d"",""66fcf29d987cf42e49caab34""],""current affairs"":[""66ffde9eeab0094221f74bf0"",""66ffe08eeab0094221f75546"",""66ffe068eab0094221f7550c"",""66ffe042eab0094221f7519f"",""66ffe091eab0094221f755ae"",""66ffe042eab0094221f75197"",""66ffe043eab0094221f751b7"",""66ffe08eeab0094221f75556"",""66ffde9feab0094221f74c3f"",""66ffe08feab0094221f75566""],""lifestyle"":[""66fd897202e78a73bbfb092b"",""66feda99c028f523e051d6fd"",""66fcf2b0987cf42e49caae34"",""67002a4b326cf40ee3571e58"",""66fd897202e78a73bbfb0924"",""66feda9ac028f523e051d709"",""67002a4a326cf40ee3571e40"",""66fc36966ccd34b83e13636b"",""66feda9ac028f523e051d70f"",""67002a49326cf40ee3571e1c""]}",,"{""sports"":17,""technology"":7,""current affairs"":15,""lifestyle"":14}",,"2024-09-30T17:16:02.874Z",53,,"66fadcd279cdf2f8c3d6eb34",12
"661d1c43d3779bd18c70c9aa","66f9b8c878419cc348a13a8b","[""world"",""politics"",""business"",""current affairs""]","[]","{}",,"{}",,"{}",,"2024-10-01T02:51:34.338Z",0,,"66fb63b679cdf2f8c3e7afa5",0
"661d1b2215323b828c65ac04","66f9b8c878419cc348a13a8b","[""health"",""environment"",""crime"",""current affairs""]","[]","{""health"":1,""environment"":1,""crime"":1,""current affairs"":1}",,"{""health"":[""66fc33d16ccd34b83e13537a"",""66fc33d36ccd34b83e1353c8"",""670027d5326cf40ee3571b10"",""670027d6326cf40ee3571b16"",""66fed786c028f523e051d065""],""environment"":[""66fc34df6ccd34b83e13599d"",""66fcf2a5987cf42e49caac60"",""66fc34e06ccd34b83e1359b9"",""66fcf2a6987cf42e49caac96"",""66fcf2a6987cf42e49caac90""],""crime"":[""66fd879602e78a73bbfaff19"",""66fcf2a8987cf42e49caacea"",""66fc35916ccd34b83e135d20"",""66fcf2a9987cf42e49caacfc"",""670028f6326cf40ee3571ce9""],""current affairs"":[""66ffe042eab0094221f75197"",""66ffdea0eab0094221f74c6a"",""66ffde9eeab0094221f74c12"",""66ffe042eab0094221f751a7"",""66ffe067eab0094221f754e3""]}",,"{""health"":0,""environment"":0,""crime"":9,""current affairs"":0}",,"2024-10-01T05:37:06.774Z",9,,"66fb8a8279cdf2f8c3efc91e",4
"65fe496b205cf6d5f81e91fb","66f9b8c878419cc348a13a8b","[""health"",""food"",""environment"",""current affairs""]","[""food"",""health"",""environment"",""current affairs""]","{""food"":2,""health"":2,""environment"":2,""current affairs"":2}",,"{""food"":[""66fc36406ccd34b83e1361ad"",""66fcf2ae987cf42e49caadd4"",""66fcf2af987cf42e49caae0a"",""66fd88ab02e78a73bbfb0573"",""66fcf2b0987cf42e49caae22"",""66feda50c028f523e051d6d9"",""66fcf2ae987cf42e49caade6"",""66fc363f6ccd34b83e13617b"",""670029ef326cf40ee3571db2"",""66fc36416ccd34b83e1361c2""],""health"":[""66fcf2a1987cf42e49caabc4"",""66fc33d26ccd34b83e1353ac"",""66fcf2a0987cf42e49caabb8"",""66fd864b02e78a73bbfaf796"",""66fc33d26ccd34b83e13539e"",""66fed786c028f523e051d071"",""66fd864c02e78a73bbfaf7b2"",""66fd864c02e78a73bbfaf7c7"",""66fd864d02e78a73bbfaf7dd"",""670027d8326cf40ee3571b49""],""environment"":[""66fc34de6ccd34b83e13597a"",""66fed889c028f523e051d307"",""66fed888c028f523e051d2f5"",""66fc34e06ccd34b83e1359c0"",""670028cc326cf40ee3571c56"",""670028ce326cf40ee3571c8e"",""66fcf2a7987cf42e49caacb4"",""66fed887c028f523e051d2d7"",""66fd874302e78a73bbfafd08"",""66fcf2a5987cf42e49caac6c""],""current affairs"":[""66ffde9eeab0094221f74c12"",""66fbd372a18bef56ad0993e1"",""66ffe069eab0094221f7551c"",""66ffdea0eab0094221f74c6a"",""66ffe067eab0094221f754e3"",""66ffe067eab0094221f754eb"",""66ffe091eab0094221f755be"",""66ffe068eab0094221f75504"",""66ffe042eab0094221f751a7"",""66ffde9feab0094221f74c3f""]}",,"{""food"":31,""health"":60,""environment"":11,""current affairs"":36}",,"2024-10-01T07:04:55.975Z",138,,"66fb9f1779cdf2f8c3f6da27",12
"6613f4b0ce72abb1ce9abe46","66f9b8c878419cc348a13a8b","[""technology"",""tourism"",""world"",""current affairs""]","[]","{""technology"":1}",,"{""technology"":[""66fc32f06ccd34b83e134e84"",""66fc32ee6ccd34b83e134e3d"",""66fed65ac028f523e051cbd0"",""66fed658c028f523e051cba0"",""67002796326cf40ee3571a5e""]}",,"{""technology"":3}",,"2024-10-01T09:22:59.905Z",3,,"66fbbf73a8d91b3480168240",1
"6613f4c3ce72abb1ce9abe8e","66f9b8c878419cc348a13a8b","[""business"",""food"",""entertainment"",""current affairs""]","[""business""]","{""business"":2}",,"{""business"":[""66fed62fc028f523e051cb1e"",""66fc32c46ccd34b83e134d36"",""66fcf29a987cf42e49caaada"",""66fcf299987cf42e49caaaaa"",""66fc32c26ccd34b83e134cf0"",""66fcf299987cf42e49caaa9e"",""6700272b326cf40ee35719d2"",""66fcf29a987cf42e49caaabc"",""66fed631c028f523e051cb54"",""66fed62ec028f523e051cb12""]}",,"{""business"":7}",,"2024-10-01T09:22:59.749Z",7,,"66fbbf73a8d91b348016823d",2
"6613f4b8ce72abb1ce9abe61","66f9b8c878419cc348a13a8b","[""technology"",""education"",""crime"",""current affairs""]","[""technology"",""education""]","{""technology"":2,""education"":2}",,"{""technology"":[""67002794326cf40ee3571a33"",""66fed65ac028f523e051cbd6"",""66fed658c028f523e051cba6"",""67002795326cf40ee3571a58"",""67002795326cf40ee3571a52"",""66fed659c028f523e051cbb2"",""66fed659c028f523e051cbbe"",""66fc32f06ccd34b83e134e76"",""66fcf29d987cf42e49caab46"",""66fd852002e78a73bbfaf0db""],""education"":[""66fd881c02e78a73bbfb01d5"",""6700293c326cf40ee3571d4f"",""66fd881d02e78a73bbfb01f8"",""66fed996c028f523e051d618"",""66fd881e02e78a73bbfb021c"",""66fed994c028f523e051d5dc"",""66fcf2aa987cf42e49caad2c"",""66fc35dd6ccd34b83e135f0b"",""66fc35dc6ccd34b83e135eef"",""66fd881d02e78a73bbfb01ff""]}",,"{""technology"":18,""education"":14}",,"2024-10-01T09:23:01.150Z",32,,"66fbbf75a8d91b3480168258",4
"6613f4a8ce72abb1ce9abe2b","66f9b8c878419cc348a13a8b","[""science"",""education"",""politics"",""current affairs""]","[""science""]","{""science"":2,""education"":1}",,"{""science"":[""66fed7adc028f523e051d0b1"",""66fcf2a3987cf42e49caac24"",""66fc343b6ccd34b83e135628"",""67002804326cf40ee3571b95"",""66fc343b6ccd34b83e135621"",""66fd86cc02e78a73bbfafa6b"",""67002804326cf40ee3571b89"",""66fd86ce02e78a73bbfafa9c"",""66fcf2a2987cf42e49caac0c"",""66fcf2a3987cf42e49caac36""],""education"":[""6700293b326cf40ee3571d3d"",""66fd881c02e78a73bbfb01d5"",""66fcf2aa987cf42e49caad44"",""6700293b326cf40ee3571d37"",""66fd881c02e78a73bbfb01dc""]}",,"{""science"":7,""education"":7}",,"2024-10-01T09:23:01.629Z",14,,"66fbbf75a8d91b3480168261",3
"6613f4b2ce72abb1ce9abe4f","66f9b8c878419cc348a13a8b","[""politics"",""education"",""health"",""current affairs""]","[""politics""]","{""politics"":2,""education"":1}",,"{""politics"":[""66fed5a2c028f523e051c9cf"",""66fd840502e78a73bbfae39c"",""670026a6326cf40ee3571915"",""66fed5a3c028f523e051c9e7"",""670026a5326cf40ee35718f1"",""66fc32976ccd34b83e134bc6"",""66fc32966ccd34b83e134ba3"",""670026a5326cf40ee35718fd"",""66fc32986ccd34b83e134bea"",""66fed5a3c028f523e051c9e1""],""education"":[""66fed996c028f523e051d61e"",""66fc35dd6ccd34b83e135f12"",""66fed995c028f523e051d600"",""66fed994c028f523e051d5d6"",""66fcf2ab987cf42e49caad68""]}",,"{""politics"":18,""education"":0}",,"2024-10-01T09:23:02.273Z",18,,"66fbbf76a8d91b348016826d",3
"6613f4c8ce72abb1ce9abea3","66f9b8c878419cc348a13a8b","[""health"",""world"",""crime"",""current affairs""]","[""health""]","{""health"":2}",,"{""health"":[""670027d8326cf40ee3571b51"",""66fcf2a2987cf42e49caabee"",""670027d5326cf40ee3571b0a"",""66fd864d02e78a73bbfaf7d6"",""66fc33d16ccd34b83e135381"",""66fed786c028f523e051d065"",""670027d5326cf40ee3571b04"",""66fc33d16ccd34b83e135389"",""670027d6326cf40ee3571b22"",""66fed783c028f523e051d020""]}",,"{""health"":29}",,"2024-10-01T09:23:03.314Z",29,,"66fbbf77a8d91b3480168282",2
"6613f4c6ce72abb1ce9abe9a","66f9b8c878419cc348a13a8b","[""entertainment"",""lifestyle"",""environment"",""current affairs""]","[]","{}",,"{}",,"{}",,"2024-10-01T09:23:00.990Z",0,,"66fbbf74a8d91b3480168255",0
"6613f4bbce72abb1ce9abe70","66f9b8c878419cc348a13a8b","[""environment"",""politics"",""tourism"",""current affairs""]","[]","{""environment"":1}",,"{""environment"":[""66fd874402e78a73bbfafd24"",""66fed887c028f523e051d2d7"",""66fcf2a6987cf42e49caaca8"",""66fc34dd6ccd34b83e135965"",""66fc34df6ccd34b83e13599d""]}",,"{""environment"":3}",,"2024-10-01T09:23:01.468Z",3,,"66fbbf75a8d91b348016825e",1
"6613f4c0ce72abb1ce9abe85","66f9b8c878419cc348a13a8b","[""environment"",""tourism"",""crime"",""current affairs""]","[]","{""environment"":1}",,"{""environment"":[""66fed887c028f523e051d2d1"",""66fcf2a5987cf42e49caac66"",""66fd874502e78a73bbfafd4e"",""66fc34e06ccd34b83e1359b9"",""66fed886c028f523e051d2ae""]}",,"{""environment"":20}",,"2024-10-01T09:23:02.549Z",20,,"66fbbf76a8d91b3480168273",1
"6613f4c3ce72abb1ce9abe91","66f9b8c878419cc348a13a8b","[""science"",""business"",""technology"",""current affairs""]","[""science""]","{""science"":2}",,"{""science"":[""66fc343a6ccd34b83e1355f0"",""67002805326cf40ee3571ba7"",""66fcf2a3987cf42e49caac2a"",""66fcf2a4987cf42e49caac48"",""66fed7adc028f523e051d0b1"",""66fc343a6ccd34b83e135605"",""66fd86ce02e78a73bbfafa9c"",""66fc343c6ccd34b83e13562f"",""66fed7adc028f523e051d0bd"",""66fed7aec028f523e051d0c9""]}",,"{""science"":22}",,"2024-10-01T09:23:02.711Z",22,,"66fbbf76a8d91b3480168276",2
"6613f4b4ce72abb1ce9abe55","66f9b8c878419cc348a13a8b","[""entertainment"",""education"",""science"",""current affairs""]","[]","{""entertainment"":1}",,"{""entertainment"":[""66fed9c3c028f523e051d641"",""66fc36096ccd34b83e136062"",""66fc36066ccd34b83e136000"",""66fc36076ccd34b83e13602a"",""66fcf2ad987cf42e49caadb0""]}",,"{""entertainment"":6}",,"2024-10-01T09:23:03.790Z",6,,"66fbbf77a8d91b348016828b",1
"6613f4a6ce72abb1ce9abe22","66f9b8c878419cc348a13a8b","[""technology"",""environment"",""crime"",""current affairs""]","[]","{""technology"":1}",,"{""technology"":[""66fcf29d987cf42e49caab34"",""67002797326cf40ee3571a7d"",""66fcf29d987cf42e49caab46"",""67002795326cf40ee3571a52"",""66fc32f06ccd34b83e134e84""]}",,"{""technology"":2}",,"2024-10-01T09:23:00.391Z",2,,"66fbbf74a8d91b3480168249",1
"6613f4d5ce72abb1ce9abed9","66f9b8c878419cc348a13a8b","[""technology"",""business"",""environment"",""current affairs""]","[]","{""technology"":1}",,"{""technology"":[""66fed65ac028f523e051cbdc"",""66fd852102e78a73bbfaf0f7"",""66fd851e02e78a73bbfaf09b"",""66fcf29c987cf42e49caab22"",""66fcf29b987cf42e49caaaf8""]}",,"{""technology"":3}",,"2024-10-01T09:22:59.270Z",3,,"66fbbf73a8d91b3480168234",1
"6613f4cdce72abb1ce9abeb8","66f9b8c878419cc348a13a8b","[""politics"",""education"",""entertainment"",""current affairs""]","[""politics""]","{""politics"":2}",,"{""politics"":[""66fd840502e78a73bbfae39c"",""66fc32966ccd34b83e134b9c"",""66fcf297987cf42e49caaa50"",""66fed5a5c028f523e051ca1e"",""66fd840802e78a73bbfae404"",""66fd840702e78a73bbfae3e5"",""670026a5326cf40ee35718fd"",""66fd840702e78a73bbfae3d7"",""670026a8326cf40ee357193f"",""66fc32986ccd34b83e134be2""]}",,"{""politics"":0}",,"2024-10-01T09:22:59.429Z",0,,"66fbbf73a8d91b3480168237",2
"6613f4c2ce72abb1ce9abe8b","66f9b8c878419cc348a13a8b","[""politics"",""business"",""science"",""current affairs""]","[]","{}",,"{}",,"{}",,"2024-10-01T09:23:00.069Z",0,,"66fbbf74a8d91b3480168243",0
"6613f495ce72abb1ce9abde3","66f9b8c878419cc348a13a8b","[""tourism"",""education"",""food"",""current affairs""]","[""tourism""]","{""tourism"":2}",,"{""tourism"":[""66fc36c46ccd34b83e1364bc"",""67002aad326cf40ee3571ece"",""67002aaa326cf40ee3571e7a"",""66fcf2b3987cf42e49caaea6"",""66fedaf0c028f523e051d784"",""66fc36c36ccd34b83e1364a6"",""67002aac326cf40ee3571ea4"",""66fcf2b4987cf42e49caaec4"",""66fedaf0c028f523e051d790"",""66fd8a2602e78a73bbfb0f1e""]}",,"{""tourism"":10}",,"2024-10-01T09:22:59.590Z",10,,"66fbbf73a8d91b348016823a",2
"6613f4c1ce72abb1ce9abe88","66f9b8c878419cc348a13a8b","[""environment"",""crime"",""business"",""current affairs""]","[""environment""]","{""environment"":2}",,"{""environment"":[""66fc34de6ccd34b83e13597a"",""670028cc326cf40ee3571c4a"",""670028cd326cf40ee3571c6e"",""66fcf2a7987cf42e49caacba"",""66fcf2a7987cf42e49caacae"",""66fed888c028f523e051d2e3"",""66fc34df6ccd34b83e13599d"",""670028ce326cf40ee3571c87"",""670028cd326cf40ee3571c62"",""66fd874202e78a73bbfafcf3""]}",,"{""environment"":9}",,"2024-10-01T09:23:01.949Z",9,,"66fbbf75a8d91b3480168267",2
"6613f4c9ce72abb1ce9abea6","66f9b8c878419cc348a13a8b","[""sports"",""entertainment"",""science"",""current affairs""]","[""sports"",""entertainment""]","{""sports"":2,""entertainment"":2}",,"{""sports"":[""66fed700c028f523e051cda4"",""66fd85dc02e78a73bbfaf526"",""670027b9326cf40ee3571abb"",""66fc331a6ccd34b83e134fb9"",""66fd85da02e78a73bbfaf4df"",""670027b8326cf40ee3571aa3"",""66fed700c028f523e051cdaa"",""670027b9326cf40ee3571ac1"",""66fcf29e987cf42e49caab64"",""66fc331a6ccd34b83e134fb2""],""entertainment"":[""66fc36086ccd34b83e136046"",""66fd886b02e78a73bbfb03ca"",""66fd886c02e78a73bbfb03d8"",""66fed9c6c028f523e051d68f"",""66fed9c4c028f523e051d653"",""66fc36066ccd34b83e136000"",""66fd886b02e78a73bbfb03bc"",""66fd886a02e78a73bbfb03a7"",""66fd886c02e78a73bbfb03e6"",""66fed9c5c028f523e051d66b""]}",,"{""sports"":15,""entertainment"":10}",,"2024-10-01T09:23:03.469Z",25,,"66fbbf77a8d91b3480168285",4
"6613f4dfce72abb1ce9abf03","66f9b8c878419cc348a13a8b","[""world"",""business"",""food"",""current affairs""]","[""world""]","{""world"":2}",,"{""world"":[""66fcf295987cf42e49caaa14"",""66fc32236ccd34b83e1348ec"",""66fcf294987cf42e49caa9f0"",""66fc32246ccd34b83e134901"",""66fcf296987cf42e49caaa38"",""66fd83c902e78a73bbfae0a2"",""6700264f326cf40ee35717b3"",""66fc32256ccd34b83e134916"",""66fd83cb02e78a73bbfae0e9"",""66fcf295987cf42e49caaa0e""]}",,"{""world"":18}",,"2024-10-01T09:23:00.709Z",18,,"66fbbf74a8d91b348016824f",2
"6613f494ce72abb1ce9abddf","66f9b8c878419cc348a13a8b","[""lifestyle"",""world"",""politics"",""current affairs""]","[""lifestyle""]","{""lifestyle"":2}",,"{""lifestyle"":[""66fcf2b2987cf42e49caae64"",""67002a49326cf40ee3571e16"",""66feda9bc028f523e051d733"",""67002a4c326cf40ee3571e6a"",""66fd897302e78a73bbfb094e"",""66fc36976ccd34b83e136380"",""66fc36976ccd34b83e136379"",""66fcf2b1987cf42e49caae52"",""66fd897502e78a73bbfb0980"",""67002a4a326cf40ee3571e3a""]}",,"{""lifestyle"":0}",,"2024-10-01T09:23:00.829Z",0,,"66fbbf74a8d91b3480168252",2
"6613f4a7ce72abb1ce9abe28","66f9b8c878419cc348a13a8b","[""education"",""environment"",""food"",""current affairs""]","[""education""]","{""education"":2}",,"{""education"":[""66fcf2aa987cf42e49caad32"",""66fd881f02e78a73bbfb0223"",""66fcf2ab987cf42e49caad5c"",""66fcf2aa987cf42e49caad26"",""6700293c326cf40ee3571d49"",""6700293c326cf40ee3571d4f"",""66fcf2aa987cf42e49caad2c"",""6700293c326cf40ee3571d5b"",""66fed994c028f523e051d5ee"",""6700293d326cf40ee3571d67""]}",,"{""education"":8}",,"2024-10-01T09:23:02.109Z",8,,"66fbbf76a8d91b348016826a",2
"6613f4d3ce72abb1ce9abed3","66f9b8c878419cc348a13a8b","[""crime"",""tourism"",""business"",""current affairs""]","[""crime""]","{""crime"":2}",,"{""crime"":[""670028f7326cf40ee3571d07"",""670028f6326cf40ee3571cfb"",""670028f7326cf40ee3571d01"",""66fcf2a8987cf42e49caacf0"",""66fc35926ccd34b83e135d4a"",""66fed967c028f523e051d58b"",""66fd879602e78a73bbfaff09"",""66fc35936ccd34b83e135d6d"",""670028f5326cf40ee3571ccb"",""66fcf2a7987cf42e49caacc0""]}",,"{""crime"":34}",,"2024-10-01T09:23:03.150Z",34,,"66fbbf77a8d91b348016827f",2
"6613f4c4ce72abb1ce9abe94","66f9b8c878419cc348a13a8b","[""technology"",""science"",""world"",""current affairs""]","[""technology""]","{""technology"":2}",,"{""technology"":[""66fd852102e78a73bbfaf0f7"",""66fd852002e78a73bbfaf0db"",""66fcf29d987cf42e49caab2e"",""66fcf29c987cf42e49caab28"",""66fed65ac028f523e051cbd6"",""66fcf29b987cf42e49caaaf8"",""66fc32f16ccd34b83e134e92"",""66fed65ac028f523e051cbc4"",""66fed65bc028f523e051cbe2"",""66fd852002e78a73bbfaf0c6""]}",,"{""technology"":0}",,"2024-10-01T09:23:01.311Z",0,,"66fbbf75a8d91b348016825b",2
"6613f4d6ce72abb1ce9abedc","66f9b8c878419cc348a13a8b","[""world"",""technology"",""crime"",""current affairs""]","[""world""]","{""world"":2}",,"{""world"":[""67002651326cf40ee35717d6"",""66fcf294987cf42e49caa9e4"",""66fc32236ccd34b83e1348ec"",""67002651326cf40ee35717e4"",""66fc32266ccd34b83e13493a"",""66fc32246ccd34b83e1348fa"",""66fd83ca02e78a73bbfae0be"",""66fd83c902e78a73bbfae0b7"",""66fcf295987cf42e49caa9f6"",""67002650326cf40ee35717cf""]}",,"{""world"":17}",,"2024-10-01T09:23:02.429Z",17,,"66fbbf76a8d91b3480168270",2
"6613f4afce72abb1ce9abe43","66f9b8c878419cc348a13a8b","[""sports"",""science"",""crime"",""current affairs""]","[""sports""]","{""sports"":2}",,"{""sports"":[""66fed6fdc028f523e051cd5d"",""670027b8326cf40ee3571a9d"",""66fd85d902e78a73bbfaf4d8"",""66fd85da02e78a73bbfaf4ed"",""66fc33186ccd34b83e134f79"",""66fed6ffc028f523e051cd92"",""66fc33186ccd34b83e134f80"",""66fed6ffc028f523e051cd8a"",""66fcf29e987cf42e49caab58"",""66fd85d902e78a73bbfaf4d1""]}",,"{""sports"":7}",,"2024-10-01T09:23:02.831Z",7,,"66fbbf76a8d91b3480168279",2
"6613f4b7ce72abb1ce9abe5e","66f9b8c878419cc348a13a8b","[""science"",""entertainment"",""education"",""current affairs""]","[""science""]","{""science"":2,""entertainment"":1}",,"{""science"":[""66fc34396ccd34b83e1355e1"",""66fd86ce02e78a73bbfafa9c"",""66fc343b6ccd34b83e135628"",""66fcf2a3987cf42e49caac30"",""66fed7aec028f523e051d0c3"",""66fd86cc02e78a73bbfafa5d"",""67002803326cf40ee3571b71"",""66fc34396ccd34b83e1355d2"",""66fd86cd02e78a73bbfafa87"",""66fd86cd02e78a73bbfafa8e""],""entertainment"":[""66fc36086ccd34b83e13603f"",""66fcf2ad987cf42e49caadb6"",""66fcf2ad987cf42e49caadbc"",""66fd886d02e78a73bbfb03ed"",""66fc36076ccd34b83e13602a""]}",,"{""science"":3,""entertainment"":0}",,"2024-10-01T09:23:03.629Z",3,,"66fbbf77a8d91b3480168288",3
"6613f4a0ce72abb1ce9abe10","66f9b8c878419cc348a13a8b","[""crime"",""science"",""lifestyle"",""current affairs""]","[]","{""crime"":1}",,"{""crime"":[""66fc35916ccd34b83e135d20"",""66fed968c028f523e051d599"",""66fcf2a9987cf42e49caad1a"",""670028f7326cf40ee3571d01"",""66fcf2a8987cf42e49caacde""]}",,"{""crime"":2}",,"2024-10-01T09:23:02.989Z",2,,"66fbbf76a8d91b348016827c",1
"6613f4bfce72abb1ce9abe7f","66f9b8c878419cc348a13a8b","[""lifestyle"",""environment"",""business"",""current affairs""]","[]","{""lifestyle"":1}",,"{""lifestyle"":[""67002a4b326cf40ee3571e58"",""66feda9bc028f523e051d72d"",""66fc36976ccd34b83e136395"",""66feda99c028f523e051d6fd"",""66feda9ac028f523e051d709""]}",,"{""lifestyle"":0}",,"2024-10-01T09:23:00.230Z",0,,"66fbbf74a8d91b3480168246",1
"6613f4c7ce72abb1ce9abea0","66f9b8c878419cc348a13a8b","[""tourism"",""technology"",""health"",""current affairs""]","[]","{""tourism"":1}",,"{""tourism"":[""66fcf2b3987cf42e49caaea6"",""66fd8a2602e78a73bbfb0f25"",""66fedaf0c028f523e051d79c"",""66fcf2b3987cf42e49caae88"",""67002aac326cf40ee3571eb6""]}",,"{""tourism"":0}",,"2024-10-01T09:23:00.556Z",0,,"66fbbf74a8d91b348016824c",1
"6613f4d4ce72abb1ce9abed6","66f9b8c878419cc348a13a8b","[""politics"",""business"",""education"",""current affairs""]","[]","{}",,"{}",,"{}",,"2024-10-01T09:23:01.789Z",0,,"66fbbf75a8d91b3480168264",0
"65b1ebbc90ba2e3794e9696d","66f9b8c878419cc348a13a8b","[""technology"",""health"",""world"",""current affairs""]","[""current affairs"",""world"",""technology"",""health""]","{""current affairs"":2,""world"":2,""technology"":2,""health"":2}",,"{""current affairs"":[""66ffe042eab0094221f75197"",""66ffdea1eab0094221f74c76"",""66ffe068eab0094221f75504"",""66ffe090eab0094221f7557e"",""66ffe067eab0094221f754eb"",""66ffe08eeab0094221f75556"",""66ffde9eeab0094221f74bf0"",""66ffe08feab0094221f75566"",""66ffe090eab0094221f75586"",""66ffe041eab0094221f75187""],""world"":[""66fd83ca02e78a73bbfae0cc"",""66fc32246ccd34b83e13490f"",""6700264f326cf40ee35717a6"",""66fc32246ccd34b83e134901"",""66fc32266ccd34b83e134932"",""66fd83c802e78a73bbfae094"",""66fd83cb02e78a73bbfae0e9"",""66fcf296987cf42e49caaa2c"",""67002651326cf40ee35717d6"",""66fc32276ccd34b83e13494f""],""technology"":[""66fd852102e78a73bbfaf0f7"",""66fd852102e78a73bbfaf0e9"",""66fed658c028f523e051cba6"",""66fd851f02e78a73bbfaf0a2"",""66fcf29e987cf42e49caab52"",""66fc32f16ccd34b83e134e92"",""66fd852002e78a73bbfaf0d4"",""66fcf29c987cf42e49caab22"",""66fed65bc028f523e051cbe8"",""66fc32f06ccd34b83e134e7d""],""health"":[""66fc33d36ccd34b83e1353c1"",""66fed785c028f523e051d05e"",""670027d8326cf40ee3571b49"",""66fed786c028f523e051d065"",""66fcf2a1987cf42e49caabe8"",""66fed783c028f523e051d02c"",""670027d8326cf40ee3571b57"",""66fed784c028f523e051d046"",""66fc33d26ccd34b83e1353ac"",""66fd864d02e78a73bbfaf7dd""]}",,"{""current affairs"":34,""world"":79,""technology"":30,""health"":15}",,"2024-10-01T13:48:45.741Z",158,,"66fbfdbd6ccd34b83e0aa643",12
"667d9d31ede918c194e96af9","66f9b8c878419cc348a13a8b","[""food"",""entertainment"",""health"",""current affairs""]","[""entertainment"",""food"",""health"",""current affairs""]","{""food"":2,""entertainment"":2,""current affairs"":2,""health"":2}",,"{""food"":[""66fd88ab02e78a73bbfb0581"",""66feda50c028f523e051d6c7"",""66fc36406ccd34b83e1361b4"",""66fcf2af987cf42e49caadec"",""66fcf2b0987cf42e49caae16"",""66fc36416ccd34b83e1361c2"",""66feda4ec028f523e051d6a3"",""66fcf2ae987cf42e49caadda"",""66fd88a902e78a73bbfb0542"",""66fc363e6ccd34b83e136166""],""entertainment"":[""66fed9c4c028f523e051d653"",""66fc36076ccd34b83e13602a"",""66fcf2ac987cf42e49caad86"",""66fc36096ccd34b83e136062"",""66fcf2ad987cf42e49caada4"",""66fd886c02e78a73bbfb03df"",""66fd886d02e78a73bbfb0402"",""66fcf2ad987cf42e49caad98"",""66fc36066ccd34b83e136015"",""66fed9c5c028f523e051d67d""],""current affairs"":[""66ffdea0eab0094221f74c49"",""66ffde9eeab0094221f74c12"",""66ffe042eab0094221f7519f"",""66ffe041eab0094221f75187"",""66ffde9feab0094221f74c34"",""66ffe068eab0094221f7550c"",""66ffe068eab0094221f75504"",""66ffdea0eab0094221f74c5f"",""66ffe091eab0094221f755b6"",""66ffde9feab0094221f74c29""],""health"":[""66fcf2a1987cf42e49caabe8"",""670027d6326cf40ee3571b1c"",""66fcf2a0987cf42e49caabb8"",""66fc33d16ccd34b83e135381"",""66fc33d16ccd34b83e135389"",""66fd864c02e78a73bbfaf7c0"",""670027d6326cf40ee3571b16"",""66fcf2a2987cf42e49caabfa"",""66fcf2a0987cf42e49caabbe"",""66fcf2a0987cf42e49caabb2""]}",,"{""food"":16,""entertainment"":9,""current affairs"":15,""health"":27}",,"2024-10-01T17:09:23.830Z",67,,"66fc2cc36ccd34b83e132a82",12
"66210e6094d2c53bd0b70ccc","66f9b8c878419cc348a13a8b","[""lifestyle"",""food"",""technology"",""current affairs""]","[]","{""lifestyle"":1,""food"":1,""technology"":1}",,"{""lifestyle"":[""66fc36986ccd34b83e13639c"",""66fcf2b2987cf42e49caae76"",""66fc36976ccd34b83e136379"",""66feda9ac028f523e051d70f"",""67002a4c326cf40ee3571e6a""],""food"":[""670029f2326cf40ee3571dfa"",""670029ef326cf40ee3571db2"",""66fcf2af987cf42e49caae0a"",""66fcf2ae987cf42e49caade0"",""670029f2326cf40ee3571df4""],""technology"":[""66fed659c028f523e051cbac"",""66fd852102e78a73bbfaf0e9"",""66fed658c028f523e051cba6"",""66fcf29c987cf42e49caab28"",""67002796326cf40ee3571a64""]}",,"{""lifestyle"":2,""food"":2,""technology"":2}",,"2024-10-02T03:44:25.967Z",6,,"66fcc1996ccd34b83e2460e7",3
"6613f4c9ce72abb1ce9abea9","66f9b8c878419cc348a13a8b","[""crime"",""health"",""education"",""current affairs""]","[""crime"",""health""]","{""crime"":2,""health"":2}",,"{""crime"":[""66fc35936ccd34b83e135d66"",""670028f4326cf40ee3571cc5"",""66fd879802e78a73bbfaff51"",""66fcf2a7987cf42e49caacc0"",""670028f6326cf40ee3571ce9"",""66fed967c028f523e051d576"",""66fed966c028f523e051d561"",""670028f6326cf40ee3571cf5"",""66fd879902e78a73bbfaff68"",""66fed968c028f523e051d592""],""health"":[""66fcf2a1987cf42e49caabd0"",""670027d7326cf40ee3571b35"",""66fc33d26ccd34b83e135397"",""66fc33d36ccd34b83e1353ba"",""66fc33d16ccd34b83e135381"",""66fd864c02e78a73bbfaf7c7"",""66fed783c028f523e051d01a"",""66fd864d02e78a73bbfaf7d6"",""66fcf2a1987cf42e49caabdc"",""66fcf2a0987cf42e49caabb8""]}",,"{""crime"":3,""health"":9}",,"2024-10-02T06:30:03.977Z",12,,"66fce86b6ccd34b83e2d9774",4
"6613f4a2ce72abb1ce9abe16","66f9b8c878419cc348a13a8b","[""entertainment"",""technology"",""world"",""current affairs""]","[""entertainment""]","{""entertainment"":2}",,"{""entertainment"":[""66fc36076ccd34b83e136031"",""66fcf2ae987cf42e49caadc8"",""66fed9c5c028f523e051d67d"",""66fcf2ad987cf42e49caadbc"",""66fd886d02e78a73bbfb0402"",""66fc36066ccd34b83e136015"",""66fed9c4c028f523e051d653"",""66fed9c4c028f523e051d65f"",""66fc36076ccd34b83e13602a"",""66fc36076ccd34b83e13601c""]}",,"{""entertainment"":2}",,"2024-10-02T06:30:03.312Z",2,,"66fce86b6ccd34b83e2d9743",2
"6613f4e0ce72abb1ce9abf06","66f9b8c878419cc348a13a8b","[""world"",""technology"",""health"",""current affairs""]","[]","{}",,"{}",,"{}",,"2024-10-02T06:30:05.956Z",0,,"66fce86d6ccd34b83e2d9782",0
"6613f4cbce72abb1ce9abeaf","66f9b8c878419cc348a13a8b","[""crime"",""politics"",""world"",""current affairs""]","[""crime""]","{""crime"":2}",,"{""crime"":[""66fcf2a9987cf42e49caad02"",""66fc35916ccd34b83e135d27"",""66fd879702e78a73bbfaff31"",""66fc35906ccd34b83e135d0b"",""66fd879702e78a73bbfaff21"",""670028f6326cf40ee3571ce9"",""670028f6326cf40ee3571cf5"",""670028f6326cf40ee3571cfb"",""66fd879802e78a73bbfaff51"",""670028f6326cf40ee3571cef""]}",,"{""crime"":33}",,"2024-10-02T06:30:04.418Z",33,,"66fce86c6ccd34b83e2d9779",2
"6613f495ce72abb1ce9abde6","66f9b8c878419cc348a13a8b","[""education"",""politics"",""environment"",""current affairs""]","[]","{""education"":1}",,"{""education"":[""66fc35de6ccd34b83e135f21"",""66fcf2ab987cf42e49caad6e"",""66fcf2aa987cf42e49caad2c"",""66fed994c028f523e051d5ee"",""6700293c326cf40ee3571d4f""]}",,"{""education"":9}",,"2024-10-02T06:30:07.073Z",9,,"66fce86f6ccd34b83e2d9788",1
"6613f4b3ce72abb1ce9abe52","66f9b8c878419cc348a13a8b","[""business"",""crime"",""environment"",""current affairs""]","[]","{}",,"{}",,"{}",,"2024-10-02T06:30:05.517Z",0,,"66fce86d6ccd34b83e2d977f",0
"6613f4c0ce72abb1ce9abe82","66f9b8c878419cc348a13a8b","[""business"",""education"",""sports"",""current affairs""]","[]","{}",,"{}",,"{}",,"2024-10-02T06:30:07.510Z",0,,"66fce86f6ccd34b83e2d978b",0
"660161af451e8641829f6113","66f9b8c878419cc348a13a8b","[""tourism"",""world"",""technology"",""current affairs""]","[""tourism"",""world"",""technology"",""current affairs""]","{""tourism"":2,""world"":2,""technology"":2,""current affairs"":2}",,"{""tourism"":[""67002aab326cf40ee3571e86"",""67002aac326cf40ee3571eaa"",""66fc36c46ccd34b83e1364bc"",""67002aad326cf40ee3571ece"",""66fd8a2502e78a73bbfb0ef3"",""66fc36c26ccd34b83e13648a"",""66fd8a2602e78a73bbfb0f25"",""66fcf2b4987cf42e49caaebe"",""66fedaefc028f523e051d77e"",""66fd8a2702e78a73bbfb0f46""],""world"":[""66fc32236ccd34b83e1348e5"",""67002650326cf40ee35717c1"",""66fd83c802e78a73bbfae08d"",""66fd83cb02e78a73bbfae0f7"",""66fc32266ccd34b83e13493a"",""66fc32276ccd34b83e13494f"",""66fc32266ccd34b83e134932"",""66fd83ca02e78a73bbfae0d4"",""66fcf296987cf42e49caaa2c"",""66fc32246ccd34b83e1348fa""],""technology"":[""66fed659c028f523e051cbb2"",""66fcf29c987cf42e49caab22"",""66fd851f02e78a73bbfaf0b7"",""66fed658c028f523e051cba0"",""66fed65ac028f523e051cbc4"",""66fc32ee6ccd34b83e134e4b"",""66fc32f16ccd34b83e134e92"",""67002797326cf40ee3571a7d"",""66fcf29c987cf42e49caab10"",""67002796326cf40ee3571a5e""],""current affairs"":[""66ffde9feab0094221f74c1d"",""66ffe08eeab0094221f75556"",""66ffde9feab0094221f74c29"",""66ffe08eeab0094221f7554e"",""66ffe042eab0094221f751a7"",""66ffe090eab0094221f7557e"",""66ffe090eab0094221f75586"",""66ffdea0eab0094221f74c49"",""66ffde9eeab0094221f74c07"",""66ffe041eab0094221f75187""]}",,"{""tourism"":85,""world"":34,""technology"":27,""current affairs"":10}",,"2024-10-02T06:48:36.916Z",156,,"66fcecc413458461ff532525",12
"660167b035a59cd25a6b1d3c","66f9b8c878419cc348a13a8b","[""sports"",""health"",""entertainment"",""current affairs""]","[""sports"",""health"",""entertainment"",""current affairs""]","{""sports"":2,""health"":2,""entertainment"":2,""current affairs"":2}",,"{""sports"":[""670027b8326cf40ee3571aa9"",""66fed6fec028f523e051cd76"",""66fc331a6ccd34b83e134fb2"",""66fed700c028f523e051cdaa"",""66fd85d902e78a73bbfaf4ca"",""66fc33186ccd34b83e134f8e"",""66fc33196ccd34b83e134f9c"",""66fd85dc02e78a73bbfaf52e"",""66fc33196ccd34b83e134faa"",""670027b8326cf40ee3571a9d""],""health"":[""66fc33d26ccd34b83e13539e"",""66fed785c028f523e051d058"",""66fcf2a0987cf42e49caabb8"",""66fed785c028f523e051d05e"",""66fed786c028f523e051d065"",""66fed786c028f523e051d071"",""66fc33d26ccd34b83e1353ac"",""66fc33d26ccd34b83e135397"",""66fd864a02e78a73bbfaf788"",""66fed783c028f523e051d020""],""entertainment"":[""66fd886d02e78a73bbfb03f4"",""66fcf2ae987cf42e49caadce"",""66fed9c5c028f523e051d671"",""66fd886a02e78a73bbfb03a0"",""66fd886b02e78a73bbfb03c3"",""66fcf2ad987cf42e49caada4"",""66fc36086ccd34b83e13604d"",""66fd886b02e78a73bbfb03bc"",""66fc36076ccd34b83e136023"",""66fcf2ad987cf42e49caad9e""],""current affairs"":[""66fbd372a18bef56ad0993e1"",""66ffdea0eab0094221f74c54"",""66ffe068eab0094221f754f3"",""66ffe069eab0094221f7551c"",""66ffe090eab0094221f75596"",""66ffe090eab0094221f75586"",""66ffe08feab0094221f7556e"",""66ffe067eab0094221f754e3"",""66ffe068eab0094221f75504"",""66ffde9feab0094221f74c34""]}",,"{""sports"":29,""health"":55,""entertainment"":55,""current affairs"":58}",,"2024-10-02T09:53:51.204Z",197,,"66fd182f13458461ff535fe9",12
"6613f497ce72abb1ce9abdec","66f9b8c878419cc348a13a8b","[""food"",""crime"",""world"",""current affairs""]","[""food""]","{""food"":2}",,"{""food"":[""66fcf2b0987cf42e49caae22"",""670029f1326cf40ee3571ddc"",""670029f1326cf40ee3571dd6"",""66fcf2b0987cf42e49caae28"",""66fd88aa02e78a73bbfb055e"",""66fcf2af987cf42e49caae0a"",""66fcf2af987cf42e49caae04"",""66fcf2af987cf42e49caadf8"",""66fc363f6ccd34b83e136182"",""66feda4ec028f523e051d6a3""]}",,"{""food"":33}",,"2024-10-03T10:41:56.971Z",33,,"66fe74f41bfd70887b089116",2
"6613f498ce72abb1ce9abdef","66f9b8c878419cc348a13a8b","[""business"",""lifestyle"",""environment"",""current affairs""]","[""business""]","{""business"":2,""lifestyle"":1}",,"{""business"":[""66fed62ec028f523e051cb18"",""67002728326cf40ee3571995"",""6700272a326cf40ee35719c5"",""66fc32c26ccd34b83e134cf7"",""66fed62fc028f523e051cb1e"",""66fcf299987cf42e49caaaaa"",""66fed62fc028f523e051cb36"",""66fcf29b987cf42e49caaaec"",""66fc32c16ccd34b83e134ce9"",""66fc32c36ccd34b83e134d21""],""lifestyle"":[""66fcf2b2987cf42e49caae5e"",""66fc36966ccd34b83e13635d"",""66fcf2b2987cf42e49caae82"",""66fd897402e78a73bbfb0963"",""67002a4b326cf40ee3571e46""]}",,"{""business"":31,""lifestyle"":0}",,"2024-10-03T10:41:57.167Z",31,,"66fe74f51bfd70887b08911a",3
"6613f4aace72abb1ce9abe31","66f9b8c878419cc348a13a8b","[""crime"",""lifestyle"",""science"",""current affairs""]","[""crime""]","{""crime"":2}",,"{""crime"":[""66fcf2a9987cf42e49caad02"",""66fc35916ccd34b83e135d35"",""66fcf2a8987cf42e49caacd8"",""670028f5326cf40ee3571cd7"",""66fed967c028f523e051d58b"",""66fc35926ccd34b83e135d51"",""66fd879902e78a73bbfaff68"",""670028f6326cf40ee3571cfb"",""66fd879802e78a73bbfaff51"",""66fd879802e78a73bbfaff59""]}",,"{""crime"":27}",,"2024-10-03T10:41:57.285Z",27,,"66fe74f51bfd70887b08911d",2
"6613f4bece72abb1ce9abe79","66f9b8c878419cc348a13a8b","[""crime"",""environment"",""tourism"",""current affairs""]","[""crime""]","{""crime"":2}",,"{""crime"":[""66fed966c028f523e051d559"",""66fd879802e78a73bbfaff51"",""66fed967c028f523e051d584"",""670028f6326cf40ee3571cef"",""66fd879602e78a73bbfaff09"",""66fc35926ccd34b83e135d3c"",""66fd879802e78a73bbfaff49"",""66fc358f6ccd34b83e135cfd"",""66fcf2a8987cf42e49caacf0"",""66fed968c028f523e051d5a7""]}",,"{""crime"":24}",,"2024-10-03T10:41:57.480Z",24,,"66fe74f51bfd70887b089121",2
"6613f4dece72abb1ce9abf00","66f9b8c878419cc348a13a8b","[""technology"",""environment"",""tourism"",""current affairs""]","[""technology""]","{""technology"":2}",,"{""technology"":[""66fd852002e78a73bbfaf0c6"",""66fd852102e78a73bbfaf0f7"",""67002795326cf40ee3571a46"",""66fd851f02e78a73bbfaf0a9"",""67002795326cf40ee3571a4c"",""66fc32ee6ccd34b83e134e44"",""67002797326cf40ee3571a7d"",""66fed65ac028f523e051cbc4"",""66fcf29c987cf42e49caab22"",""66fc32f16ccd34b83e134e92""]}",,"{""technology"":17}",,"2024-10-03T10:41:57.657Z",17,,"66fe74f51bfd70887b089125",2
"6613f4dace72abb1ce9abeee","66f9b8c878419cc348a13a8b","[""politics"",""lifestyle"",""entertainment"",""current affairs""]","[]","{""politics"":1}",,"{""politics"":[""66fc32966ccd34b83e134bb1"",""670026a6326cf40ee3571915"",""66fed5a4c028f523e051c9f9"",""66fc32976ccd34b83e134bb8"",""66fcf298987cf42e49caaa7a""]}",,"{""politics"":3}",,"2024-10-03T10:41:57.815Z",3,,"66fe74f51bfd70887b089128",1
"6613f4cece72abb1ce9abebe","66f9b8c878419cc348a13a8b","[""business"",""health"",""tourism"",""current affairs""]","[]","{}",,"{}",,"{}",,"2024-10-03T10:41:58.054Z",0,,"66fe74f61bfd70887b08912c",0
"6680d5060ac30fd7f0a09733","66f9b8c878419cc348a13a8b","[""world"",""environment"",""crime"",""current affairs""]","[]","{""world"":1,""environment"":1,""crime"":1,""current affairs"":1}",,"{""world"":[""66fcf296987cf42e49caaa26"",""66fc32246ccd34b83e1348fa"",""66fc32246ccd34b83e134901"",""66fd83cb02e78a73bbfae0f7"",""66fc32256ccd34b83e134924""],""environment"":[""66fc34df6ccd34b83e1359a4"",""66fd874402e78a73bbfafd24"",""66fd874202e78a73bbfafcfa"",""66fcf2a6987cf42e49caaca2"",""670028cd326cf40ee3571c6e""],""crime"":[""66fed967c028f523e051d57d"",""66fc35936ccd34b83e135d6d"",""66fd879702e78a73bbfaff31"",""66fed966c028f523e051d559"",""66fd879702e78a73bbfaff39""],""current affairs"":[""66ffe069eab0094221f75514"",""66ffe090eab0094221f7557e"",""66ffdea0eab0094221f74c54"",""66ffe091eab0094221f755b6"",""66ffde9eeab0094221f74bfc""]}",,"{""world"":8,""environment"":32,""crime"":10,""current affairs"":11}",,"2024-10-03T13:40:52.485Z",61,,"66fe9ee4c028f523e04460bc",4
"65fd330b85a20fc084e1168b","66f9b8c878419cc348a13a8b","[""tourism"",""food"",""sports"",""current affairs""]","[""tourism"",""food"",""sports"",""current affairs""]","{""tourism"":2,""food"":2,""sports"":2,""current affairs"":2}",,"{""tourism"":[""66fd8a2602e78a73bbfb0f25"",""66fc36c36ccd34b83e1364a6"",""66fc36c26ccd34b83e13647c"",""66fcf2b3987cf42e49caae88"",""67002aad326cf40ee3571ec2"",""66fedaf1c028f523e051d7a2"",""66fc36c36ccd34b83e13649f"",""66fcf2b3987cf42e49caae94"",""66fcf2b4987cf42e49caaeb2"",""66fcf2b4987cf42e49caaeac""],""food"":[""670029f3326cf40ee3571e0c"",""66feda4ec028f523e051d69d"",""66fd88aa02e78a73bbfb056c"",""670029f0326cf40ee3571dbe"",""66feda4fc028f523e051d6af"",""670029f2326cf40ee3571df4"",""66fc36416ccd34b83e1361bb"",""66fd88ab02e78a73bbfb0581"",""670029f1326cf40ee3571ddc"",""66fc363e6ccd34b83e136174""],""sports"":[""66fd85d902e78a73bbfaf4d8"",""670027b9326cf40ee3571abb"",""670027b7326cf40ee3571a8b"",""66fc331a6ccd34b83e134fb2"",""66fcf29f987cf42e49caab94"",""66fed6ffc028f523e051cd7c"",""66fed6ffc028f523e051cd98"",""670027b9326cf40ee3571ab5"",""66fc33196ccd34b83e134f9c"",""66fcf29f987cf42e49caab88""],""current affairs"":[""66ffe091eab0094221f755be"",""66ffe043eab0094221f751bf"",""66ffe068eab0094221f754f3"",""66ffe042eab0094221f7519f"",""66ffde9eeab0094221f74c07"",""66ffdea0eab0094221f74c6a"",""66ffdea0eab0094221f74c5f"",""66ffde9eeab0094221f74bf0"",""66ffe067eab0094221f754e3"",""66ffde9feab0094221f74c1d""]}",,"{""tourism"":13,""food"":8,""sports"":25,""current affairs"":3}",,"2024-10-03T17:48:58.532Z",49,,"66fed90ac028f523e051d48d",12
"6613f4d9ce72abb1ce9abee8","66f9b8c878419cc348a13a8b","[""world"",""food"",""health"",""current affairs""]","[]","{}",,"{}",,"{}",,"2024-10-04T06:30:02.578Z",0,,"66ff8b6ac028f523e06d1de3",0
"6613f4ddce72abb1ce9abefa","66f9b8c878419cc348a13a8b","[""tourism"",""business"",""technology"",""current affairs""]","[]","{}",,"{}",,"{}",,"2024-10-04T06:30:03.021Z",0,,"66ff8b6bc028f523e06d1de8",0
"6613f4d8ce72abb1ce9abee5","66f9b8c878419cc348a13a8b","[""education"",""science"",""tourism"",""current affairs""]","[]","{}",,"{}",,"{}",,"2024-10-04T06:30:03.457Z",0,,"66ff8b6bc028f523e06d1dee",0
"6613f4b5ce72abb1ce9abe58","66f9b8c878419cc348a13a8b","[""technology"",""entertainment"",""environment"",""current affairs""]","[]","{""technology"":1}",,"{""technology"":[""66fc32ee6ccd34b83e134e3d"",""66fd851f02e78a73bbfaf0a2"",""67002794326cf40ee3571a33"",""66fed65ac028f523e051cbd0"",""66fcf29b987cf42e49caaafe""]}",,"{""technology"":8}",,"2024-10-04T06:30:03.904Z",8,,"66ff8b6bc028f523e06d1df4",1
"6613f4c6ce72abb1ce9abe9d","66f9b8c878419cc348a13a8b","[""tourism"",""business"",""lifestyle"",""current affairs""]","[]","{""tourism"":1}",,"{""tourism"":[""67002aad326cf40ee3571ebc"",""66fd8a2502e78a73bbfb0f07"",""66fcf2b3987cf42e49caae94"",""66fc36c26ccd34b83e13648a"",""66fcf2b3987cf42e49caae8e""]}",,"{""tourism"":7}",,"2024-10-04T06:30:04.347Z",7,,"66ff8b6cc028f523e06d1dfa",1
"6613f4a5ce72abb1ce9abe1f","66f9b8c878419cc348a13a8b","[""science"",""lifestyle"",""tourism"",""current affairs""]","[]","{""science"":1}",,"{""science"":[""67002806326cf40ee3571bc5"",""66fcf2a3987cf42e49caac1e"",""67002804326cf40ee3571b83"",""66fd86cc02e78a73bbfafa6b"",""66fd86ce02e78a73bbfafab1""]}",,"{""science"":3}",,"2024-10-04T06:30:05.002Z",3,,"66ff8b6dc028f523e06d1e02",1
"6613f4bcce72abb1ce9abe73","66f9b8c878419cc348a13a8b","[""politics"",""world"",""science"",""current affairs""]","[]","{}",,"{}",,"{}",,"2024-10-04T06:30:06.311Z",0,,"66ff8b6ec028f523e06d1e0f",0
"6613f4d6ce72abb1ce9abedf","66f9b8c878419cc348a13a8b","[""politics"",""technology"",""world"",""current affairs""]","[""politics""]","{""politics"":2,""technology"":1}",,"{""politics"":[""66fd840602e78a73bbfae3b4"",""66fed5a4c028f523e051ca12"",""670026a7326cf40ee3571927"",""66fc32976ccd34b83e134bbf"",""66fc32976ccd34b83e134bcd"",""66fcf297987cf42e49caaa44"",""66fcf299987cf42e49caaa92"",""66fed5a5c028f523e051ca1e"",""66fd840702e78a73bbfae3e5"",""670026a5326cf40ee35718f1""],""technology"":[""66fd851e02e78a73bbfaf09b"",""67002795326cf40ee3571a46"",""66fed65ac028f523e051cbca"",""66fd851f02e78a73bbfaf0a9"",""66fcf29c987cf42e49caab10""]}",,"{""politics"":11,""technology"":15}",,"2024-10-04T06:30:06.747Z",26,,"66ff8b6ec028f523e06d1e14",3
"6613f4b6ce72abb1ce9abe5b","66f9b8c878419cc348a13a8b","[""education"",""environment"",""technology"",""current affairs""]","[""education""]","{""education"":2}",,"{""education"":[""66fd881d02e78a73bbfb01f1"",""66fc35dc6ccd34b83e135eef"",""6700293c326cf40ee3571d43"",""6700293b326cf40ee3571d37"",""66fd881d02e78a73bbfb01f8"",""66fc35de6ccd34b83e135f1a"",""66fcf2aa987cf42e49caad38"",""6700293d326cf40ee3571d73"",""66fcf2ab987cf42e49caad56"",""66fed996c028f523e051d624""]}",,"{""education"":19}",,"2024-10-04T06:30:07.183Z",19,,"66ff8b6fc028f523e06d1e1a",2
"653548118a2815874166fa66","66f9b8c878419cc348a13a8b","[""world"",""sports"",""entertainment"",""current affairs""]","[""world"",""sports"",""entertainment"",""current affairs""]","{""world"":2,""sports"":2,""entertainment"":2,""current affairs"":2}",,"{""world"":[""6700264f326cf40ee35717b3"",""66fc32246ccd34b83e134901"",""66fcf295987cf42e49caaa1a"",""66fc32266ccd34b83e13493a"",""66fd83cb02e78a73bbfae0f7"",""66fd83cb02e78a73bbfae0e2"",""66fcf294987cf42e49caa9e4"",""66fd83cb02e78a73bbfae0e9"",""66fd83c902e78a73bbfae09b"",""67002651326cf40ee35717d6""],""sports"":[""66fc331a6ccd34b83e134fc7"",""66fcf29e987cf42e49caab64"",""670027b8326cf40ee3571a9d"",""66fcf29f987cf42e49caab7c"",""66fcf2a0987cf42e49caaba6"",""66fcf29f987cf42e49caab94"",""66fd85dc02e78a73bbfaf526"",""670027b7326cf40ee3571a8b"",""66fd85dc02e78a73bbfaf51f"",""66fed6fdc028f523e051cd5d""],""entertainment"":[""66fcf2ad987cf42e49caada4"",""66fed9c4c028f523e051d665"",""66fc36056ccd34b83e135ff2"",""66fd886c02e78a73bbfb03e6"",""66fd886a02e78a73bbfb03a0"",""66fc36066ccd34b83e136015"",""66fc36096ccd34b83e13605b"",""66fcf2ad987cf42e49caadb0"",""66fc36066ccd34b83e136007"",""66fed9c3c028f523e051d64d""],""current affairs"":[""66ffe041eab0094221f75187"",""66ffde9feab0094221f74c29"",""66ffe08feab0094221f7556e"",""66ffe091eab0094221f755b6"",""66ffdea0eab0094221f74c49"",""66ffdea0eab0094221f74c54"",""66ffe043eab0094221f751bf"",""66ffde9eeab0094221f74bf0"",""66ffe090eab0094221f75586"",""66ffe091eab0094221f755a6""]}",,"{""world"":98,""sports"":24,""entertainment"":33,""current affairs"":20}",,"2024-10-04T12:04:22.541Z",175,,"66ffd9c6c3fdb492af1fc02d",12
"66261a5f4fc278ded221bef2","66f9b8c878419cc348a13a8b","[""crime"",""politics"",""business"",""current affairs""]","[]","{}",,"{}",,"{}",,"2024-10-04T16:42:26.698Z",0,,"67001af2326cf40ee355179d",0
"661d1c43d3779bd18c70c9aa","6702f34857a88f8fc50d8a05","[""world"",""politics"",""business"",""current affairs""]","[]","{}",,"{}",,"{}",,"2024-10-07T04:09:58.323Z",0,,"67035f1657a88f8fc5168536",0
"6613f4b6ce72abb1ce9abe5b","6702f34857a88f8fc50d8a05","[""entertainment"",""education"",""sports"",""current affairs""]","[]","{""entertainment"":1}",,"{""entertainment"":[""670961c823e2534068423c33"",""67041d95e41ac9ec4b319335"",""670961c923e2534068423c61"",""67041d93e41ac9ec4b3192a6"",""67057053dfba386826522081""]}",,"{""entertainment"":0}",,"2024-10-07T06:30:03.468Z",0,,"67037feb57a88f8fc51c2295",1
"6613f4a6ce72abb1ce9abe22","6702f34857a88f8fc50d8a05","[""food"",""lifestyle"",""science"",""current affairs""]","[""food""]","{""food"":2}",,"{""food"":[""6708132fda865c8ba2b3ae47"",""670964cd23e2534068423f15"",""6706c134befd3ff369bc1d72"",""67041dbde41ac9ec4b3194bb"",""670964cd23e2534068423f09"",""67041dbce41ac9ec4b3194ad"",""67057109dfba386826522445"",""6708132fda865c8ba2b3ae59"",""670964ce23e2534068423f33"",""67041dbee41ac9ec4b3194ee""]}",,"{""food"":28}",,"2024-10-07T06:30:04.482Z",28,,"67037fec57a88f8fc51c2299",2
"6613f4b8ce72abb1ce9abe64","6702f34857a88f8fc50d8a05","[""entertainment"",""science"",""health"",""current affairs""]","[]","{""entertainment"":1}",,"{""entertainment"":[""670961c823e2534068423c3f"",""670812ecda865c8ba2b3adfd"",""67057055dfba3868265220c0"",""67041d94e41ac9ec4b319304"",""6706c0e8befd3ff369bc1cbb""]}",,"{""entertainment"":27}",,"2024-10-07T06:30:04.920Z",27,,"67037fec57a88f8fc51c229c",1
"6613f49ece72abb1ce9abe0a","6702f34857a88f8fc50d8a05","[""science"",""food"",""entertainment"",""current affairs""]","[""science""]","{""science"":2}",,"{""science"":[""67041c31e41ac9ec4b318967"",""6706bfd3befd3ff369bc1ac8"",""670961a023e2534068423ba6"",""67056f07dfba386826521929"",""670961a023e2534068423bac"",""67041c30e41ac9ec4b318943"",""670961a323e2534068423bef"",""6706bfd2befd3ff369bc1ab6"",""670961a223e2534068423bdd"",""67056f08dfba386826521938""]}",,"{""science"":0}",,"2024-10-07T06:30:05.395Z",0,,"67037fed57a88f8fc51c229f",2
"6613f4a8ce72abb1ce9abe2b","6702f34857a88f8fc50d8a05","[""entertainment"",""politics"",""sports"",""current affairs""]","[""entertainment""]","{""entertainment"":2,""politics"":1}",,"{""entertainment"":[""67057053dfba386826522081"",""67041d94e41ac9ec4b3192ec"",""670961c723e2534068423c1b"",""67041d96e41ac9ec4b319367"",""67041d95e41ac9ec4b31933c"",""6706c0eabefd3ff369bc1cf2"",""67057055dfba3868265220b9"",""670961c723e2534068423c2d"",""67057054dfba3868265220a4"",""67041d93e41ac9ec4b3192e5""],""politics"":[""67041afde41ac9ec4b3181c3"",""67041afae41ac9ec4b31816f"",""67080f7ada865c8ba2b3a90c"",""67056ccedfba386826520bfa"",""6706be1abefd3ff369bc1735""]}",,"{""entertainment"":15,""politics"":32}",,"2024-10-07T06:30:06.046Z",47,,"67037fee57a88f8fc51c22a2",3
"6613f496ce72abb1ce9abde9","6702f34857a88f8fc50d8a05","[""lifestyle"",""entertainment"",""politics"",""current affairs""]","[]","{""lifestyle"":1}",,"{""lifestyle"":[""67057194dfba386826522731"",""6706c162befd3ff369bc1d94"",""67041e7ce41ac9ec4b319cd7"",""670813d0da865c8ba2b3af18"",""67041e7be41ac9ec4b319cc2""]}",,"{""lifestyle"":29}",,"2024-10-07T06:30:06.606Z",29,,"67037fee57a88f8fc51c22a5",1
"6613f49bce72abb1ce9abdfb","6702f34857a88f8fc50d8a05","[""world"",""health"",""sports"",""current affairs""]","[]","{}",,"{}",,"{}",,"2024-10-07T06:30:07.089Z",0,,"67037fef57a88f8fc51c22a8",0
"6613f4c9ce72abb1ce9abea9","6702f34857a88f8fc50d8a05","[""politics"",""tourism"",""entertainment"",""current affairs""]","[""politics""]","{""politics"":2}",,"{""politics"":[""67041afde41ac9ec4b3181c3"",""670963c123e2534068423d8f"",""6706be1bbefd3ff369bc174d"",""67041afae41ac9ec4b31817d"",""6706be1cbefd3ff369bc176b"",""6706be1dbefd3ff369bc1771"",""6706be1abefd3ff369bc1723"",""67041afde41ac9ec4b3181cb"",""67056cccdfba386826520bad"",""670963bf23e2534068423d65""]}",,"{""politics"":28}",,"2024-10-07T06:30:07.583Z",28,,"67037fef57a88f8fc51c22ab",2
"6613f4cece72abb1ce9abebb","6702f34857a88f8fc50d8a05","[""lifestyle"",""business"",""sports"",""current affairs""]","[""lifestyle""]","{""lifestyle"":2}",,"{""lifestyle"":[""67057194dfba38682652271c"",""6709647323e2534068423e20"",""6709647323e2534068423e1a"",""6709647623e2534068423e62"",""67041e7ae41ac9ec4b319ca6"",""670813cfda865c8ba2b3af00"",""670813ceda865c8ba2b3aedc"",""67041e7ce41ac9ec4b319cd7"",""6706c165befd3ff369bc1ddc"",""6706c163befd3ff369bc1dac""]}",,"{""lifestyle"":8}",,"2024-10-07T06:30:08.023Z",8,,"67037ff057a88f8fc51c22ae",2
"6613f4a2ce72abb1ce9abe16","6702f34857a88f8fc50d8a05","[""lifestyle"",""sports"",""science"",""current affairs""]","[]","{""lifestyle"":1}",,"{""lifestyle"":[""670813ceda865c8ba2b3aee2"",""6709647423e2534068423e26"",""67057195dfba386826522754"",""670813d0da865c8ba2b3af12"",""670813cfda865c8ba2b3af0c""]}",,"{""lifestyle"":0}",,"2024-10-07T06:30:08.459Z",0,,"67037ff057a88f8fc51c22b1",1
"6613f4c6ce72abb1ce9abe9d","6702f34857a88f8fc50d8a05","[""business"",""education"",""crime"",""current affairs""]","[]","{}",,"{}",,"{}",,"2024-10-07T06:30:08.900Z",0,,"67037ff057a88f8fc51c22b4",0
"6613f4a4ce72abb1ce9abe1c","6702f34857a88f8fc50d8a05","[""technology"",""science"",""tourism"",""current affairs""]","[]","{""technology"":1}",,"{""technology"":[""67041b91e41ac9ec4b318549"",""6706bf3dbefd3ff369bc1967"",""6709618023e2534068423b7f"",""6706bf3dbefd3ff369bc194e"",""6706bf3bbefd3ff369bc1930""]}",,"{""technology"":2}",,"2024-10-07T06:30:09.351Z",2,,"67037ff157a88f8fc51c22b7",1
"6613f4bfce72abb1ce9abe7f","6702f34857a88f8fc50d8a05","[""lifestyle"",""technology"",""science"",""current affairs""]","[]","{}",,"{}",,"{}",,"2024-10-07T06:30:09.823Z",0,,"67037ff157a88f8fc51c22bb",0
"6613f4bace72abb1ce9abe6a","6702f34857a88f8fc50d8a05","[""science"",""technology"",""politics"",""current affairs""]","[]","{}",,"{}",,"{}",,"2024-10-07T06:30:10.286Z",0,,"67037ff257a88f8fc51c22be",0
"65b1ebbc90ba2e3794e9696d","6702f34857a88f8fc50d8a05","[""world"",""business"",""sports"",""current affairs""]","[""current affairs"",""sports""]","{""current affairs"":2,""sports"":2,""business"":1}",,"{""current affairs"":[""670900294e073f4b5f9cdfe0"",""670900264e073f4b5f9cdf98"",""670900284e073f4b5f9cdfd0"",""6709002d4e073f4b5f9ce030"",""670900264e073f4b5f9cdfa8"",""6709002b4e073f4b5f9ce000"",""6709002c4e073f4b5f9ce020"",""670900274e073f4b5f9cdfb0"",""670900244e073f4b5f9cdf80"",""670900254e073f4b5f9cdf90""],""sports"":[""67041bb6e41ac9ec4b318661"",""67056da8dfba38682652113b"",""67041bb6e41ac9ec4b318671"",""67041bb4e41ac9ec4b31862d"",""67041bb5e41ac9ec4b318651"",""67041bb6e41ac9ec4b31866a"",""6706bf5abefd3ff369bc1998"",""6708107cda865c8ba2b3aae8"",""6706bf5abefd3ff369bc19a4"",""67041bb3e41ac9ec4b318610""],""business"":[""670960e923e253406842396e"",""67080fafda865c8ba2b3a991"",""67080fb0da865c8ba2b3a99d"",""67080fafda865c8ba2b3a97f"",""67080fafda865c8ba2b3a98b""]}",,"{""current affairs"":9,""sports"":28,""business"":21}",,"2024-10-07T14:49:01.043Z",58,,"6703f4dde41ac9ec4b2ccd63",7
"661c1f835b61b0397b725e76","6702f34857a88f8fc50d8a05","[""world"",""sports"",""entertainment"",""current affairs""]","[]","{}",,"{}",,"{}",,"2024-10-07T15:16:44.180Z",0,,"6703fb5ce41ac9ec4b2ee3c4",0
"65fe496b205cf6d5f81e91fb","6702f34857a88f8fc50d8a05","[""health"",""food"",""environment"",""current affairs""]","[""food"",""health"",""environment"",""current affairs""]","{""food"":2,""health"":2,""environment"":2,""current affairs"":2}",,"{""food"":[""67041dbee41ac9ec4b3194ee"",""67057108dfba386826522429"",""670964ce23e2534068423f27"",""6706c131befd3ff369bc1d30"",""67041dbce41ac9ec4b3194a6"",""67041dbbe41ac9ec4b31948a"",""670964ce23e2534068423f33"",""67081330da865c8ba2b3ae6b"",""67081331da865c8ba2b3ae83"",""6708132fda865c8ba2b3ae59""],""health"":[""67041c04e41ac9ec4b318805"",""67056ec2dfba386826521739"",""670964a123e2534068423e88"",""670964a423e2534068423ec4"",""67041c06e41ac9ec4b31883d"",""6706bf98befd3ff369bc1a23"",""67056ec3dfba386826521764"",""670964a223e2534068423ea0"",""67056ec4dfba386826521779"",""670810e6da865c8ba2b3ab53""],""environment"":[""6706c014befd3ff369bc1b45"",""67056f5cdfba386826521b32"",""6709615623e2534068423af9"",""6709615723e2534068423b19"",""67041ce9e41ac9ec4b318d5b"",""670811f1da865c8ba2b3ac5b"",""670811f3da865c8ba2b3ac86"",""6709615623e2534068423b00"",""670811f3da865c8ba2b3ac92"",""670811f2da865c8ba2b3ac74""],""current affairs"":[""6709002c4e073f4b5f9ce018"",""670900274e073f4b5f9cdfb8"",""670900264e073f4b5f9cdfa0"",""670900264e073f4b5f9cdfa8"",""6709002b4e073f4b5f9ce000"",""6709002a4e073f4b5f9cdff8"",""670900254e073f4b5f9cdf90"",""670900274e073f4b5f9cdfb0"",""670900244e073f4b5f9cdf78"",""670900294e073f4b5f9cdfd8""]}",,"{""food"":31,""health"":21,""environment"":21,""current affairs"":10}",,"2024-10-07T17:50:38.097Z",83,,"67041f6ee41ac9ec4b31b0be",12
"65f300509edbd593b5293db2","6702f34857a88f8fc50d8a05","[""sports"",""politics"",""health"",""current affairs""]","[""current affairs"",""health"",""sports"",""politics""]","{""current affairs"":2,""health"":2,""sports"":2,""politics"":2}",,"{""current affairs"":[""6709002a4e073f4b5f9cdff8"",""670900264e073f4b5f9cdfa0"",""670900294e073f4b5f9cdfe8"",""670900244e073f4b5f9cdf80"",""6709002a4e073f4b5f9cdff0"",""670900284e073f4b5f9cdfc8"",""6709002c4e073f4b5f9ce018"",""6709002d4e073f4b5f9ce030"",""670900294e073f4b5f9cdfe0"",""670900254e073f4b5f9cdf88""],""health"":[""670810e5da865c8ba2b3ab3b"",""670964a123e2534068423e82"",""670810e4da865c8ba2b3ab1d"",""67041c05e41ac9ec4b318813"",""67041c05e41ac9ec4b31881a"",""670964a223e2534068423e94"",""67041c05e41ac9ec4b318821"",""67056ec5dfba386826521795"",""670810e6da865c8ba2b3ab4d"",""67056ec3dfba386826521747""],""sports"":[""6708107ada865c8ba2b3aa9e"",""6706bf5cbefd3ff369bc19db"",""67056da9dfba386826521157"",""6708107ada865c8ba2b3aab8"",""67041bb4e41ac9ec4b318634"",""6708107ada865c8ba2b3aab2"",""67041bb4e41ac9ec4b31862d"",""67056daadfba38682652117a"",""67081079da865c8ba2b3aa96"",""67041bb6e41ac9ec4b318661""],""politics"":[""6706be1bbefd3ff369bc1747"",""6706be1bbefd3ff369bc174d"",""6706be1cbefd3ff369bc1753"",""67041afde41ac9ec4b3181cb"",""670963bf23e2534068423d6b"",""670963c023e2534068423d83"",""67080f7bda865c8ba2b3a91e"",""67041afae41ac9ec4b31817d"",""67080f79da865c8ba2b3a8f0"",""670963c223e2534068423db3""]}",,"{""current affairs"":33,""health"":33,""sports"":29,""politics"":59}",,"2024-10-07T18:15:42.466Z",154,,"6704254ee41ac9ec4b320bed",12
"661d1b2215323b828c65ac04","6702f34857a88f8fc50d8a05","[""health"",""environment"",""entertainment"",""current affairs""]","[]","{}",,"{}",,"{}",,"2024-10-08T03:30:29.565Z",0,,"6704a755e41ac9ec4b404ee4",0
"6613f4afce72abb1ce9abe43","6702f34857a88f8fc50d8a05","[""crime"",""world"",""science"",""current affairs""]","[]","{}",,"{}",,"{}",,"2024-10-08T06:30:03.694Z",0,,"6704d16be017b3ec0a78579b",0
"6613f4c0ce72abb1ce9abe85","6702f34857a88f8fc50d8a05","[""lifestyle"",""sports"",""food"",""current affairs""]","[""lifestyle""]","{""lifestyle"":2,""sports"":1}",,"{""lifestyle"":[""6706c163befd3ff369bc1da0"",""67057194dfba38682652271c"",""6709647323e2534068423e1a"",""67057194dfba386826522731"",""67057193dfba386826522707"",""67057192dfba386826522700"",""67041e7ae41ac9ec4b319cb4"",""67041e7ce41ac9ec4b319cde"",""67041e7ce41ac9ec4b319cec"",""6706c164befd3ff369bc1dca""],""sports"":[""67056da9dfba386826521149"",""6706bf5cbefd3ff369bc19d5"",""6708107bda865c8ba2b3aaca"",""67056daadfba386826521165"",""6708107cda865c8ba2b3aae8""]}",,"{""lifestyle"":34,""sports"":0}",,"2024-10-08T06:30:04.362Z",34,,"6704d16ce017b3ec0a78579f",3
"6613f4acce72abb1ce9abe3a","6702f34857a88f8fc50d8a05","[""tourism"",""science"",""politics"",""current affairs""]","[]","{}",,"{}",,"{}",,"2024-10-08T06:30:04.799Z",0,,"6704d16ce017b3ec0a7857a2",0
"6613f499ce72abb1ce9abdf5","6702f34857a88f8fc50d8a05","[""world"",""politics"",""food"",""current affairs""]","[]","{""world"":1}",,"{""world"":[""6706bdedbefd3ff369bc16b5"",""67080f49da865c8ba2b3a847"",""67041abce41ac9ec4b31800f"",""67056c77dfba3868265209ab"",""67041ab9e41ac9ec4b317fc5""]}",,"{""world"":3}",,"2024-10-08T06:30:05.253Z",3,,"6704d16de017b3ec0a7857a5",1
"6613f49ace72abb1ce9abdf8","6702f34857a88f8fc50d8a05","[""lifestyle"",""technology"",""education"",""current affairs""]","[]","{}",,"{}",,"{}",,"2024-10-08T06:30:05.691Z",0,,"6704d16de017b3ec0a7857a8",0
"6613f49bce72abb1ce9abdfe","6702f34857a88f8fc50d8a05","[""lifestyle"",""science"",""food"",""current affairs""]","[]","{}",,"{}",,"{}",,"2024-10-08T06:30:06.135Z",0,,"6704d16ee017b3ec0a7857ab",0
"6613f49dce72abb1ce9abe04","6702f34857a88f8fc50d8a05","[""business"",""food"",""entertainment"",""current affairs""]","[]","{""business"":1}",,"{""business"":[""67041b6fe41ac9ec4b318424"",""67056d00dfba386826520d5c"",""67041b71e41ac9ec4b318455"",""67080fb2da865c8ba2b3a9cd"",""67041b6fe41ac9ec4b318416""]}",,"{""business"":25}",,"2024-10-08T06:30:06.582Z",25,,"6704d16ee017b3ec0a7857ae",1
"6613f4c1ce72abb1ce9abe88","6702f34857a88f8fc50d8a05","[""sports"",""business"",""world"",""current affairs""]","[""sports""]","{""sports"":2}",,"{""sports"":[""67041bb5e41ac9ec4b31864a"",""6706bf59befd3ff369bc1992"",""6708107bda865c8ba2b3aac4"",""67056da9dfba386826521149"",""67041bb5e41ac9ec4b318651"",""67056da8dfba38682652113b"",""6708107cda865c8ba2b3aae8"",""6706bf5cbefd3ff369bc19cf"",""67041bb3e41ac9ec4b318610"",""67041bb6e41ac9ec4b318671""]}",,"{""sports"":17}",,"2024-10-08T06:30:07.025Z",17,,"6704d16fe017b3ec0a7857b1",2
"6613f494ce72abb1ce9abddf","6702f34857a88f8fc50d8a05","[""lifestyle"",""entertainment"",""crime"",""current affairs""]","[]","{""lifestyle"":1}",,"{""lifestyle"":[""6706c164befd3ff369bc1dca"",""6709647623e2534068423e62"",""6706c165befd3ff369bc1dd0"",""670813ceda865c8ba2b3aee8"",""670813d1da865c8ba2b3af2a""]}",,"{""lifestyle"":3}",,"2024-10-08T06:30:07.460Z",3,,"6704d16fe017b3ec0a7857b4",1
"6613f4d9ce72abb1ce9abeeb","6702f34857a88f8fc50d8a05","[""lifestyle"",""world"",""science"",""current affairs""]","[""lifestyle""]","{""lifestyle"":2}",,"{""lifestyle"":[""67041e7ce41ac9ec4b319cec"",""67057192dfba3868265226f9"",""670813cfda865c8ba2b3aefa"",""6706c164befd3ff369bc1db8"",""67041e7de41ac9ec4b319cf3"",""670813cdda865c8ba2b3aed0"",""6706c165befd3ff369bc1de2"",""6709647623e2534068423e62"",""670813cfda865c8ba2b3af00"",""67041e7be41ac9ec4b319cbb""]}",,"{""lifestyle"":9}",,"2024-10-08T06:30:07.910Z",9,,"6704d16fe017b3ec0a7857b7",2
"6613f4b9ce72abb1ce9abe67","6702f34857a88f8fc50d8a05","[""science"",""sports"",""education"",""current affairs""]","[]","{""science"":1}",,"{""science"":[""6706bfd2befd3ff369bc1ab0"",""67056f09dfba386826521955"",""67056f08dfba38682652194d"",""67056f06dfba386826521905"",""6706bfd1befd3ff369bc1aa4""]}",,"{""science"":0}",,"2024-10-08T06:30:08.358Z",0,,"6704d170e017b3ec0a7857ba",1
"6613f4b3ce72abb1ce9abe52","6702f34857a88f8fc50d8a05","[""politics"",""health"",""environment"",""current affairs""]","[]","{}",,"{}",,"{}",,"2024-10-08T06:30:08.814Z",0,,"6704d170e017b3ec0a7857bd",0
"6613f4a1ce72abb1ce9abe13","6702f34857a88f8fc50d8a05","[""sports"",""food"",""tourism"",""current affairs""]","[]","{""sports"":1}",,"{""sports"":[""6706bf5abefd3ff369bc1998"",""6706bf59befd3ff369bc1992"",""6708107ada865c8ba2b3aa9e"",""67081079da865c8ba2b3aa96"",""67056da8dfba386826521134""]}",,"{""sports"":35}",,"2024-10-08T06:30:09.255Z",35,,"6704d171e017b3ec0a7857c0",1
"653548118a2815874166fa66","6702f34857a88f8fc50d8a05","[""world"",""sports"",""entertainment"",""current affairs""]","[""world"",""sports"",""entertainment"",""current affairs""]","{""world"":2,""sports"":2,""entertainment"":2,""current affairs"":2}",,"{""world"":[""67056c77dfba3868265209b9"",""67080f4cda865c8ba2b3a892"",""67041abce41ac9ec4b318006"",""67041abbe41ac9ec4b317fea"",""6706bdedbefd3ff369bc16af"",""67056c75dfba386826520972"",""67056c77dfba3868265209b2"",""6706bdeebefd3ff369bc16bb"",""6706bdeebefd3ff369bc16c7"",""6706bdefbefd3ff369bc16e7""],""sports"":[""6708107cda865c8ba2b3aae2"",""67041bb3e41ac9ec4b318617"",""67056da9dfba386826521142"",""6706bf59befd3ff369bc1992"",""67041bb6e41ac9ec4b318658"",""6708107ada865c8ba2b3aaac"",""6706bf5bbefd3ff369bc19b0"",""67081079da865c8ba2b3aa90"",""67041bb4e41ac9ec4b318634"",""6706bf5abefd3ff369bc19aa""],""entertainment"":[""6706c0ebbefd3ff369bc1cfe"",""670812ebda865c8ba2b3adf7"",""670961c823e2534068423c3f"",""67041d94e41ac9ec4b3192ec"",""67057056dfba3868265220c7"",""6706c0e9befd3ff369bc1ccd"",""670812eada865c8ba2b3addf"",""670961c823e2534068423c39"",""67041d95e41ac9ec4b31933c"",""6706c0e8befd3ff369bc1cb5""],""current affairs"":[""6709002b4e073f4b5f9ce000"",""6709002d4e073f4b5f9ce038"",""670900264e073f4b5f9cdfa8"",""6709002a4e073f4b5f9cdff0"",""670900294e073f4b5f9cdfe8"",""670900274e073f4b5f9cdfb8"",""670900264e073f4b5f9cdfa0"",""670900244e073f4b5f9cdf80"",""670900284e073f4b5f9cdfd0"",""6709002b4e073f4b5f9ce008""]}",,"{""world"":38,""sports"":30,""entertainment"":31,""current affairs"":12}",,"2024-10-08T11:03:35.145Z",111,,"67051187e017b3ec0a836784",12
"667d9d31ede918c194e96af9","6702f34857a88f8fc50d8a05","[""health"",""food"",""entertainment"",""current affairs""]","[""health"",""food"",""current affairs"",""entertainment""]","{""food"":2,""health"":2,""current affairs"":2,""entertainment"":2}",,"{""food"":[""6706c132befd3ff369bc1d48"",""67041dbee41ac9ec4b3194f5"",""6708132fda865c8ba2b3ae5f"",""6705710bdfba38682652247d"",""67081330da865c8ba2b3ae65"",""6706c133befd3ff369bc1d4e"",""6705710adfba386826522453"",""670964ce23e2534068423f21"",""67057109dfba386826522445"",""67041dbee41ac9ec4b3194e7""],""health"":[""670964a323e2534068423ebe"",""670810e6da865c8ba2b3ab47"",""6706bf98befd3ff369bc1a2f"",""670964a223e2534068423e9a"",""67056ec3dfba386826521747"",""6706bf98befd3ff369bc1a35"",""67041c04e41ac9ec4b318805"",""670964a123e2534068423e88"",""670810e6da865c8ba2b3ab4d"",""6706bf99befd3ff369bc1a4d""],""current affairs"":[""6709002a4e073f4b5f9cdff0"",""670900284e073f4b5f9cdfd0"",""670900254e073f4b5f9cdf88"",""670900274e073f4b5f9cdfb0"",""6709002b4e073f4b5f9ce008"",""670900294e073f4b5f9cdfd8"",""6709002c4e073f4b5f9ce020"",""6709002d4e073f4b5f9ce030"",""670900254e073f4b5f9cdf90"",""670900264e073f4b5f9cdfa8""],""entertainment"":[""6706c0ebbefd3ff369bc1d0a"",""67057054dfba386826522088"",""670812eada865c8ba2b3addf"",""6706c0ebbefd3ff369bc1cfe"",""6706c0ebbefd3ff369bc1cf8"",""6706c0ebbefd3ff369bc1d04"",""670812ecda865c8ba2b3ae09"",""67057054dfba38682652208f"",""67041d93e41ac9ec4b3192a6"",""6706c0e8befd3ff369bc1cb5""]}",,"{""food"":38,""health"":19,""current affairs"":15,""entertainment"":31}",,"2024-10-08T15:11:40.878Z",103,,"67054bacdfba3868264f52b1",12
"66c74acc88bebbaf4339712a","6702f34857a88f8fc50d8a05","[""sports"",""health"",""entertainment"",""current affairs""]","[""sports"",""health"",""current affairs"",""entertainment""]","{""health"":2,""sports"":2,""current affairs"":2,""entertainment"":2}",,"{""health"":[""67041c05e41ac9ec4b318821"",""67056ec5dfba386826521795"",""67041c06e41ac9ec4b318844"",""670964a423e2534068423ed6"",""6706bf98befd3ff369bc1a23"",""670810e7da865c8ba2b3ab6b"",""670810e6da865c8ba2b3ab53"",""6706bf99befd3ff369bc1a4d"",""67041c05e41ac9ec4b318828"",""67056ec3dfba38682652175d""],""sports"":[""67056da8dfba386826521134"",""67041bb4e41ac9ec4b31861e"",""67056dabdfba386826521181"",""6708107ada865c8ba2b3aa9e"",""6708107cda865c8ba2b3aae8"",""67056da9dfba386826521142"",""67041bb3e41ac9ec4b318610"",""6706bf5bbefd3ff369bc19c3"",""67041bb5e41ac9ec4b318651"",""6706bf5abefd3ff369bc1998""],""current affairs"":[""670900254e073f4b5f9cdf88"",""6709002b4e073f4b5f9ce000"",""670900264e073f4b5f9cdfa8"",""6709002a4e073f4b5f9cdff0"",""6709002b4e073f4b5f9ce008"",""6709002d4e073f4b5f9ce038"",""670900294e073f4b5f9cdfe8"",""670900254e073f4b5f9cdf90"",""6709002d4e073f4b5f9ce030"",""670900274e073f4b5f9cdfb0""],""entertainment"":[""67041d97e41ac9ec4b31937d"",""67041d96e41ac9ec4b319358"",""67057056dfba3868265220dc"",""67041d95e41ac9ec4b319335"",""67041d93e41ac9ec4b3192d6"",""670961c723e2534068423c27"",""670812ebda865c8ba2b3adf1"",""670812edda865c8ba2b3ae21"",""670961c923e2534068423c61"",""67057053dfba38682652207a""]}",,"{""health"":14,""sports"":8,""current affairs"":8,""entertainment"":26}",,"2024-10-08T15:28:02.848Z",56,,"67054f82dfba3868264f5c9f",12
"6613f4c2ce72abb1ce9abe8b","6702f34857a88f8fc50d8a05","[""world"",""entertainment"",""politics"",""current affairs""]","[]","{""world"":1}",,"{""world"":[""67056c75dfba38682652096b"",""67080f4bda865c8ba2b3a86c"",""67056c76dfba386826520987"",""67080f4cda865c8ba2b3a892"",""67056c76dfba38682652098e""]}",,"{""world"":3}",,"2024-10-09T06:30:03.003Z",3,,"670622ebdfba386826674f6a",1
"6613f4c3ce72abb1ce9abe91","6702f34857a88f8fc50d8a05","[""lifestyle"",""education"",""health"",""current affairs""]","[]","{""lifestyle"":1}",,"{""lifestyle"":[""6706c165befd3ff369bc1ddc"",""6706c163befd3ff369bc1d9a"",""67057195dfba386826522746"",""67041e7ce41ac9ec4b319cec"",""6709647623e2534068423e6e""]}",,"{""lifestyle"":3}",,"2024-10-09T06:30:03.458Z",3,,"670622ebdfba386826674f6d",1
"6613f4d9ce72abb1ce9abee8","6702f34857a88f8fc50d8a05","[""crime"",""politics"",""lifestyle"",""current affairs""]","[]","{""crime"":1}",,"{""crime"":[""67056f85dfba386826521c47"",""67056f87dfba386826521c71"",""67041d34e41ac9ec4b318f30"",""670960bd23e253406842387a"",""6708124fda865c8ba2b3ad16""]}",,"{""crime"":0}",,"2024-10-09T06:30:03.902Z",0,,"670622ebdfba386826674f70",1
"6613f4adce72abb1ce9abe3d","6702f34857a88f8fc50d8a05","[""education"",""tourism"",""world"",""current affairs""]","[]","{}",,"{}",,"{}",,"2024-10-09T06:30:04.590Z",0,,"670622ecdfba386826674f74",0
"6613f495ce72abb1ce9abde6","6702f34857a88f8fc50d8a05","[""crime"",""politics"",""sports"",""current affairs""]","[""crime""]","{""crime"":2}",,"{""crime"":[""670960bc23e253406842385b"",""67056f85dfba386826521c31"",""6706c062befd3ff369bc1c03"",""67081250da865c8ba2b3ad35"",""670960bc23e2534068423855"",""6708124dda865c8ba2b3ace5"",""67081250da865c8ba2b3ad3b"",""67056f85dfba386826521c40"",""670960be23e253406842388c"",""67041d33e41ac9ec4b318ef8""]}",,"{""crime"":9}",,"2024-10-09T06:30:05.026Z",9,,"670622eddfba386826674f77",2
"6613f4a3ce72abb1ce9abe19","6702f34857a88f8fc50d8a05","[""lifestyle"",""health"",""business"",""current affairs""]","[]","{}",,"{}",,"{}",,"2024-10-09T06:30:05.463Z",0,,"670622eddfba386826674f7a",0
"6613f4a5ce72abb1ce9abe1f","6702f34857a88f8fc50d8a05","[""crime"",""tourism"",""education"",""current affairs""]","[""crime""]","{""crime"":2,""tourism"":1}",,"{""crime"":[""67056f85dfba386826521c39"",""6706c05dbefd3ff369bc1baf"",""6706c05ebefd3ff369bc1bc7"",""6708124fda865c8ba2b3ad22"",""6708124fda865c8ba2b3ad1c"",""6708124eda865c8ba2b3ad0f"",""6706c05ebefd3ff369bc1bcd"",""6708124eda865c8ba2b3ad09"",""6706c05ebefd3ff369bc1bd3"",""67081250da865c8ba2b3ad2f""],""tourism"":[""670813f2da865c8ba2b3af5b"",""6706c18abefd3ff369bc1e54"",""6709610923e2534068423a7b"",""670571b7dfba386826522861"",""6706c187befd3ff369bc1e0c""]}",,"{""crime"":29,""tourism"":2}",,"2024-10-09T06:30:06.125Z",31,,"670622eedfba386826674f7e",3
"6613f498ce72abb1ce9abdef","6702f34857a88f8fc50d8a05","[""lifestyle"",""environment"",""health"",""current affairs""]","[""lifestyle""]","{""lifestyle"":2}",,"{""lifestyle"":[""6709647523e2534068423e4a"",""6709647423e2534068423e2c"",""67057192dfba386826522700"",""67041e7be41ac9ec4b319cc9"",""6709647623e2534068423e68"",""67041e7be41ac9ec4b319cd0"",""670813d0da865c8ba2b3af12"",""6709647323e2534068423e20"",""6709647323e2534068423e1a"",""670813d0da865c8ba2b3af1e""]}",,"{""lifestyle"":7}",,"2024-10-09T06:30:06.561Z",7,,"670622eedfba386826674f81",2
"6613f4bcce72abb1ce9abe73","6702f34857a88f8fc50d8a05","[""science"",""lifestyle"",""entertainment"",""current affairs""]","[]","{""science"":1}",,"{""science"":[""6706bfd1befd3ff369bc1a98"",""6706bfd3befd3ff369bc1ace"",""67041c30e41ac9ec4b31894a"",""67081116da865c8ba2b3ab85"",""6706bfd2befd3ff369bc1ab0""]}",,"{""science"":22}",,"2024-10-09T06:30:07.218Z",22,,"670622efdfba386826674f85",1
"6613f4b2ce72abb1ce9abe4f","6702f34857a88f8fc50d8a05","[""tourism"",""sports"",""world"",""current affairs""]","[]","{}",,"{}",,"{}",,"2024-10-09T06:30:07.661Z",0,,"670622efdfba386826674f88",0
"660161af451e8641829f6113","66f8fa2cffc6cec786b4fe8d","[""lifestyle"",""environment"",""politics"",""current affairs""]","[""lifestyle""]","{""lifestyle"":2}",,"{""lifestyle"":[""67002a4a326cf40ee3571e2e"",""67057194dfba386826522723"",""67017bbb5e8542a1599c9cda"",""6702cbdb57a88f8fc507f438"",""67041e7ce41ac9ec4b319cec"",""66f9929b78419cc34899b6f3"",""670ab4de23e253406861d4bb"",""670eaba20795b442f614b5f2"",""66e5512994707d17c02d1847"",""66f2fa8553dfd2cf235af27c"",""66ec6187919e918e2313cdcf"",""66edb34f36bae91581acf9d9"",""66f2fa8653dfd2cf235af27e"",""66e47755c33fa6365fd74e02"",""670ab4de23e253406861d4af"",""670c07d53072f565c25c68f9"",""670c07d63072f565c25c6905"",""670ffc00f023f77d4631a006"",""670d588cdc9a3092b38eab10"",""6709647323e2534068423e20"",""670c07d73072f565c25c6923"",""670d588cdc9a3092b38eab04"",""670c07d53072f565c25c68f3"",""670d588bdc9a3092b38eaaf8"",""6709647523e2534068423e50"",""6709647523e2534068423e44"",""670c07d63072f565c25c690b"",""67114c543cda8e063eee994f"",""670ab4dd23e253406861d49d"",""670ab4dd23e253406861d48b"",""670ab4df23e253406861d4cd"",""67114c553cda8e063eee996d"",""670ab4df23e253406861d4c1"",""670ab4de23e253406861d4b5"",""6709647523e2534068423e4a""],""environment"":[""67056f5bdfba386826521b07"",""6702cb0357a88f8fc507ee23"",""6702cb0457a88f8fc507ee31"",""6702cb0457a88f8fc507ee3f"",""67017a425e8542a1599c94b8""],""politics"":[""670026a6326cf40ee3571903"",""67041afae41ac9ec4b318184"",""67056ccedfba386826520bde"",""6706be1bbefd3ff369bc1747"",""6706be1bbefd3ff369bc174d""],""current affairs"":[""66ffe068eab0094221f754fb"",""66ffe069eab0094221f75514"",""66ffe090eab0094221f75596"",""66ffe068eab0094221f754f3"",""66ffe043eab0094221f751af""]}",,"{""lifestyle"":0}",,"2024-10-10T05:59:41.307Z",0,true,"67076d4d85f7756b108d3b17",39
"66210e6094d2c53bd0b70ccc","6702f34857a88f8fc50d8a05","[""lifestyle"",""food"",""health"",""current affairs""]","[]","{""lifestyle"":1,""food"":1,""health"":1}",,"{""lifestyle"":[""67057194dfba386826522731"",""6706c163befd3ff369bc1da0"",""6709647523e2534068423e56"",""6709647423e2534068423e38"",""6709647523e2534068423e4a""],""food"":[""6706c132befd3ff369bc1d36"",""67041dbbe41ac9ec4b319498"",""67041dbee41ac9ec4b3194d8"",""670964cd23e2534068423f09"",""6706c134befd3ff369bc1d78""],""health"":[""67056ec5dfba386826521795"",""670810e6da865c8ba2b3ab4d"",""67041c03e41ac9ec4b3187f0"",""67056ec3dfba386826521756"",""670810e5da865c8ba2b3ab41""]}",,"{""lifestyle"":2,""food"":13,""health"":2}",,"2024-10-10T06:07:21.235Z",17,,"67076f19d8a7abca464bd5ff",3
"6613f4b5ce72abb1ce9abe58","6702f34857a88f8fc50d8a05","[""world"",""education"",""sports"",""current affairs""]","[]","{}",,"{}",,"{}",,"2024-10-10T06:30:05.752Z",0,,"6707746dd8a7abca464bd9c1",0
"6613f4c4ce72abb1ce9abe94","6702f34857a88f8fc50d8a05","[""world"",""politics"",""education"",""current affairs""]","[]","{}",,"{}",,"{}",,"2024-10-10T06:30:02.917Z",0,,"6707746ad8a7abca464bd9af",0
"6613f4bbce72abb1ce9abe6d","6702f34857a88f8fc50d8a05","[""sports"",""food"",""health"",""current affairs""]","[]","{}",,"{}",,"{}",,"2024-10-10T06:30:04.880Z",0,,"6707746cd8a7abca464bd9bb",0
"6613f4abce72abb1ce9abe34","6702f34857a88f8fc50d8a05","[""technology"",""entertainment"",""environment"",""current affairs""]","[]","{""technology"":1}",,"{""technology"":[""67056d83dfba386826521031"",""6709617e23e2534068423b43"",""67056d82dfba386826521000"",""67041b8fe41ac9ec4b3184fe"",""6709618023e2534068423b73""]}",,"{""technology"":0}",,"2024-10-10T06:30:06.191Z",0,,"6707746ed8a7abca464bd9c4",1
"6613f495ce72abb1ce9abde3","6702f34857a88f8fc50d8a05","[""sports"",""education"",""tourism"",""current affairs""]","[]","{""sports"":1}",,"{""sports"":[""67056dabdfba386826521188"",""67041bb4e41ac9ec4b31862d"",""6706bf5abefd3ff369bc19aa"",""67056da9dfba386826521157"",""67056da9dfba38682652115e""]}",,"{""sports"":26}",,"2024-10-10T06:30:03.574Z",26,,"6707746bd8a7abca464bd9b3",1
"6613f4a6ce72abb1ce9abe25","6702f34857a88f8fc50d8a05","[""sports"",""food"",""health"",""current affairs""]","[]","{}",,"{}",,"{}",,"2024-10-10T06:30:04.225Z",0,,"6707746cd8a7abca464bd9b7",0
"6613f497ce72abb1ce9abdec","6702f34857a88f8fc50d8a05","[""business"",""politics"",""tourism"",""current affairs""]","[]","{}",,"{}",,"{}",,"2024-10-10T06:30:05.314Z",0,,"6707746dd8a7abca464bd9be",0
"6613f4c5ce72abb1ce9abe97","6702f34857a88f8fc50d8a05","[""environment"",""lifestyle"",""health"",""current affairs""]","[]","{""environment"":1}",,"{""environment"":[""6706c017befd3ff369bc1b93"",""6709615723e2534068423b0c"",""670811f2da865c8ba2b3ac6e"",""6709615623e2534068423aed"",""67056f5edfba386826521b4f""]}",,"{""environment"":0}",,"2024-10-10T06:30:06.841Z",0,,"6707746ed8a7abca464bd9c8",1
"6613f4aece72abb1ce9abe40","6702f34857a88f8fc50d8a05","[""education"",""crime"",""world"",""current affairs""]","[]","{}",,"{}",,"{}",,"2024-10-11T06:30:03.068Z",0,,"6708c5eb23e253406834c11a",0
"6613f4c0ce72abb1ce9abe82","6702f34857a88f8fc50d8a05","[""politics"",""environment"",""world"",""current affairs""]","[]","{""politics"":1}",,"{""politics"":[""67080f78da865c8ba2b3a8d6"",""67080f7ada865c8ba2b3a918"",""67056ccedfba386826520bf3"",""67056ccddfba386826520bc9"",""670963c223e2534068423da7""]}",,"{""politics"":25}",,"2024-10-11T06:30:03.516Z",25,,"6708c5eb23e253406834c11d",1
"6613f4d3ce72abb1ce9abed3","6702f34857a88f8fc50d8a05","[""world"",""food"",""tourism"",""current affairs""]","[""world""]","{""world"":2}",,"{""world"":[""6706bdeebefd3ff369bc16c1"",""67080f4bda865c8ba2b3a86c"",""67080f4cda865c8ba2b3a892"",""67041abde41ac9ec4b318026"",""67056c77dfba3868265209b9"",""6706bdefbefd3ff369bc16db"",""67080f4cda865c8ba2b3a88b"",""6706bdeebefd3ff369bc16cd"",""67080f4cda865c8ba2b3a885"",""67056c75dfba386826520972""]}",,"{""world"":16}",,"2024-10-11T06:30:04.174Z",16,,"6708c5ec23e253406834c121",2
"6613f4cece72abb1ce9abebe","6702f34857a88f8fc50d8a05","[""science"",""technology"",""entertainment"",""current affairs""]","[]","{}",,"{}",,"{}",,"2024-10-11T06:30:04.832Z",0,,"6708c5ec23e253406834c125",0
"6613f49cce72abb1ce9abe01","6702f34857a88f8fc50d8a05","[""tourism"",""crime"",""sports"",""current affairs""]","[""tourism""]","{""tourism"":2}",,"{""tourism"":[""6706c188befd3ff369bc1e24"",""67041ea1e41ac9ec4b31a29a"",""6706c189befd3ff369bc1e4e"",""670813f4da865c8ba2b3af97"",""6709610823e2534068423a5a"",""670571b4dfba386826522806"",""67041ea2e41ac9ec4b31a2af"",""670813f2da865c8ba2b3af5b"",""6706c187befd3ff369bc1e06"",""67041ea1e41ac9ec4b31a28c""]}",,"{""tourism"":0}",,"2024-10-11T06:30:05.268Z",0,,"6708c5ed23e253406834c128",2
"6613f4a0ce72abb1ce9abe10","6702f34857a88f8fc50d8a05","[""world"",""business"",""sports"",""current affairs""]","[]","{""world"":1}",,"{""world"":[""67080f4dda865c8ba2b3a89e"",""67041abae41ac9ec4b317fce"",""67041abde41ac9ec4b31802d"",""67080f4cda865c8ba2b3a898"",""6706bdefbefd3ff369bc16e1""]}",,"{""world"":0}",,"2024-10-11T06:30:05.703Z",0,,"6708c5ed23e253406834c12b",1
"6613f4b7ce72abb1ce9abe5e","6702f34857a88f8fc50d8a05","[""crime"",""science"",""entertainment"",""current affairs""]","[]","{""crime"":1}",,"{""crime"":[""67041d32e41ac9ec4b318ef1"",""6708124eda865c8ba2b3ad0f"",""6706c05dbefd3ff369bc1bbb"",""670960bb23e253406842383c"",""67081250da865c8ba2b3ad2f""]}",,"{""crime"":3}",,"2024-10-11T06:30:06.143Z",3,,"6708c5ee23e253406834c12e",1
"6613f4ddce72abb1ce9abefa","6702f34857a88f8fc50d8a05","[""technology"",""crime"",""world"",""current affairs""]","[]","{""technology"":1}",,"{""technology"":[""6709618023e2534068423b7f"",""67080fdeda865c8ba2b3aa18"",""67080fddda865c8ba2b3aa12"",""67080fdeda865c8ba2b3aa24"",""67056d84dfba386826521046""]}",,"{""technology"":0}",,"2024-10-11T06:30:06.579Z",0,,"6708c5ee23e253406834c131",1
"6613f4cfce72abb1ce9abec1","6702f34857a88f8fc50d8a05","[""lifestyle"",""technology"",""health"",""current affairs""]","[""lifestyle""]","{""lifestyle"":2,""technology"":1}",,"{""lifestyle"":[""670813ceda865c8ba2b3aee2"",""670813ceda865c8ba2b3aee8"",""670813cfda865c8ba2b3aefa"",""67041e7ce41ac9ec4b319cd7"",""67057193dfba386826522707"",""6709647423e2534068423e3e"",""670813cfda865c8ba2b3af0c"",""67057194dfba386826522731"",""6706c163befd3ff369bc1da0"",""6709647623e2534068423e6e""],""technology"":[""67041b8fe41ac9ec4b31850d"",""6709617f23e2534068423b5b"",""67056d84dfba38682652104d"",""6706bf3cbefd3ff369bc1942"",""67080fdcda865c8ba2b3a9e8""]}",,"{""lifestyle"":16,""technology"":8}",,"2024-10-11T06:30:07.233Z",24,,"6708c5ef23e253406834c135",3
"6613f4b1ce72abb1ce9abe4c","6702f34857a88f8fc50d8a05","[""crime"",""business"",""tourism"",""current affairs""]","[]","{""crime"":1}",,"{""crime"":[""6708124dda865c8ba2b3acf1"",""67041d36e41ac9ec4b318f5b"",""67041d33e41ac9ec4b318ef8"",""6706c05dbefd3ff369bc1baf"",""67081250da865c8ba2b3ad35""]}",,"{""crime"":0}",,"2024-10-11T06:30:07.668Z",0,,"6708c5ef23e253406834c138",1
"660161af451e8641829f6113","6702f34857a88f8fc50d8a05","[""lifestyle"",""world"",""science"",""current affairs""]","[]","{}",,"{}",,"{}",,"2024-10-11T14:49:31.495Z",0,,"67093afb23e25340683dd2be",0
"660167b035a59cd25a6b1d3c","6702f34857a88f8fc50d8a05","[""health"",""entertainment"",""lifestyle"",""current affairs""]","[]","{}",,"{}",,"{}",,"2024-10-11T14:50:32.611Z",0,,"67093b3823e25340683dd515",0
"6613f4bdce72abb1ce9abe76","670c2dc83072f565c25f7022","[""science"",""health"",""entertainment"",""current affairs""]","[""science""]","{""science"":2,""health"":1}",,"{""science"":[""670ea9ee0795b442f614b388"",""67114b723cda8e063eee9641"",""670ea9ed0795b442f614b382"",""670ff9bdf023f77d46319d5e"",""670d5690dc9a3092b38e9d61"",""670ff9bcf023f77d46319d43"",""67114b6f3cda8e063eee95ed"",""670ea9ed0795b442f614b370"",""67129c93152c3cf929afa97c"",""670ff9bbf023f77d46319d2b""],""health"":[""670ff9a7f023f77d46319cfd"",""67114b3b3cda8e063eee9579"",""67114b3a3cda8e063eee956d"",""670ea9b70795b442f614b326"",""670ea9b60795b442f614b307""]}",,"{""science"":7,""health"":0}",,"2024-10-14T06:30:06.245Z",7,true,"670cba6e3072f565c26f654a",3
"6613f49ece72abb1ce9abe0a","670c2dc83072f565c25f7022","[""education"",""business"",""lifestyle"",""current affairs""]","[""education"",""business""]","{""education"":2,""business"":2}",,"{""education"":[""67129d78152c3cf929afaa84"",""67114be63cda8e063eee97b2"",""670ea7ea0795b442f614b13d"",""67114be63cda8e063eee97b8"",""67129d77152c3cf929afaa60"",""67129d7a152c3cf929afaaaf"",""670ea7e90795b442f614b137"",""670ffb23f023f77d46319ef0"",""670ffb22f023f77d46319ede"",""670d57b3dc9a3092b38ea623""],""business"":[""670d560adc9a3092b38e9626"",""670ff8a4f023f77d46319b98"",""670ff8a2f023f77d46319b5c"",""67114a923cda8e063eee942a"",""67129b7a152c3cf929afa753"",""67129b79152c3cf929afa731"",""670ff8a4f023f77d46319b86"",""670d5609dc9a3092b38e9614"",""670ff8a4f023f77d46319b92"",""670d5609dc9a3092b38e9608""]}",,"{""education"":6,""business"":15}",,"2024-10-14T06:30:06.691Z",21,true,"670cba6e3072f565c26f654d",4
"6613f494ce72abb1ce9abddf","670c2dc83072f565c25f7022","[""food"",""health"",""world"",""current affairs""]","[]","{""food"":1}",,"{""food"":[""670d5872dc9a3092b38eaa63"",""67129dd4152c3cf929afab61"",""670ffbe4f023f77d46319f8b"",""670ffbe4f023f77d46319f97"",""670ea8260795b442f614b19f""]}",,"{""food"":0}",,"2024-10-14T06:30:07.139Z",0,true,"670cba6f3072f565c26f6550",1
"6613f4b4ce72abb1ce9abe55","670c2dc83072f565c25f7022","[""food"",""environment"",""crime"",""current affairs""]","[]","{""food"":1}",,"{""food"":[""670d5871dc9a3092b38ea9f6"",""670ea8270795b442f614b1bd"",""67114c173cda8e063eee9849"",""67129dd6152c3cf929afab97"",""670d5875dc9a3092b38eaab4""]}",,"{""food"":0}",,"2024-10-14T06:30:07.615Z",0,true,"670cba6f3072f565c26f6553",1
"6613f49bce72abb1ce9abdfe","670c2dc83072f565c25f7022","[""lifestyle"",""politics"",""entertainment"",""current affairs""]","[""lifestyle""]","{""lifestyle"":2}",,"{""lifestyle"":[""67129e11152c3cf929afabf8"",""670ffbfef023f77d46319fca"",""670ffbfdf023f77d46319fc4"",""67114c543cda8e063eee9955"",""670eaba00795b442f614b5c2"",""670d588adc9a3092b38eaad4"",""67114c543cda8e063eee9949"",""670ffbfff023f77d46319fe2"",""670d588cdc9a3092b38eab16"",""670eaba20795b442f614b5ec""]}",,"{""lifestyle"":10}",,"2024-10-14T06:30:08.076Z",10,true,"670cba703072f565c26f6556",2
"6613f4b8ce72abb1ce9abe64","670c2dc83072f565c25f7022","[""tourism"",""environment"",""science"",""current affairs""]","[]","{""tourism"":1}",,"{""tourism"":[""670ffc21f023f77d4631a025"",""670ffc23f023f77d4631a055"",""67129e67152c3cf929afac30"",""670ffc24f023f77d4631a067"",""670ffc24f023f77d4631a073""]}",,"{""tourism"":6}",,"2024-10-14T06:30:08.559Z",6,true,"670cba703072f565c26f6559",1
"6613f4a3ce72abb1ce9abe19","670c2dc83072f565c25f7022","[""tourism"",""health"",""sports"",""current affairs""]","[""tourism""]","{""tourism"":2}",,"{""tourism"":[""670d589fdc9a3092b38eab3c"",""670d589fdc9a3092b38eab42"",""670eaa870795b442f614b50d"",""67114c693cda8e063eee99c8"",""67129e69152c3cf929afac79"",""670d589edc9a3092b38eab36"",""670d58a0dc9a3092b38eab6c"",""670ffc22f023f77d4631a03d"",""670eaa860795b442f614b4e8"",""670eaa870795b442f614b506""]}",,"{""tourism"":18}",,"2024-10-14T06:30:09.002Z",18,true,"670cba713072f565c26f655c",2
"6613f4cace72abb1ce9abeac","670c2dc83072f565c25f7022","[""environment"",""science"",""entertainment"",""current affairs""]","[]","{}",,"{}",,"{}",,"2024-10-14T06:30:09.441Z",0,,"670cba713072f565c26f655f",0
"6613f4c3ce72abb1ce9abe91","670c2dc83072f565c25f7022","[""sports"",""tourism"",""crime"",""current affairs""]","[]","{""sports"":1}",,"{""sports"":[""67114aeb3cda8e063eee9521"",""670d563edc9a3092b38e9c06"",""67129c07152c3cf929afa840"",""67129c07152c3cf929afa84c"",""67129c08152c3cf929afa86a""]}",,"{""sports"":7}",,"2024-10-14T06:30:09.888Z",7,true,"670cba713072f565c26f6562",1
"6613f4acce72abb1ce9abe3a","670c2dc83072f565c25f7022","[""environment"",""sports"",""education"",""current affairs""]","[]","{}",,"{}",,"{}",,"2024-10-14T06:30:10.337Z",0,,"670cba723072f565c26f6565",0
"6613f4d3ce72abb1ce9abed3","670c2dc83072f565c25f7022","[""environment"",""sports"",""lifestyle"",""current affairs""]","[]","{}",,"{}",,"{}",,"2024-10-14T06:30:10.776Z",0,,"670cba723072f565c26f6568",0
"6613f4d1ce72abb1ce9abeca","670c2dc83072f565c25f7022","[""technology"",""crime"",""health"",""current affairs""]","[]","{}",,"{}",,"{}",,"2024-10-14T06:30:11.216Z",0,,"670cba733072f565c26f656b",0
"6613f4c4ce72abb1ce9abe94","670c2dc83072f565c25f7022","[""technology"",""sports"",""business"",""current affairs""]","[]","{}",,"{}",,"{}",,"2024-10-14T06:30:11.663Z",0,,"670cba733072f565c26f656e",0
"6613f49dce72abb1ce9abe07","670c2dc83072f565c25f7022","[""tourism"",""lifestyle"",""food"",""current affairs""]","[]","{}",,"{}",,"{}",,"2024-10-14T06:30:12.103Z",0,,"670cba743072f565c26f6571",0
"65b1ebbc90ba2e3794e9696d","670c2dc83072f565c25f7022","[""health"",""world"",""business"",""current affairs""]","[""current affairs"",""health"",""world"",""business""]","{""current affairs"":2,""world"":2,""health"":2,""business"":2}",,"{""current affairs"":[""671255da3cda8e063e0b12e1"",""671255f03cda8e063e0b1439"",""671255e73cda8e063e0b13c8"",""671255ef3cda8e063e0b142c"",""671255f63cda8e063e0b1483"",""671255db3cda8e063e0b12f3"",""671255f23cda8e063e0b1452"",""671255e23cda8e063e0b1379"",""671255de3cda8e063e0b1335"",""671255dd3cda8e063e0b1325""],""world"":[""670d5594dc9a3092b38e94c1"",""670d5592dc9a3092b38e9484"",""67114a1e3cda8e063eee9324"",""670ea8690795b442f614b222"",""67114a1c3cda8e063eee92e2"",""67129b37152c3cf929afa37f"",""67114a1d3cda8e063eee9306"",""670d5594dc9a3092b38e94bb"",""67129b38152c3cf929afa3a3"",""67129b35152c3cf929afa352""],""health"":[""670ff9a5f023f77d46319cc6"",""670ff9a5f023f77d46319cd3"",""670d567adc9a3092b38e9c73"",""67114b3c3cda8e063eee959e"",""67114b3d3cda8e063eee95aa"",""670ea9b60795b442f614b301"",""67114b3d3cda8e063eee95b7"",""67114b3b3cda8e063eee9573"",""670d567adc9a3092b38e9c79"",""67114b3a3cda8e063eee9567""],""business"":[""67114a8f3cda8e063eee93dc"",""67129b7a152c3cf929afa74b"",""670d5609dc9a3092b38e9602"",""670ff8a2f023f77d46319b50"",""670d560bdc9a3092b38e963f"",""670ff8a5f023f77d46319ba4"",""67114a8f3cda8e063eee93d6"",""67129b79152c3cf929afa738"",""67114a903cda8e063eee9400"",""670ff8a4f023f77d46319b8c""]}",,"{""current affairs"":32,""world"":32,""health"":32,""business"":43}",,"2024-10-14T15:38:28.464Z",139,false,"670d3af4dc9a3092b38c3cad",12
"6613f4bbce72abb1ce9abe70","670c2dc83072f565c25f7022","[""world"",""science"",""food"",""current affairs""]","[]","{""world"":1}",,"{""world"":[""670ea8680795b442f614b200"",""670ea86a0795b442f614b240"",""67129b37152c3cf929afa397"",""67129b37152c3cf929afa385"",""67114a1d3cda8e063eee9306""]}",,"{""world"":18}",,"2024-10-15T06:30:03.166Z",18,true,"670e0beb0795b442f6071e6e",1
"6613f4a6ce72abb1ce9abe22","670c2dc83072f565c25f7022","[""food"",""politics"",""tourism"",""current affairs""]","[]","{}",,"{}",,"{}",,"2024-10-15T06:30:03.612Z",0,true,"670e0beb0795b442f6071e71",0
"6613f4c1ce72abb1ce9abe88","670c2dc83072f565c25f7022","[""food"",""world"",""technology"",""current affairs""]","[""food""]","{""food"":2}",,"{""food"":[""67129dd3152c3cf929afab55"",""670d5871dc9a3092b38eaa5c"",""67129dd4152c3cf929afab67"",""670ffbe4f023f77d46319f97"",""67114c173cda8e063eee9849"",""670ffbe4f023f77d46319f8b"",""670d5874dc9a3092b38eaaae"",""670d5872dc9a3092b38eaa78"",""67129dd6152c3cf929afab9d"",""67114c173cda8e063eee9855""]}",,"{""food"":17}",,"2024-10-15T06:30:04.266Z",17,true,"670e0bec0795b442f6071e75",2
"6613f4a9ce72abb1ce9abe2e","670c2dc83072f565c25f7022","[""politics"",""lifestyle"",""health"",""current affairs""]","[]","{""politics"":1}",,"{""politics"":[""670ff86ff023f77d46319b28"",""670eaa550795b442f614b482"",""670eaa530795b442f614b458"",""67129b56152c3cf929afa639"",""670eaa530795b442f614b44c""]}",,"{""politics"":0}",,"2024-10-15T06:30:04.723Z",0,true,"670e0bec0795b442f6071e78",1
"6613f4cfce72abb1ce9abec1","670c2dc83072f565c25f7022","[""sports"",""food"",""technology"",""current affairs""]","[""sports""]","{""sports"":2,""food"":1}",,"{""sports"":[""67129c08152c3cf929afa85e"",""67129c08152c3cf929afa852"",""670eaa280795b442f614b410"",""67129c09152c3cf929afa876"",""670d563edc9a3092b38e9c06"",""67129c08152c3cf929afa858"",""67114ae93cda8e063eee94eb"",""67114aeb3cda8e063eee951b"",""67129c09152c3cf929afa87c"",""670ff96bf023f77d46319c71""],""food"":[""670ffbe4f023f77d46319f91"",""67114c163cda8e063eee9831"",""67129dd3152c3cf929afab4f"",""670d5875dc9a3092b38eaab4"",""670ffbe3f023f77d46319f79""]}",,"{""sports"":17,""food"":15}",,"2024-10-15T06:30:05.389Z",32,true,"670e0bed0795b442f6071e7c",3
"6613f4c8ce72abb1ce9abea3","670c2dc83072f565c25f7022","[""tourism"",""lifestyle"",""entertainment"",""current affairs""]","[""tourism""]","{""tourism"":2,""lifestyle"":1}",,"{""tourism"":[""67114c693cda8e063eee99ce"",""67129e69152c3cf929afac79"",""670d589edc9a3092b38eab1e"",""670d58a1dc9a3092b38eab72"",""670d589edc9a3092b38eab36"",""670ffc22f023f77d4631a03d"",""670eaa850795b442f614b4d6"",""670ffc24f023f77d4631a067"",""67114c693cda8e063eee99c8"",""670ffc22f023f77d4631a037""],""lifestyle"":[""670eaba20795b442f614b5ec"",""670ffbfff023f77d46319ffa"",""670ffbfff023f77d46319fe2"",""670ffbfff023f77d46319fe8"",""670d588bdc9a3092b38eaafe""]}",,"{""tourism"":20,""lifestyle"":2}",,"2024-10-15T06:30:05.824Z",22,true,"670e0bed0795b442f6071e7f",3
"6613f4b2ce72abb1ce9abe4f","670c2dc83072f565c25f7022","[""tourism"",""science"",""sports"",""current affairs""]","[""tourism""]","{""tourism"":2}",,"{""tourism"":[""670eaa840795b442f614b4c4"",""67114c673cda8e063eee9992"",""67129e67152c3cf929afac30"",""67129e69152c3cf929afac7f"",""670ffc24f023f77d4631a061"",""67129e69152c3cf929afac66"",""67114c683cda8e063eee99bc"",""67129e69152c3cf929afac79"",""67129e6a152c3cf929afac85"",""670ffc24f023f77d4631a073""]}",,"{""tourism"":7}",,"2024-10-15T06:30:06.292Z",7,true,"670e0bee0795b442f6071e82",2
"6613f497ce72abb1ce9abdec","670c2dc83072f565c25f7022","[""lifestyle"",""tourism"",""world"",""current affairs""]","[]","{}",,"{}",,"{}",,"2024-10-15T06:30:06.744Z",0,true,"670e0bee0795b442f6071e85",0
"6613f4e0ce72abb1ce9abf06","670c2dc83072f565c25f7022","[""politics"",""business"",""education"",""current affairs""]","[]","{""politics"":1}",,"{""politics"":[""67114a533cda8e063eee9356"",""67129b57152c3cf929afa647"",""67114a553cda8e063eee938c"",""670d55acdc9a3092b38e9526"",""67114a563cda8e063eee9392""]}",,"{""politics"":3}",,"2024-10-15T06:30:07.187Z",3,true,"670e0bef0795b442f6071e88",1
"6613f4cdce72abb1ce9abeb8","670c2dc83072f565c25f7022","[""food"",""education"",""lifestyle"",""current affairs""]","[]","{""food"":1}",,"{""food"":[""670d5873dc9a3092b38eaa96"",""67114c153cda8e063eee9825"",""670d5874dc9a3092b38eaa9c"",""670ea8270795b442f614b1ab"",""670ea8280795b442f614b1db""]}",,"{""food"":2}",,"2024-10-15T06:30:07.645Z",2,true,"670e0bef0795b442f6071e8b",1
"6613f4b3ce72abb1ce9abe52","670c2dc83072f565c25f7022","[""business"",""technology"",""health"",""current affairs""]","[""business""]","{""business"":2,""technology"":1}",,"{""business"":[""67114a903cda8e063eee93e8"",""67114a923cda8e063eee941e"",""67129b78152c3cf929afa716"",""67114a8f3cda8e063eee93d6"",""67129b78152c3cf929afa71c"",""670ff8a4f023f77d46319b98"",""67129b79152c3cf929afa729"",""670ff8a3f023f77d46319b6e"",""670d560adc9a3092b38e9632"",""67114a903cda8e063eee93f4""],""technology"":[""67114abe3cda8e063eee94a6"",""670ff908f023f77d46319bf4"",""670d561cdc9a3092b38e9754"",""670ea7660795b442f614b087"",""670ff90af023f77d46319c18""]}",,"{""business"":8,""technology"":2}",,"2024-10-15T06:30:08.084Z",10,true,"670e0bf00795b442f6071e8e",3
"6613f4c0ce72abb1ce9abe82","670c2dc83072f565c25f7022","[""technology"",""education"",""food"",""current affairs""]","[]","{}",,"{}",,"{}",,"2024-10-15T06:30:08.535Z",0,true,"670e0bf00795b442f6071e91",0
"65f300509edbd593b5293db2","670c2dc83072f565c25f7022","[""politics"",""sports"",""education"",""current affairs""]","[""current affairs"",""education"",""sports"",""politics""]","{""current affairs"":2,""education"":2,""sports"":2,""politics"":2}",,"{""current affairs"":[""671255f43cda8e063e0b146b"",""671255e23cda8e063e0b1379"",""671255f03cda8e063e0b1439"",""671255fc3cda8e063e0b14c4"",""671255f53cda8e063e0b1477"",""671255e53cda8e063e0b13ab"",""671255dc3cda8e063e0b1314"",""671255ea3cda8e063e0b13ee"",""671255f73cda8e063e0b1490"",""671255df3cda8e063e0b1347""],""education"":[""670d57b1dc9a3092b38ea5e6"",""67129d77152c3cf929afaa6c"",""670ea7ea0795b442f614b149"",""67114be43cda8e063eee978e"",""67129d7a152c3cf929afaaaf"",""670ffb20f023f77d46319ead"",""670d57b4dc9a3092b38ea635"",""670ffb23f023f77d46319ef0"",""670ea7e80795b442f614b118"",""670d57b2dc9a3092b38ea5fa""],""sports"":[""670eaa270795b442f614b3f2"",""67129c07152c3cf929afa84c"",""67114ae83cda8e063eee94cd"",""670d563fdc9a3092b38e9c25"",""67129c09152c3cf929afa87c"",""670ff96cf023f77d46319c89"",""670ff96bf023f77d46319c71"",""670ff96af023f77d46319c53"",""67129c08152c3cf929afa864"",""670d563edc9a3092b38e9bfa""],""politics"":[""67114a543cda8e063eee9362"",""670d55abdc9a3092b38e94fe"",""67129b57152c3cf929afa647"",""670eaa550795b442f614b488"",""67114a543cda8e063eee9368"",""670ff86ff023f77d46319b28"",""670ff86ff023f77d46319b16"",""67114a573cda8e063eee93b0"",""67129b57152c3cf929afa640"",""670eaa530795b442f614b45e""]}",,"{""current affairs"":31,""education"":20,""sports"":22,""politics"":29}",,"2024-10-15T10:06:21.114Z",102,false,"670e3e9d0795b442f60b9568",12
"667d9d31ede918c194e96af9","670c2dc83072f565c25f7022","[""health"",""food"",""entertainment"",""current affairs""]","[""health"",""food"",""current affairs"",""entertainment""]","{""food"":2,""health"":2,""current affairs"":2,""entertainment"":2}",,"{""food"":[""670ffbe4f023f77d46319f85"",""67114c173cda8e063eee9849"",""67114c163cda8e063eee9831"",""67129dd3152c3cf929afab55"",""67129dd5152c3cf929afab79"",""670d5874dc9a3092b38eaaae"",""670ffbe2f023f77d46319f4f"",""670ea8280795b442f614b1d5"",""67129dd6152c3cf929afab91"",""67129dd3152c3cf929afab49""],""health"":[""67114b3d3cda8e063eee95b7"",""670ea9b80795b442f614b33e"",""67114b3a3cda8e063eee9567"",""670d567ddc9a3092b38e9ccd"",""67129c49152c3cf929afa8d7"",""670ea9b70795b442f614b32c"",""67114b3d3cda8e063eee95b1"",""67129c49152c3cf929afa8cb"",""670d567ddc9a3092b38e9cc7"",""67129c49152c3cf929afa8e3""],""current affairs"":[""671255db3cda8e063e0b12f3"",""671255fb3cda8e063e0b14bc"",""671255e73cda8e063e0b13c8"",""671255fa3cda8e063e0b14b4"",""671255e43cda8e063e0b139b"",""671255e53cda8e063e0b13ab"",""671255da3cda8e063e0b12e1"",""671255ed3cda8e063e0b1413"",""671255f93cda8e063e0b14a9"",""671255f33cda8e063e0b145e""],""entertainment"":[""67114bfd3cda8e063eee97db"",""670eab660795b442f614b554"",""670eab660795b442f614b55a"",""67129d9e152c3cf929afab05"",""670d581adc9a3092b38ea6f4"",""67114bfc3cda8e063eee97cf"",""67129d9e152c3cf929afaaff"",""670eab660795b442f614b566"",""670eab650795b442f614b542"",""67129d9e152c3cf929afab0b""]}",,"{""food"":20,""health"":46,""current affairs"":21,""entertainment"":21}",,"2024-10-16T05:54:38.006Z",108,false,"670f551e0795b442f627b884",12
"6613f4b1ce72abb1ce9abe49","670c2dc83072f565c25f7022","[""tourism"",""food"",""education"",""current affairs""]","[]","{""tourism"":1}",,"{""tourism"":[""670ffc22f023f77d4631a02b"",""670ffc21f023f77d4631a019"",""67129e67152c3cf929afac3c"",""67114c683cda8e063eee99b6"",""67114c683cda8e063eee99aa""]}",,"{""tourism"":0}",,"2024-10-16T06:30:03.675Z",0,true,"670f5d6b0795b442f627c2dd",1
"6613f4bece72abb1ce9abe7c","670c2dc83072f565c25f7022","[""crime"",""education"",""food"",""current affairs""]","[]","{""crime"":1}",,"{""crime"":[""67129d5f152c3cf929afaa30"",""670eac0b0795b442f614b680"",""67129d60152c3cf929afaa42"",""670ffafaf023f77d46319e46"",""670ffafcf023f77d46319e76""]}",,"{""crime"":2}",,"2024-10-16T06:30:04.117Z",2,true,"670f5d6c0795b442f627c2e0",1
"6613f4a5ce72abb1ce9abe1f","670c2dc83072f565c25f7022","[""politics"",""food"",""entertainment"",""current affairs""]","[]","{}",,"{}",,"{}",,"2024-10-16T06:30:05.425Z",0,true,"670f5d6d0795b442f627c2e8",0
"6613f4b1ce72abb1ce9abe4c","670c2dc83072f565c25f7022","[""crime"",""science"",""education"",""current affairs""]","[]","{""crime"":1}",,"{""crime"":[""670eac0b0795b442f614b686"",""67114bcc3cda8e063eee971d"",""670ffafaf023f77d46319e4c"",""670eac0c0795b442f614b6aa"",""67129d60152c3cf929afaa48""]}",,"{""crime"":23}",,"2024-10-16T06:30:04.988Z",23,true,"670f5d6c0795b442f627c2e5",1
"6613f4dace72abb1ce9abeee","670c2dc83072f565c25f7022","[""education"",""science"",""sports"",""current affairs""]","[]","{}",,"{}",,"{}",,"2024-10-16T06:30:03.239Z",0,true,"670f5d6b0795b442f627c2da",0
"6613f4afce72abb1ce9abe43","670c2dc83072f565c25f7022","[""technology"",""environment"",""world"",""current affairs""]","[]","{}",,"{}",,"{}",,"2024-10-16T06:30:02.780Z",0,true,"670f5d6a0795b442f627c2d7",0
"6613f4bfce72abb1ce9abe7f","670c2dc83072f565c25f7022","[""politics"",""world"",""food"",""current affairs""]","[]","{""politics"":1}",,"{""politics"":[""67129b56152c3cf929afa632"",""670ff86ef023f77d46319afe"",""67114a553cda8e063eee9380"",""670ff86ff023f77d46319b1c"",""670d55acdc9a3092b38e9510""]}",,"{""politics"":0}",,"2024-10-16T06:30:06.078Z",0,true,"670f5d6e0795b442f627c2ec",1
"6613f4a6ce72abb1ce9abe25","670c2dc83072f565c25f7022","[""health"",""business"",""politics"",""current affairs""]","[""health""]","{""health"":2}",,"{""health"":[""670d567cdc9a3092b38e9ca3"",""670ea9b80795b442f614b332"",""670d567ddc9a3092b38e9cc7"",""670d567bdc9a3092b38e9c97"",""67114b3d3cda8e063eee95bf"",""670ff9a6f023f77d46319cd9"",""67114b3b3cda8e063eee9585"",""67129c4a152c3cf929afa8f6"",""67129c48152c3cf929afa8b3"",""670ff9a7f023f77d46319cf1""]}",,"{""health"":24}",,"2024-10-16T06:30:06.516Z",24,true,"670f5d6e0795b442f627c2ef",2
"6613f495ce72abb1ce9abde6","670c2dc83072f565c25f7022","[""health"",""tourism"",""technology"",""current affairs""]","[]","{}",,"{}",,"{}",,"2024-10-16T06:30:07.174Z",0,true,"670f5d6f0795b442f627c2f3",0
"661d1b2215323b828c65ac04","670c2dc83072f565c25f7022","[""crime"",""entertainment"",""education"",""current affairs""]","[]","{""crime"":1,""entertainment"":1,""education"":1,""current affairs"":1}",,"{""crime"":[""670eac090795b442f614b650"",""67114bcb3cda8e063eee9705"",""670ffaf9f023f77d46319e34"",""67129d60152c3cf929afaa42"",""67129d5e152c3cf929afaa11""],""entertainment"":[""67114bfc3cda8e063eee97c9"",""67114bfe3cda8e063eee9805"",""67114bfd3cda8e063eee97db"",""670eab670795b442f614b584"",""670eab650795b442f614b542""],""education"":[""670d57b3dc9a3092b38ea608"",""670ffb21f023f77d46319ec6"",""670d57b2dc9a3092b38ea5ed"",""67114be63cda8e063eee97b8"",""67114be53cda8e063eee97a0""],""current affairs"":[""671255db3cda8e063e0b12f3"",""671255ff3cda8e063e0b14dc"",""671255e03cda8e063e0b1357"",""671255e93cda8e063e0b13e1"",""671255e63cda8e063e0b13ba""]}",,"{""crime"":0,""entertainment"":48,""education"":31,""current affairs"":47}",,"2024-10-16T07:13:09.110Z",126,false,"670f67850795b442f62a052c",4
"6613f4aace72abb1ce9abe31","670c2dc83072f565c25f7022","[""technology"",""business"",""crime"",""current affairs""]","[""technology""]","{""technology"":2}",,"{""technology"":[""670ff908f023f77d46319bdc"",""670ff907f023f77d46319bd6"",""670ea7650795b442f614b06f"",""67129bd0152c3cf929afa7d2"",""67114abd3cda8e063eee9488"",""67129bd1152c3cf929afa7de"",""670d561edc9a3092b38e978e"",""670ff908f023f77d46319be8"",""670d561cdc9a3092b38e9754"",""67114abc3cda8e063eee9481""]}",,"{""technology"":15}",,"2024-10-17T06:30:02.517Z",15,true,"6710aeeaf023f77d4644d846",2
"6613f4cece72abb1ce9abebe","670c2dc83072f565c25f7022","[""science"",""education"",""tourism"",""current affairs""]","[]","{""science"":1}",,"{""science"":[""67114b723cda8e063eee9647"",""670ff9baf023f77d46319d1e"",""670ea9ef0795b442f614b3b5"",""67129c92152c3cf929afa96c"",""67129c93152c3cf929afa974""]}",,"{""science"":3}",,"2024-10-17T06:30:05.566Z",3,true,"6710aeedf023f77d4644d859",1
"6613f499ce72abb1ce9abdf5","670c2dc83072f565c25f7022","[""business"",""education"",""health"",""current affairs""]","[]","{}",,"{}",,"{}",,"2024-10-17T06:30:04.051Z",0,true,"6710aeecf023f77d4644d84f",0
"6613f4ddce72abb1ce9abefa","670c2dc83072f565c25f7022","[""tourism"",""business"",""education"",""current affairs""]","[]","{}",,"{}",,"{}",,"2024-10-17T06:30:05.998Z",0,true,"6710aeedf023f77d4644d85c",0
"6613f495ce72abb1ce9abde3","670c2dc83072f565c25f7022","[""health"",""technology"",""entertainment"",""current affairs""]","[""health""]","{""health"":2}",,"{""health"":[""670ea9b70795b442f614b32c"",""670d567bdc9a3092b38e9c8b"",""670d567ddc9a3092b38e9ccd"",""670d567cdc9a3092b38e9cbb"",""670ff9a5f023f77d46319cb7"",""67114b3c3cda8e063eee959e"",""67129c4a152c3cf929afa8fc"",""67129c48152c3cf929afa8b9"",""67114b3d3cda8e063eee95b7"",""67129c4a152c3cf929afa8e9""]}",,"{""health"":28}",,"2024-10-17T06:30:03.619Z",28,true,"6710aeebf023f77d4644d84c",2
"6613f4b7ce72abb1ce9abe5e","670c2dc83072f565c25f7022","[""tourism"",""business"",""lifestyle"",""current affairs""]","[""tourism""]","{""tourism"":2,""business"":1}",,"{""tourism"":[""670eaa860795b442f614b4e8"",""670eaa850795b442f614b4ca"",""67114c683cda8e063eee99b0"",""67114c663cda8e063eee9986"",""670ffc24f023f77d4631a067"",""670ffc22f023f77d4631a037"",""670eaa860795b442f614b4f4"",""67114c693cda8e063eee99ce"",""670ffc24f023f77d4631a073"",""670eaa850795b442f614b4e2""],""business"":[""670ff8a3f023f77d46319b7a"",""67114a923cda8e063eee941e"",""67129b79152c3cf929afa729"",""67114a903cda8e063eee93f4"",""67129b79152c3cf929afa73f""]}",,"{""tourism"":2,""business"":3}",,"2024-10-17T06:30:04.701Z",5,true,"6710aeecf023f77d4644d853",3
"6613f4c2ce72abb1ce9abe8b","670c2dc83072f565c25f7022","[""science"",""education"",""entertainment"",""current affairs""]","[]","{}",,"{}",,"{}",,"2024-10-17T06:30:05.133Z",0,true,"6710aeedf023f77d4644d856",0
"6613f4d0ce72abb1ce9abec4","670c2dc83072f565c25f7022","[""science"",""crime"",""lifestyle"",""current affairs""]","[]","{""science"":1}",,"{""science"":[""670d5691dc9a3092b38e9d8b"",""670d5691dc9a3092b38e9d79"",""670d568fdc9a3092b38e9d5b"",""670ff9baf023f77d46319d1e"",""670ff9baf023f77d46319d12""]}",,"{""science"":0}",,"2024-10-17T06:30:06.431Z",0,true,"6710aeeef023f77d4644d85f",1
"6613f4a7ce72abb1ce9abe28","670c2dc83072f565c25f7022","[""sports"",""education"",""lifestyle"",""current affairs""]","[]","{""sports"":1}",,"{""sports"":[""67129c08152c3cf929afa864"",""670d563edc9a3092b38e9bf4"",""670d5640dc9a3092b38e9c3a"",""670eaa260795b442f614b3d4"",""670eaa270795b442f614b3f2""]}",,"{""sports"":0}",,"2024-10-17T06:30:07.295Z",0,true,"6710aeeff023f77d4644d865",1
"6613f4c6ce72abb1ce9abe9a","670c2dc83072f565c25f7022","[""business"",""tourism"",""sports"",""current affairs""]","[]","{}",,"{}",,"{}",,"2024-10-17T06:30:06.863Z",0,true,"6710aeeef023f77d4644d862",0
"66c74acc88bebbaf4339712a","670c2dc83072f565c25f7022","[""sports"",""health"",""education"",""current affairs""]","[]","{}",,"{}",,"{}",,"2024-10-17T15:16:28.883Z",0,true,"67112a4c3cda8e063eec394e",0
"662b304a42129b6af7d4f0af","670c2dc83072f565c25f7022","[""world"",""politics"",""business"",""current affairs""]","[]","{""world"":1,""politics"":1,""business"":1,""current affairs"":1}",,"{""world"":[""670ea86a0795b442f614b22e"",""670ff840f023f77d46319a89"",""670d5595dc9a3092b38e94d5"",""670d5593dc9a3092b38e9490"",""670ea8690795b442f614b216""],""politics"":[""670d55aadc9a3092b38e94eb"",""670eaa560795b442f614b4a0"",""670eaa550795b442f614b488"",""67129b57152c3cf929afa64e"",""670d55addc9a3092b38e953e""],""business"":[""670ff8a4f023f77d46319b98"",""670ff8a3f023f77d46319b6e"",""670d560adc9a3092b38e9626"",""67129b7a152c3cf929afa74b"",""670d560adc9a3092b38e962c""],""current affairs"":[""671256043cda8e063e0b1504"",""671255dd3cda8e063e0b1325"",""671256013cda8e063e0b14ec"",""671255dc3cda8e063e0b1303"",""671255e63cda8e063e0b13ba""]}",,"{""world"":42,""politics"":16,""business"":8,""current affairs"":37}",,"2024-10-18T02:02:44.712Z",103,false,"6711c1c43cda8e063efd7c2d",4
"653548118a2815874166fa66","670c2dc83072f565c25f7022","[""sports"",""entertainment"",""business"",""current affairs""]","[""sports"",""entertainment"",""business"",""current affairs""]","{""sports"":2,""entertainment"":2,""business"":2,""current affairs"":2}",,"{""sports"":[""67114aea3cda8e063eee9509"",""670ff96af023f77d46319c4d"",""67114ae83cda8e063eee94d9"",""670d563edc9a3092b38e9bf4"",""67114aea3cda8e063eee950f"",""670d563edc9a3092b38e9c00"",""67129c09152c3cf929afa870"",""67114aea3cda8e063eee94f7"",""67129c08152c3cf929afa852"",""67114ae93cda8e063eee94f1""],""entertainment"":[""67114bfc3cda8e063eee97cf"",""67129d9f152c3cf929afab1d"",""67129d9d152c3cf929afaae7"",""67129d9c152c3cf929afaacf"",""67114bfe3cda8e063eee980b"",""67129d9d152c3cf929afaaf3"",""670eab680795b442f614b590"",""670eab650795b442f614b548"",""670d581adc9a3092b38ea6f4"",""670eab660795b442f614b55a""],""business"":[""670ff8a4f023f77d46319b92"",""67129b79152c3cf929afa731"",""67129b78152c3cf929afa716"",""670ff8a3f023f77d46319b68"",""670d5608dc9a3092b38e95fc"",""67129b78152c3cf929afa723"",""670ff8a3f023f77d46319b7a"",""670ff8a4f023f77d46319b8c"",""67129b7a152c3cf929afa753"",""67114a903cda8e063eee93fa""],""current affairs"":[""671256053cda8e063e0b150c"",""671255f83cda8e063e0b149c"",""671255e43cda8e063e0b139b"",""671255ed3cda8e063e0b1413"",""671255eb3cda8e063e0b13fa"",""671255fe3cda8e063e0b14d4"",""671256043cda8e063e0b1504"",""671255e03cda8e063e0b1357"",""671255f93cda8e063e0b14a9"",""671255f53cda8e063e0b1477""]}",,"{""sports"":76,""entertainment"":23,""business"":19,""current affairs"":42}",,"2024-10-18T03:58:46.085Z",160,false,"6711dcf63cda8e063effb4df",12
"660161af451e8641829f6113","670c2dc83072f565c25f7022","[""tourism"",""technology"",""food"",""current affairs""]","[""technology"",""current affairs""]","{""tourism"":1,""technology"":2,""food"":1,""current affairs"":2}",,"{""tourism"":[""670ffc23f023f77d4631a04f"",""67114c673cda8e063eee99a4"",""670d589edc9a3092b38eab1e"",""670ffc23f023f77d4631a05b"",""67114c673cda8e063eee9998""],""technology"":[""670d561edc9a3092b38e979a"",""670ff909f023f77d46319c06"",""67129bd2152c3cf929afa7fc"",""67129bd2152c3cf929afa808"",""670ea7670795b442f614b0a5"",""670d561cdc9a3092b38e9760"",""67114abc3cda8e063eee946d"",""67114abb3cda8e063eee945a"",""670ea7640795b442f614b063"",""670d561edc9a3092b38e9782""],""food"":[""67129dd3152c3cf929afab55"",""670d5872dc9a3092b38eaa63"",""67129dd4152c3cf929afab67"",""670ea8260795b442f614b19f"",""67114c193cda8e063eee987f""],""current affairs"":[""671255dd3cda8e063e0b1325"",""671255e53cda8e063e0b13ab"",""671255f23cda8e063e0b1452"",""671256023cda8e063e0b14f4"",""671256013cda8e063e0b14ec"",""671255f03cda8e063e0b1439"",""671256053cda8e063e0b150c"",""671255ed3cda8e063e0b1413"",""671255e23cda8e063e0b1379"",""671255dc3cda8e063e0b1303""]}",,"{""tourism"":20,""technology"":61,""food"":50,""current affairs"":20}",,"2024-10-18T05:54:29.375Z",151,false,"6711f815b8fe681e8ab0b57c",8
"6613f4a0ce72abb1ce9abe10","670c2dc83072f565c25f7022","[""politics"",""technology"",""science"",""current affairs""]","[]","{""politics"":1}",,"{""politics"":[""670d55acdc9a3092b38e9518"",""670d55addc9a3092b38e952c"",""67114a573cda8e063eee93b0"",""670eaa550795b442f614b48e"",""670d55abdc9a3092b38e94f8""]}",,"{""politics"":29}",,"2024-10-18T06:30:03.956Z",29,true,"6712006b3cda8e063e0202ec",1
"6613f4b6ce72abb1ce9abe5b","670c2dc83072f565c25f7022","[""health"",""lifestyle"",""tourism"",""current affairs""]","[]","{}",,"{}",,"{}",,"2024-10-18T06:30:04.699Z",0,true,"6712006c3cda8e063e0202f0",0
"6613f4b5ce72abb1ce9abe58","670c2dc83072f565c25f7022","[""business"",""crime"",""politics"",""current affairs""]","[""business""]","{""business"":2}",,"{""business"":[""670ff8a5f023f77d46319ba4"",""670d560bdc9a3092b38e9639"",""670d5608dc9a3092b38e95ef"",""67114a913cda8e063eee9412"",""670ff8a4f023f77d46319b8c"",""67114a913cda8e063eee940c"",""670d5608dc9a3092b38e95fc"",""67129b77152c3cf929afa709"",""670d560adc9a3092b38e9632"",""670ff8a3f023f77d46319b68""]}",,"{""business"":39}",,"2024-10-18T06:30:05.361Z",39,true,"6712006d3cda8e063e0202f4",2
"6613f4bcce72abb1ce9abe73","670c2dc83072f565c25f7022","[""crime"",""world"",""education"",""current affairs""]","[""crime""]","{""crime"":2}",,"{""crime"":[""67114bca3cda8e063eee96f7"",""67114bcc3cda8e063eee971d"",""67114bcc3cda8e063eee9729"",""67129d5f152c3cf929afaa30"",""670ffafaf023f77d46319e40"",""670ffafcf023f77d46319e82"",""670ffafaf023f77d46319e4c"",""670eac0b0795b442f614b68c"",""670ffafbf023f77d46319e5e"",""67129d5f152c3cf929afaa29""]}",,"{""crime"":0}",,"2024-10-18T06:30:06.243Z",0,true,"6712006e3cda8e063e0202f9",2
"6613f4d2ce72abb1ce9abecd","670c2dc83072f565c25f7022","[""entertainment"",""crime"",""science"",""current affairs""]","[]","{""entertainment"":1}",,"{""entertainment"":[""670d5818dc9a3092b38ea6cf"",""670d5817dc9a3092b38ea6ad"",""67114bfe3cda8e063eee97f3"",""67114bfd3cda8e063eee97e1"",""670d581adc9a3092b38ea6fa""]}",,"{""entertainment"":6}",,"2024-10-18T06:30:06.686Z",6,true,"6712006e3cda8e063e0202fc",1
"6613f49bce72abb1ce9abdfb","670c2dc83072f565c25f7022","[""technology"",""business"",""tourism"",""current affairs""]","[]","{}",,"{}",,"{}",,"2024-10-18T06:30:07.349Z",0,true,"6712006f3cda8e063e020300",0
"65fe496b205cf6d5f81e91fb","670c2dc83072f565c25f7022","[""food"",""entertainment"",""health"",""current affairs""]","[""food"",""entertainment"",""health"",""current affairs""]","{""food"":2,""entertainment"":2,""health"":2,""current affairs"":2}",,"{""food"":[""670ffbe1f023f77d46319f43"",""670d5874dc9a3092b38eaaae"",""670ea8280795b442f614b1cf"",""670ea8270795b442f614b1ab"",""670ffbe3f023f77d46319f73"",""67129dd4152c3cf929afab67"",""67129dd4152c3cf929afab5b"",""67114c183cda8e063eee9873"",""670d5874dc9a3092b38eaa9c"",""67129dd4152c3cf929afab61""],""entertainment"":[""670d5818dc9a3092b38ea6c3"",""670eab650795b442f614b53c"",""670eab650795b442f614b548"",""67129d9e152c3cf929afaaff"",""670d5819dc9a3092b38ea6dc"",""67129d9e152c3cf929afab05"",""67114bfe3cda8e063eee97ff"",""670d5818dc9a3092b38ea6cf"",""67129d9c152c3cf929afaacf"",""670d5819dc9a3092b38ea6e8""],""health"":[""670ea9b60795b442f614b307"",""670ff9a7f023f77d46319cf7"",""67129c49152c3cf929afa8e3"",""670ff9a6f023f77d46319ce5"",""670ff9a6f023f77d46319ceb"",""670d567bdc9a3092b38e9c91"",""67129c49152c3cf929afa8dd"",""670d567ddc9a3092b38e9cc7"",""670d567ddc9a3092b38e9ccd"",""670d567cdc9a3092b38e9cbb""],""current affairs"":[""671255e63cda8e063e0b13ba"",""671255dc3cda8e063e0b1314"",""671255fa3cda8e063e0b14b4"",""671255fb3cda8e063e0b14bc"",""671256053cda8e063e0b150c"",""671255e33cda8e063e0b1389"",""671255f63cda8e063e0b1483"",""671255db3cda8e063e0b12f3"",""671255e43cda8e063e0b139b"",""671255ee3cda8e063e0b1420""]}",,"{""food"":38,""entertainment"":17,""health"":31,""current affairs"":31}",,"2024-10-18T15:44:22.025Z",117,false,"67128256a8b8f81ccba2d676",12
"66210e6094d2c53bd0b70ccc","670c2dc83072f565c25f7022","[""health"",""lifestyle"",""food"",""current affairs""]","[]","{""health"":1,""lifestyle"":1,""food"":1}",,"{""health"":[""67114b3a3cda8e063eee9567"",""670ff9a6f023f77d46319cdf"",""670ea9b60795b442f614b30d"",""67129c48152c3cf929afa8b9"",""670ea9b70795b442f614b31a""],""lifestyle"":[""670eab9f0795b442f614b5aa"",""670ffbfff023f77d46319ff4"",""670eaba20795b442f614b5f8"",""67114c553cda8e063eee9961"",""67114c533cda8e063eee9931""],""food"":[""670ffbe2f023f77d46319f5b"",""670ea8270795b442f614b1bd"",""670ffbe3f023f77d46319f73"",""670d5872dc9a3092b38eaa63"",""670d5874dc9a3092b38eaaa2""]}",,"{""health"":9,""lifestyle"":8,""food"":0}",,"2024-10-18T16:16:38.993Z",17,false,"671289e6a8b8f81ccba30a19",3
"66f6d74b4d63eec9a889ea04","670c2dc83072f565c25f7022","[""sports"",""education"",""technology"",""current affairs""]","[]","{""sports"":1,""education"":1,""technology"":1,""current affairs"":1}",,"{""sports"":[""670eaa280795b442f614b404"",""67114aeb3cda8e063eee9515"",""670eaa280795b442f614b3fe"",""670d5640dc9a3092b38e9c2b"",""670ff96df023f77d46319c9b""],""education"":[""67129d78152c3cf929afaa7e"",""670d57b1dc9a3092b38ea5e6"",""67129d78152c3cf929afaa84"",""67114be53cda8e063eee979a"",""670ea7e80795b442f614b118""],""technology"":[""670ea7650795b442f614b07b"",""67114abc3cda8e063eee946d"",""67129bd1152c3cf929afa7f0"",""670ff909f023f77d46319c00"",""67129bd1152c3cf929afa7de""],""current affairs"":[""671255f03cda8e063e0b1439"",""671256033cda8e063e0b14fc"",""671256053cda8e063e0b150c"",""671256013cda8e063e0b14ec"",""671255f73cda8e063e0b1490""]}",,"{""sports"":38,""education"":85,""technology"":65,""current affairs"":20}",,"2024-10-18T16:42:40.598Z",208,false,"67129000152c3cf929ad5e2a",4
"66f6ca6a4d63eec9a8850973","670c2dc83072f565c25f7022","[""world"",""sports"",""science"",""current affairs""]","[""world"",""science"",""current affairs"",""sports""]","{""world"":2,""current affairs"":2,""science"":2,""sports"":2}",,"{""world"":[""670ea8680795b442f614b20e"",""67129b35152c3cf929afa34c"",""67129b37152c3cf929afa37f"",""670d5595dc9a3092b38e94c7"",""670d5593dc9a3092b38e9496"",""67129b35152c3cf929afa359"",""67129b37152c3cf929afa38b"",""67114a1c3cda8e063eee92e2"",""67129b37152c3cf929afa391"",""670d5592dc9a3092b38e948a""],""current affairs"":[""671255e23cda8e063e0b1379"",""671255dc3cda8e063e0b1314"",""671256043cda8e063e0b1504"",""671255dd3cda8e063e0b1325"",""671255df3cda8e063e0b1347"",""671255e43cda8e063e0b139b"",""671255ed3cda8e063e0b1413"",""671255f93cda8e063e0b14a9"",""671255f53cda8e063e0b1477"",""671255e63cda8e063e0b13ba""],""science"":[""670ff9bcf023f77d46319d43"",""670ff9bcf023f77d46319d58"",""670d5691dc9a3092b38e9d7f"",""670d5691dc9a3092b38e9d79"",""670d568fdc9a3092b38e9d4f"",""670ff9bdf023f77d46319d6a"",""670d5691dc9a3092b38e9d91"",""67129c93152c3cf929afa974"",""670d5692dc9a3092b38e9d97"",""670d5690dc9a3092b38e9d67""],""sports"":[""670ff96cf023f77d46319c7d"",""67129c08152c3cf929afa858"",""67114aeb3cda8e063eee9515"",""670eaa290795b442f614b428"",""670ff96bf023f77d46319c65"",""670d563fdc9a3092b38e9c19"",""67114ae93cda8e063eee94eb"",""670d563fdc9a3092b38e9c0c"",""670d5640dc9a3092b38e9c2b"",""67129c09152c3cf929afa870""]}",,"{""world"":33,""current affairs"":82,""science"":24,""sports"":34}",,"2024-10-18T16:47:56.766Z",173,false,"6712913c152c3cf929ad65bc",12
"660167b035a59cd25a6b1d3c","670c2dc83072f565c25f7022","[""lifestyle"",""food"",""technology"",""current affairs""]","[]","{}",,"{}",,"{}",,"2024-10-18T16:50:18.547Z",0,true,"671291ca152c3cf929ad6e9e",0
"6613f4b1ce72abb1ce9abe49","67156849a2ce13f674a8c7ef","[""lifestyle"",""health"",""tourism"",""current affairs""]","[""lifestyle""]","{""lifestyle"":2,""health"":1}",,"{""lifestyle"":[""671bd8d30dca5ff402cfb861"",""671933f074cda7fbcdb3ae4c"",""671a882def1dc9d1c1b5786f"",""6717e53c74cda7fbcd914fae"",""67168fd9a2ce13f674c789a4"",""671933f074cda7fbcdb3ae40"",""671933ef74cda7fbcdb3ae22"",""671933ef74cda7fbcdb3ae1c"",""671bd8d20dca5ff402cfb843"",""671a882eef1dc9d1c1b57899""],""health"":[""6716901ca2ce13f674c78a13"",""671a863aef1dc9d1c1b57586"",""6719346374cda7fbcdb3af04"",""6717e2ac74cda7fbcd9148e1"",""6719346374cda7fbcdb3aefe""]}",,"{""lifestyle"":2,""health"":3}",,"2024-10-21T06:30:09.407Z",5,true,"6715f4f1a2ce13f674b9c3e2",3
"6613f4a9ce72abb1ce9abe2e","67156849a2ce13f674a8c7ef","[""health"",""business"",""lifestyle"",""current affairs""]","[""health""]","{""health"":2,""business"":1}",,"{""health"":[""671a8639ef1dc9d1c1b57566"",""6716901ca2ce13f674c78a19"",""671a863aef1dc9d1c1b5758c"",""6717e2a974cda7fbcd91489b"",""671a863cef1dc9d1c1b575ba"",""6716901ba2ce13f674c78a07"",""6719346474cda7fbcdb3af24"",""671a8639ef1dc9d1c1b57572"",""6717e2ab74cda7fbcd9148d2"",""6716901aa2ce13f674c789e9""],""business"":[""671bd9b00dca5ff402cfb952"",""671691a6a2ce13f674c78da3"",""6719332674cda7fbcdb3aca1"",""671a8538ef1dc9d1c1b57422"",""671a8535ef1dc9d1c1b573d3""]}",,"{""health"":0,""business"":3}",,"2024-10-21T06:30:06.772Z",3,true,"6715f4eea2ce13f674b9c3d0",3
"6613f4cece72abb1ce9abebe","67156849a2ce13f674a8c7ef","[""technology"",""crime"",""lifestyle"",""current affairs""]","[]","{""technology"":1}",,"{""technology"":[""6717e22374cda7fbcd914802"",""6717e22274cda7fbcd9147e9"",""67169079a2ce13f674c78ac5"",""6719367174cda7fbcdb3b2e3"",""671a8582ef1dc9d1c1b57498""]}",,"{""technology"":17}",,"2024-10-21T06:30:07.654Z",17,true,"6715f4efa2ce13f674b9c3d6",1
"6613f4cace72abb1ce9abeac","67156849a2ce13f674a8c7ef","[""tourism"",""politics"",""education"",""current affairs""]","[]","{""tourism"":1}",,"{""tourism"":[""67169055a2ce13f674c78a9a"",""6717e55d74cda7fbcd915003"",""6717e55e74cda7fbcd915027"",""6717e55e74cda7fbcd91502d"",""671bd76f0dca5ff402cfb6d6""]}",,"{""tourism"":16}",,"2024-10-21T06:30:08.093Z",16,true,"6715f4f0a2ce13f674b9c3d9",1
"6613f4bece72abb1ce9abe79","67156849a2ce13f674a8c7ef","[""lifestyle"",""world"",""technology"",""current affairs""]","[]","{}",,"{}",,"{}",,"2024-10-21T06:30:04.124Z",0,true,"6715f4eca2ce13f674b9c3bc",0
"6613f49fce72abb1ce9abe0d","67156849a2ce13f674a8c7ef","[""health"",""lifestyle"",""technology"",""current affairs""]","[]","{}",,"{}",,"{}",,"2024-10-21T06:30:05.447Z",0,true,"6715f4eda2ce13f674b9c3c5",0
"6613f4b6ce72abb1ce9abe5b","67156849a2ce13f674a8c7ef","[""health"",""lifestyle"",""education"",""current affairs""]","[""health""]","{""health"":2}",,"{""health"":[""671a863bef1dc9d1c1b575b4"",""6716901da2ce13f674c78a2b"",""6717e2ac74cda7fbcd9148e7"",""6716901aa2ce13f674c789dd"",""6719346274cda7fbcdb3aeec"",""671a863aef1dc9d1c1b57598"",""671a863aef1dc9d1c1b57586"",""6719346274cda7fbcdb3aef8"",""671a863aef1dc9d1c1b5758c"",""6716901ca2ce13f674c78a13""]}",,"{""health"":20}",,"2024-10-21T06:30:05.884Z",20,true,"6715f4eda2ce13f674b9c3c9",2
"6613f49dce72abb1ce9abe07","67156849a2ce13f674a8c7ef","[""lifestyle"",""education"",""sports"",""current affairs""]","[""lifestyle""]","{""lifestyle"":2,""education"":1}",,"{""lifestyle"":[""671bd8d40dca5ff402cfb879"",""671933f074cda7fbcdb3ae46"",""671a882fef1dc9d1c1b578a5"",""671bd8d10dca5ff402cfb83d"",""671933ef74cda7fbcdb3ae1c"",""67168fd7a2ce13f674c78976"",""671bd8d40dca5ff402cfb885"",""671933ed74cda7fbcdb3adf8"",""67168fd8a2ce13f674c78998"",""67168fd7a2ce13f674c7897e""],""education"":[""6717e45074cda7fbcd914ee6"",""6719355c74cda7fbcdb3b0ca"",""671bd8f60dca5ff402cfb8bd"",""6716910ca2ce13f674c78baf"",""6719355d74cda7fbcdb3b0d6""]}",,"{""lifestyle"":8,""education"":10}",,"2024-10-21T06:30:04.561Z",18,true,"6715f4eca2ce13f674b9c3bf",3
"6613f4abce72abb1ce9abe34","67156849a2ce13f674a8c7ef","[""politics"",""health"",""entertainment"",""current affairs""]","[]","{}",,"{}",,"{}",,"2024-10-21T06:30:04.997Z",0,true,"6715f4eca2ce13f674b9c3c2",0
"6613f4a8ce72abb1ce9abe2b","67156849a2ce13f674a8c7ef","[""sports"",""education"",""technology"",""current affairs""]","[""sports""]","{""sports"":2}",,"{""sports"":[""67169130a2ce13f674c78c40"",""67169131a2ce13f674c78c4c"",""671a85c8ef1dc9d1c1b5751b"",""67169132a2ce13f674c78c6c"",""671bd91e0dca5ff402cfb937"",""671a85c6ef1dc9d1c1b574f1"",""671bd91e0dca5ff402cfb93d"",""671a85c8ef1dc9d1c1b57515"",""6716912fa2ce13f674c78c1c"",""6719361b74cda7fbcdb3b222""]}",,"{""sports"":20}",,"2024-10-21T06:30:07.209Z",20,true,"6715f4efa2ce13f674b9c3d3",2
"6613f49ece72abb1ce9abe0a","67156849a2ce13f674a8c7ef","[""technology"",""science"",""sports"",""current affairs""]","[""technology""]","{""technology"":2}",,"{""technology"":[""67169079a2ce13f674c78ad1"",""67169078a2ce13f674c78ab9"",""6719367174cda7fbcdb3b2ef"",""671bd63d0dca5ff402cfb525"",""671a8582ef1dc9d1c1b5748a"",""6717e22174cda7fbcd9147cb"",""671a8581ef1dc9d1c1b5746b"",""671a8580ef1dc9d1c1b57465"",""671bd6400dca5ff402cfb56b"",""671bd63f0dca5ff402cfb559""]}",,"{""technology"":22}",,"2024-10-21T06:30:03.669Z",22,true,"6715f4eba2ce13f674b9c3b7",2
"6613f4d6ce72abb1ce9abedc","67156849a2ce13f674a8c7ef","[""environment"",""world"",""health"",""current affairs""]","[]","{""environment"":1}",,"{""environment"":[""6719337374cda7fbcdb3ad4c"",""671bd8900dca5ff402cfb823"",""67169179a2ce13f674c78d04"",""6719337074cda7fbcdb3ad16"",""671a86ceef1dc9d1c1b576b4""]}",,"{""environment"":14}",,"2024-10-21T06:30:06.336Z",14,true,"6715f4eea2ce13f674b9c3cd",1
"6613f4a3ce72abb1ce9abe19","67156849a2ce13f674a8c7ef","[""food"",""politics"",""lifestyle"",""current affairs""]","[]","{""food"":1}",,"{""food"":[""67169288a2ce13f674c78f7d"",""671a8803ef1dc9d1c1b57838"",""67169287a2ce13f674c78f53"",""67169288a2ce13f674c78f83"",""67169286a2ce13f674c78f46""]}",,"{""food"":25}",,"2024-10-21T06:30:08.966Z",25,true,"6715f4f0a2ce13f674b9c3df",1
"6613f4ccce72abb1ce9abeb5","67156849a2ce13f674a8c7ef","[""science"",""business"",""education"",""current affairs""]","[]","{}",,"{}",,"{}",,"2024-10-21T06:30:08.529Z",0,true,"6715f4f0a2ce13f674b9c3dc",0
"65b1ebbc90ba2e3794e9696d","67156849a2ce13f674a8c7ef","[""world"",""business"",""crime"",""current affairs""]","[""current affairs"",""world"",""business"",""crime""]","{""current affairs"":2,""world"":2,""business"":2,""crime"":2}",,"{""current affairs"":[""671b3454b64e6e3fed238df8"",""671b344db64e6e3fed238cca"",""671b344eb64e6e3fed238cf7"",""671b3451b64e6e3fed238d69"",""671b3454b64e6e3fed238e03"",""671b3450b64e6e3fed238d48"",""671b3451b64e6e3fed238d7f"",""671b344eb64e6e3fed238cec"",""671b3451b64e6e3fed238d73"",""671b3453b64e6e3fed238db6""],""world"":[""671690eca2ce13f674c78b7c"",""671bd6140dca5ff402cfb4d5"",""671bd6150dca5ff402cfb4fd"",""6719339a74cda7fbcdb3adbf"",""671a8472ef1dc9d1c1b572ac"",""6719339874cda7fbcdb3ad84"",""671690eaa2ce13f674c78b58"",""6719339874cda7fbcdb3ad91"",""6717e18a74cda7fbcd914671"",""671690eca2ce13f674c78b94""],""business"":[""671a8537ef1dc9d1c1b5740f"",""6717e1f474cda7fbcd914739"",""671691a3a2ce13f674c78d5a"",""6719332674cda7fbcdb3aca7"",""671a8535ef1dc9d1c1b573df"",""6719332874cda7fbcdb3accb"",""671bd9b00dca5ff402cfb958"",""671bd9b00dca5ff402cfb964"",""6719332874cda7fbcdb3acc5"",""671a8536ef1dc9d1c1b573f7""],""crime"":[""6719353774cda7fbcdb3b079"",""6719353574cda7fbcdb3b040"",""671bd66b0dca5ff402cfb5fe"",""671a871bef1dc9d1c1b576e7"",""67169213a2ce13f674c78e64"",""671a871eef1dc9d1c1b5772f"",""67169213a2ce13f674c78e52"",""671bd66c0dca5ff402cfb61c"",""6717e41174cda7fbcd914ca7"",""671bd66b0dca5ff402cfb610""]}",,"{""current affairs"":23,""world"":31,""business"":24,""crime"":52}",,"2024-10-21T13:38:24.680Z",130,false,"67165950a2ce13f674c2ede2",12
"660161af451e8641829f6113","67156849a2ce13f674a8c7ef","[""science"",""environment"",""entertainment"",""current affairs""]","[]","{}",,"{}",,"{}",,"2024-10-22T03:32:28.714Z",0,true,"67171ccca2ce13f674d993cb",0
"6613f4c4ce72abb1ce9abe94","67156849a2ce13f674a8c7ef","[""tourism"",""environment"",""sports"",""current affairs""]","[]","{}",,"{}",,"{}",,"2024-10-22T06:30:07.381Z",0,true,"6717466fa2ce13f674dbfc0b",0
"6613f4dcce72abb1ce9abef7","67156849a2ce13f674a8c7ef","[""technology"",""sports"",""business"",""current affairs""]","[]","{}",,"{}",,"{}",,"2024-10-22T06:30:05.197Z",0,true,"6717466da2ce13f674dbfbfa",0
"6613f4c0ce72abb1ce9abe82","67156849a2ce13f674a8c7ef","[""politics"",""tourism"",""education"",""current affairs""]","[]","{}",,"{}",,"{}",,"2024-10-22T06:30:06.929Z",0,true,"6717466ea2ce13f674dbfc07",0
"6613f494ce72abb1ce9abddf","67156849a2ce13f674a8c7ef","[""tourism"",""food"",""science"",""current affairs""]","[]","{""tourism"":1}",,"{""tourism"":[""671a8858ef1dc9d1c1b57913"",""671935a774cda7fbcdb3b13e"",""67169052a2ce13f674c78a4b"",""6717e55c74cda7fbcd914feb"",""671bd76e0dca5ff402cfb6be""]}",,"{""tourism"":0}",,"2024-10-22T06:30:03.009Z",0,true,"6717466ba2ce13f674dbfbeb",1
"6613f4d9ce72abb1ce9abee8","67156849a2ce13f674a8c7ef","[""lifestyle"",""entertainment"",""environment"",""current affairs""]","[]","{""lifestyle"":1}",,"{""lifestyle"":[""6717e53c74cda7fbcd914fba"",""67168fd7a2ce13f674c78976"",""671a882def1dc9d1c1b57875"",""671933f074cda7fbcdb3ae4c"",""671933ef74cda7fbcdb3ae28""]}",,"{""lifestyle"":3}",,"2024-10-22T06:30:05.629Z",3,true,"6717466da2ce13f674dbfbfd",1
"6613f4cfce72abb1ce9abec1","67156849a2ce13f674a8c7ef","[""food"",""health"",""entertainment"",""current affairs""]","[]","{""food"":1}",,"{""food"":[""671a8803ef1dc9d1c1b57832"",""67169288a2ce13f674c78f6b"",""67169286a2ce13f674c78f4d"",""671a8805ef1dc9d1c1b57868"",""67169289a2ce13f674c78f95""]}",,"{""food"":0}",,"2024-10-22T06:30:08.685Z",0,true,"67174670a2ce13f674dbfc14",1
"6613f49bce72abb1ce9abdfb","67156849a2ce13f674a8c7ef","[""business"",""tourism"",""education"",""current affairs""]","[]","{}",,"{}",,"{}",,"2024-10-22T06:30:03.449Z",0,true,"6717466ba2ce13f674dbfbee",0
"6613f4c3ce72abb1ce9abe91","67156849a2ce13f674a8c7ef","[""science"",""environment"",""business"",""current affairs""]","[]","{}",,"{}",,"{}",,"2024-10-22T06:30:04.755Z",0,true,"6717466ca2ce13f674dbfbf7",0
"6613f4b3ce72abb1ce9abe52","67156849a2ce13f674a8c7ef","[""science"",""business"",""food"",""current affairs""]","[""science""]","{""science"":2}",,"{""science"":[""6719364974cda7fbcdb3b2a6"",""67169234a2ce13f674c78ee6"",""6719364a74cda7fbcdb3b2c4"",""6717e32874cda7fbcd914963"",""6717e32874cda7fbcd91494a"",""67169235a2ce13f674c78ef3"",""67169233a2ce13f674c78ec8"",""67169234a2ce13f674c78ed4"",""6719364a74cda7fbcdb3b2ca"",""6719364874cda7fbcdb3b294""]}",,"{""science"":3}",,"2024-10-22T06:30:04.323Z",3,true,"6717466ca2ce13f674dbfbf4",2
"6613f4acce72abb1ce9abe37","67156849a2ce13f674a8c7ef","[""world"",""technology"",""environment"",""current affairs""]","[]","{""world"":1}",,"{""world"":[""6717e18b74cda7fbcd91468a"",""671bd6150dca5ff402cfb503"",""671690eca2ce13f674c78b82"",""6717e18a74cda7fbcd914671"",""671690eca2ce13f674c78b88""]}",,"{""world"":8}",,"2024-10-22T06:30:06.062Z",8,true,"6717466ea2ce13f674dbfc00",1
"6613f4d4ce72abb1ce9abed6","67156849a2ce13f674a8c7ef","[""science"",""tourism"",""sports"",""current affairs""]","[""science""]","{""science"":2}",,"{""science"":[""6717e32874cda7fbcd914963"",""6719364874cda7fbcdb3b294"",""671bd5c40dca5ff402cfb2de"",""6719364974cda7fbcdb3b2a0"",""67169233a2ce13f674c78eb6"",""6719364974cda7fbcdb3b29a"",""67169234a2ce13f674c78ee6"",""6717e32974cda7fbcd914969"",""67169235a2ce13f674c78ef3"",""671bd5c30dca5ff402cfb2c1""]}",,"{""science"":7}",,"2024-10-22T06:30:06.496Z",7,true,"6717466ea2ce13f674dbfc03",2
"6613f4afce72abb1ce9abe43","67156849a2ce13f674a8c7ef","[""sports"",""world"",""food"",""current affairs""]","[""sports""]","{""sports"":2}",,"{""sports"":[""6717e28374cda7fbcd914830"",""671bd91c0dca5ff402cfb901"",""6717e28374cda7fbcd914836"",""67169130a2ce13f674c78c40"",""671bd91d0dca5ff402cfb925"",""6716912fa2ce13f674c78c1c"",""671a85c7ef1dc9d1c1b5750f"",""6719361b74cda7fbcdb3b222"",""671bd91d0dca5ff402cfb913"",""6716912fa2ce13f674c78c22""]}",,"{""sports"":3}",,"2024-10-22T06:30:08.253Z",3,true,"67174670a2ce13f674dbfc11",2
"6613f4dece72abb1ce9abefd","67156849a2ce13f674a8c7ef","[""health"",""technology"",""sports"",""current affairs""]","[]","{}",,"{}",,"{}",,"2024-10-22T06:30:03.882Z",0,true,"6717466ba2ce13f674dbfbf1",0
"6613f4d5ce72abb1ce9abed9","67156849a2ce13f674a8c7ef","[""science"",""tourism"",""lifestyle"",""current affairs""]","[]","{""science"":1}",,"{""science"":[""67169233a2ce13f674c78ec2"",""6719364a74cda7fbcdb3b2be"",""671a86a7ef1dc9d1c1b57617"",""6717e32774cda7fbcd914938"",""671a86a8ef1dc9d1c1b57647""]}",,"{""science"":7}",,"2024-10-22T06:30:07.817Z",7,true,"6717466fa2ce13f674dbfc0e",1
"6613f4aece72abb1ce9abe40","67156849a2ce13f674a8c7ef","[""science"",""sports"",""business"",""current affairs""]","[]","{}",,"{}",,"{}",,"2024-10-23T06:30:03.130Z",0,true,"671897eb74cda7fbcda5b19b",0
"6613f4c8ce72abb1ce9abea3","67156849a2ce13f674a8c7ef","[""health"",""business"",""environment"",""current affairs""]","[]","{""health"":1}",,"{""health"":[""6719346374cda7fbcdb3af04"",""6719346474cda7fbcdb3af1e"",""6717e2ac74cda7fbcd9148e7"",""6719346474cda7fbcdb3af24"",""6717e2a974cda7fbcd914895""]}",,"{""health"":2}",,"2024-10-23T06:30:03.577Z",2,true,"671897eb74cda7fbcda5b19e",1
"6613f4c0ce72abb1ce9abe85","67156849a2ce13f674a8c7ef","[""sports"",""tourism"",""lifestyle"",""current affairs""]","[]","{""sports"":1}",,"{""sports"":[""6717e28574cda7fbcd91486c"",""67169131a2ce13f674c78c59"",""671a85c7ef1dc9d1c1b57509"",""6719361c74cda7fbcdb3b244"",""67169132a2ce13f674c78c65""]}",,"{""sports"":18}",,"2024-10-23T06:30:04.018Z",18,true,"671897ec74cda7fbcda5b1a1",1
"6613f4d3ce72abb1ce9abed0","67156849a2ce13f674a8c7ef","[""lifestyle"",""science"",""environment"",""current affairs""]","[""lifestyle""]","{""lifestyle"":2}",,"{""lifestyle"":[""67168fd7a2ce13f674c7896a"",""671933ee74cda7fbcdb3ae10"",""6717e53d74cda7fbcd914fcc"",""6717e53d74cda7fbcd914fd2"",""671933ef74cda7fbcdb3ae22"",""67168fd7a2ce13f674c78986"",""671a882eef1dc9d1c1b57899"",""671a882def1dc9d1c1b57875"",""671bd8d30dca5ff402cfb873"",""671933ed74cda7fbcdb3adf8""]}",,"{""lifestyle"":9}",,"2024-10-23T06:30:04.451Z",9,true,"671897ec74cda7fbcda5b1a4",2
"6613f4a5ce72abb1ce9abe1f","67156849a2ce13f674a8c7ef","[""sports"",""business"",""entertainment"",""current affairs""]","[]","{""sports"":1}",,"{""sports"":[""67169132a2ce13f674c78c6c"",""6716912fa2ce13f674c78c2e"",""6717e28574cda7fbcd914866"",""6717e28374cda7fbcd914830"",""6719361b74cda7fbcdb3b210""]}",,"{""sports"":7}",,"2024-10-23T06:30:04.889Z",7,true,"671897ec74cda7fbcda5b1a7",1
"6613f4c5ce72abb1ce9abe97","67156849a2ce13f674a8c7ef","[""food"",""sports"",""business"",""current affairs""]","[]","{""food"":1}",,"{""food"":[""671bd7d40dca5ff402cfb76a"",""671a8805ef1dc9d1c1b57868"",""671a8803ef1dc9d1c1b5782c"",""671935ce74cda7fbcdb3b1cb"",""67169287a2ce13f674c78f5f""]}",,"{""food"":24}",,"2024-10-23T06:30:05.322Z",24,true,"671897ed74cda7fbcda5b1aa",1
"6613f49dce72abb1ce9abe04","67156849a2ce13f674a8c7ef","[""environment"",""food"",""education"",""current affairs""]","[]","{""environment"":1}",,"{""environment"":[""671bd88f0dca5ff402cfb7ff"",""671a86ccef1dc9d1c1b57668"",""6719337374cda7fbcdb3ad59"",""6716917aa2ce13f674c78d22"",""671a86ceef1dc9d1c1b576a8""]}",,"{""environment"":22}",,"2024-10-23T06:30:05.755Z",22,true,"671897ed74cda7fbcda5b1ad",1
"6613f4aace72abb1ce9abe31","67156849a2ce13f674a8c7ef","[""sports"",""politics"",""health"",""current affairs""]","[]","{}",,"{}",,"{}",,"2024-10-23T06:30:06.191Z",0,true,"671897ee74cda7fbcda5b1b0",0
"6613f495ce72abb1ce9abde3","67156849a2ce13f674a8c7ef","[""politics"",""lifestyle"",""business"",""current affairs""]","[""politics""]","{""politics"":2}",,"{""politics"":[""6717e1cd74cda7fbcd9146f7"",""6719341b74cda7fbcdb3aeb9"",""67169155a2ce13f674c78c97"",""67169157a2ce13f674c78cd3"",""6717e1ce74cda7fbcd91470f"",""671a8510ef1dc9d1c1b573ac"",""6717e1cb74cda7fbcd9146c7"",""671a850eef1dc9d1c1b57370"",""671a850eef1dc9d1c1b5735a"",""6719341974cda7fbcdb3ae77""]}",,"{""politics"":10}",,"2024-10-23T06:30:06.646Z",10,true,"671897ee74cda7fbcda5b1b3",2
"6613f4c2ce72abb1ce9abe8b","67156849a2ce13f674a8c7ef","[""environment"",""crime"",""sports"",""current affairs""]","[]","{""environment"":1}",,"{""environment"":[""671a86cfef1dc9d1c1b576ba"",""671a86ccef1dc9d1c1b57670"",""6719337174cda7fbcdb3ad1c"",""6719337274cda7fbcdb3ad34"",""671bd88e0dca5ff402cfb7f3""]}",,"{""environment"":14}",,"2024-10-23T06:30:07.082Z",14,true,"671897ef74cda7fbcda5b1b6",1
"6613f4d6ce72abb1ce9abedf","67156849a2ce13f674a8c7ef","[""tourism"",""business"",""environment"",""current affairs""]","[]","{""tourism"":1}",,"{""tourism"":[""671bd76f0dca5ff402cfb6ca"",""671bd7700dca5ff402cfb6e8"",""671935a874cda7fbcdb3b14a"",""671a8857ef1dc9d1c1b578f5"",""671a8857ef1dc9d1c1b578e9""]}",,"{""tourism"":9}",,"2024-10-23T06:30:07.962Z",9,true,"671897ef74cda7fbcda5b1bb",1
"6613f4d1ce72abb1ce9abec7","67156849a2ce13f674a8c7ef","[""business"",""environment"",""world"",""current affairs""]","[""business""]","{""business"":2}",,"{""business"":[""6717e1f574cda7fbcd914758"",""671691a5a2ce13f674c78d8a"",""671691a6a2ce13f674c78da3"",""6719332874cda7fbcdb3acd1"",""671bd9b00dca5ff402cfb952"",""6719332574cda7fbcdb3ac89"",""6717e1f474cda7fbcd91473f"",""671a8536ef1dc9d1c1b573f7"",""671691a6a2ce13f674c78d9d"",""671691a6a2ce13f674c78da9""]}",,"{""business"":24}",,"2024-10-23T06:30:08.394Z",24,true,"671897f074cda7fbcda5b1be",2
"661d1b2215323b828c65ac04","67156849a2ce13f674a8c7ef","[""crime"",""environment"",""education"",""current affairs""]","[]","{}",,"{}",,"{}",,"2024-10-24T05:40:55.157Z",0,true,"6719dde774cda7fbcdc86da6",0
"6613f4c3ce72abb1ce9abe8e","67156849a2ce13f674a8c7ef","[""business"",""science"",""sports"",""current affairs""]","[]","{""business"":1}",,"{""business"":[""671691a3a2ce13f674c78d60"",""6719332874cda7fbcdb3acde"",""6717e1f674cda7fbcd91476a"",""671a8537ef1dc9d1c1b57403"",""6717e1f474cda7fbcd91473f""]}",,"{""business"":7}",,"2024-10-24T06:30:03.374Z",7,true,"6719e96b74cda7fbcdc87391",1
"6613f4b4ce72abb1ce9abe55","67156849a2ce13f674a8c7ef","[""crime"",""food"",""business"",""current affairs""]","[]","{}",,"{}",,"{}",,"2024-10-24T06:30:03.822Z",0,true,"6719e96b74cda7fbcdc87394",0
"6613f4a0ce72abb1ce9abe10","67156849a2ce13f674a8c7ef","[""technology"",""world"",""science"",""current affairs""]","[""technology""]","{""technology"":2,""world"":1}",,"{""technology"":[""671a8582ef1dc9d1c1b57484"",""6719367274cda7fbcdb3b2fb"",""6719367874cda7fbcdb3b325"",""6716907ba2ce13f674c78b0d"",""671a8580ef1dc9d1c1b5745f"",""6717e22274cda7fbcd9147f6"",""6717e22074cda7fbcd9147ad"",""671bd6400dca5ff402cfb57d"",""671a8581ef1dc9d1c1b5747e"",""671a8580ef1dc9d1c1b57453""],""world"":[""6717e18a74cda7fbcd91465f"",""6717e18b74cda7fbcd91467d"",""6717e18b74cda7fbcd91468a"",""6717e18974cda7fbcd914647"",""6719339974cda7fbcdb3adb1""]}",,"{""technology"":2,""world"":0}",,"2024-10-24T06:30:04.715Z",2,true,"6719e96c74cda7fbcdc87399",3
"6613f4b7ce72abb1ce9abe5e","67156849a2ce13f674a8c7ef","[""lifestyle"",""education"",""crime"",""current affairs""]","[]","{}",,"{}",,"{}",,"2024-10-24T06:30:05.155Z",0,true,"6719e96d74cda7fbcdc8739c",0
"6613f4cbce72abb1ce9abeaf","67156849a2ce13f674a8c7ef","[""world"",""lifestyle"",""science"",""current affairs""]","[]","{}",,"{}",,"{}",,"2024-10-24T06:30:05.592Z",0,true,"6719e96d74cda7fbcdc8739f",0
"6613f4dece72abb1ce9abf00","67156849a2ce13f674a8c7ef","[""world"",""entertainment"",""crime"",""current affairs""]","[]","{}",,"{}",,"{}",,"2024-10-24T06:30:06.032Z",0,true,"6719e96e74cda7fbcdc873a2",0
"6613f4c6ce72abb1ce9abe9d","67156849a2ce13f674a8c7ef","[""world"",""tourism"",""environment"",""current affairs""]","[]","{}",,"{}",,"{}",,"2024-10-24T06:30:06.686Z",0,true,"6719e96e74cda7fbcdc873a6",0
"6613f4b1ce72abb1ce9abe4c","67156849a2ce13f674a8c7ef","[""science"",""politics"",""environment"",""current affairs""]","[]","{""science"":1}",,"{""science"":[""6719364974cda7fbcdb3b29a"",""6717e32774cda7fbcd914932"",""671bd5c40dca5ff402cfb2e5"",""6719364874cda7fbcdb3b288"",""671bd5c50dca5ff402cfb2f3""]}",,"{""science"":0}",,"2024-10-24T06:30:07.340Z",0,true,"6719e96f74cda7fbcdc873aa",1
"667d9d31ede918c194e96af9","67156849a2ce13f674a8c7ef","[""food"",""entertainment"",""health"",""current affairs""]","[""food"",""entertainment"",""health"",""current affairs""]","{""entertainment"":2,""food"":2,""current affairs"":2,""health"":2}",,"{""entertainment"":[""6719349174cda7fbcdb3afd1"",""671a8798ef1dc9d1c1b577b1"",""6719348f74cda7fbcdb3af91"",""6717e46c74cda7fbcd914f1d"",""671691dda2ce13f674c78e1a"",""671691dba2ce13f674c78de3"",""6719349074cda7fbcdb3afb5"",""6717e46d74cda7fbcd914f2f"",""671bd5ee0dca5ff402cfb3f0"",""6719349174cda7fbcdb3afd9""],""food"":[""671935cd74cda7fbcdb3b1b3"",""671935cd74cda7fbcdb3b1ad"",""671a8805ef1dc9d1c1b57868"",""67169286a2ce13f674c78f4d"",""671bd7d40dca5ff402cfb770"",""671a8805ef1dc9d1c1b57862"",""671bd7d30dca5ff402cfb752"",""67169286a2ce13f674c78f46"",""671a8804ef1dc9d1c1b57844"",""671bd7d30dca5ff402cfb758""],""current affairs"":[""671b3454b64e6e3fed238ded"",""671b344eb64e6e3fed238cf7"",""671b3450b64e6e3fed238d5e"",""671b3452b64e6e3fed238dab"",""671b3451b64e6e3fed238d7f"",""671b3454b64e6e3fed238df8"",""671b3451b64e6e3fed238d73"",""671b344db64e6e3fed238ce0"",""671b3453b64e6e3fed238db6"",""671b3450b64e6e3fed238d48""],""health"":[""671a8639ef1dc9d1c1b57579"",""6716901ca2ce13f674c78a25"",""671a8639ef1dc9d1c1b5756c"",""6719346374cda7fbcdb3af04"",""6719346374cda7fbcdb3aefe"",""6717e2ac74cda7fbcd9148e1"",""671a863bef1dc9d1c1b575a8"",""6716901ba2ce13f674c78a01"",""671a863aef1dc9d1c1b57592"",""6719346474cda7fbcdb3af24""]}",,"{""entertainment"":14,""food"":37,""current affairs"":19,""health"":25}",,"2024-10-24T08:30:16.785Z",95,false,"671a059813375e90f508a52e",12
"67074ccfbefd3ff369cc10b6","67156849a2ce13f674a8c7ef","[""technology"",""sports"",""science"",""current affairs""]","[]","{}",,"{}",,"{}",,"2024-10-24T17:27:52.209Z",0,true,"671a8398ef1dc9d1c1b57222",0
"653548118a2815874166fa66","67156849a2ce13f674a8c7ef","[""sports"",""entertainment"",""world"",""current affairs""]","[""entertainment"",""world"",""current affairs"",""sports""]","{""sports"":2,""entertainment"":2,""world"":2,""current affairs"":2}",,"{""sports"":[""671a85c7ef1dc9d1c1b57503"",""6717e28474cda7fbcd914842"",""6717e28474cda7fbcd914854"",""671bd91c0dca5ff402cfb90d"",""67169130a2ce13f674c78c46"",""6719361c74cda7fbcdb3b244"",""6717e28374cda7fbcd914830"",""67169131a2ce13f674c78c59"",""671bd91e0dca5ff402cfb931"",""6717e28674cda7fbcd914878""],""entertainment"":[""6719349174cda7fbcdb3afd9"",""671691dca2ce13f674c78e08"",""671691dba2ce13f674c78dd5"",""671a879aef1dc9d1c1b577e7"",""6719348f74cda7fbcdb3af91"",""671691dca2ce13f674c78df6"",""6717e46e74cda7fbcd914f41"",""671a879aef1dc9d1c1b577e1"",""6719349074cda7fbcdb3afca"",""6717e46d74cda7fbcd914f3b""],""world"":[""6717e18b74cda7fbcd91468a"",""6717e18974cda7fbcd914653"",""671a8475ef1dc9d1c1b57305"",""6717e18974cda7fbcd91464d"",""6717e18a74cda7fbcd91466b"",""671690eca2ce13f674c78b82"",""671bd6150dca5ff402cfb503"",""671bd6140dca5ff402cfb4d5"",""671a8475ef1dc9d1c1b572f9"",""671a8473ef1dc9d1c1b572c3""],""current affairs"":[""671b344db64e6e3fed238cd5"",""671b3450b64e6e3fed238d5e"",""671b344fb64e6e3fed238d3c"",""671b344fb64e6e3fed238d1a"",""671b3451b64e6e3fed238d73"",""671b3452b64e6e3fed238da0"",""671b344eb64e6e3fed238cec"",""671b3453b64e6e3fed238db6"",""671b3453b64e6e3fed238dc1"",""671b3451b64e6e3fed238d69""]}",,"{""sports"":57,""entertainment"":68,""world"":40,""current affairs"":28}",,"2024-10-25T02:21:05.332Z",193,false,"671b0091ef1dc9d1c1c5d1b9",12
"6613f4c7ce72abb1ce9abea0","67156849a2ce13f674a8c7ef","[""science"",""politics"",""environment"",""current affairs""]","[]","{""science"":1}",,"{""science"":[""6717e32874cda7fbcd91495d"",""671a86a8ef1dc9d1c1b5763b"",""671bd5c50dca5ff402cfb2ec"",""67169234a2ce13f674c78ed4"",""6717e32974cda7fbcd914975""]}",,"{""science"":0}",,"2024-10-25T06:30:03.629Z",0,true,"671b3aeb0dca5ff402bf6d3a",1
"6613f4a7ce72abb1ce9abe28","67156849a2ce13f674a8c7ef","[""technology"",""world"",""tourism"",""current affairs""]","[]","{""technology"":1}",,"{""technology"":[""671bd63f0dca5ff402cfb559"",""6717e22374cda7fbcd9147fc"",""671bd63e0dca5ff402cfb545"",""6719367274cda7fbcdb3b2f5"",""671bd63e0dca5ff402cfb53d""]}",,"{""technology"":29}",,"2024-10-25T06:30:04.071Z",29,true,"671b3aec0dca5ff402bf6d3d",1
"6613f496ce72abb1ce9abde9","67156849a2ce13f674a8c7ef","[""technology"",""world"",""business"",""current affairs""]","[]","{}",,"{}",,"{}",,"2024-10-25T06:30:04.507Z",0,true,"671b3aec0dca5ff402bf6d40",0
"6613f4bdce72abb1ce9abe76","67156849a2ce13f674a8c7ef","[""education"",""crime"",""health"",""current affairs""]","[]","{}",,"{}",,"{}",,"2024-10-25T06:30:05.159Z",0,true,"671b3aed0dca5ff402bf6d44",0
"6613f4d0ce72abb1ce9abec4","67156849a2ce13f674a8c7ef","[""world"",""tourism"",""crime"",""current affairs""]","[]","{}",,"{}",,"{}",,"2024-10-25T06:30:05.599Z",0,true,"671b3aed0dca5ff402bf6d47",0
"6613f4bcce72abb1ce9abe73","67156849a2ce13f674a8c7ef","[""politics"",""sports"",""health"",""current affairs""]","[""politics""]","{""politics"":2}",,"{""politics"":[""6719341b74cda7fbcdb3aeb3"",""67169157a2ce13f674c78cd9"",""6719341a74cda7fbcdb3ae89"",""671a850eef1dc9d1c1b5735a"",""67169155a2ce13f674c78c97"",""671a850eef1dc9d1c1b57362"",""67169157a2ce13f674c78ccd"",""671a850fef1dc9d1c1b5738e"",""67169155a2ce13f674c78c9d"",""671a8510ef1dc9d1c1b573a6""]}",,"{""politics"":23}",,"2024-10-25T06:30:06.034Z",23,true,"671b3aee0dca5ff402bf6d4a",2
"6613f4bbce72abb1ce9abe6d","67156849a2ce13f674a8c7ef","[""technology"",""lifestyle"",""education"",""current affairs""]","[]","{}",,"{}",,"{}",,"2024-10-25T06:30:06.688Z",0,true,"671b3aee0dca5ff402bf6d4e",0
"6613f4d7ce72abb1ce9abee2","67156849a2ce13f674a8c7ef","[""science"",""entertainment"",""world"",""current affairs""]","[""science""]","{""science"":2}",,"{""science"":[""671a86a9ef1dc9d1c1b57659"",""671bd5c40dca5ff402cfb2e5"",""671a86a7ef1dc9d1c1b57617"",""67169235a2ce13f674c78ef9"",""67169233a2ce13f674c78ec2"",""671bd5c40dca5ff402cfb2de"",""6719364874cda7fbcdb3b288"",""6719364a74cda7fbcdb3b2c4"",""6717e32974cda7fbcd91496f"",""6717e32974cda7fbcd914969""]}",,"{""science"":13}",,"2024-10-25T06:30:07.339Z",13,true,"671b3aef0dca5ff402bf6d52",2
"65fe496b205cf6d5f81e91fb","67156849a2ce13f674a8c7ef","[""food"",""entertainment"",""lifestyle"",""current affairs""]","[""food"",""entertainment"",""lifestyle"",""current affairs""]","{""food"":2,""entertainment"":2,""lifestyle"":2,""current affairs"":2}",,"{""food"":[""67169286a2ce13f674c78f4d"",""671bd7d50dca5ff402cfb78e"",""671bd7d50dca5ff402cfb77c"",""671a8803ef1dc9d1c1b5783e"",""671bd7d50dca5ff402cfb788"",""671bd7d30dca5ff402cfb758"",""671a8802ef1dc9d1c1b5781a"",""67169288a2ce13f674c78f83"",""67169287a2ce13f674c78f53"",""671bd7d50dca5ff402cfb776""],""entertainment"":[""671a8798ef1dc9d1c1b577b1"",""6719349174cda7fbcdb3afd9"",""671691dca2ce13f674c78df6"",""6719349174cda7fbcdb3afd1"",""671691dba2ce13f674c78dea"",""6717e46c74cda7fbcd914f11"",""6719348f74cda7fbcdb3af91"",""671a8798ef1dc9d1c1b577ab"",""6719349074cda7fbcdb3afca"",""671bd5ed0dca5ff402cfb3db""],""lifestyle"":[""671bd8d20dca5ff402cfb843"",""6717e53b74cda7fbcd914f96"",""671933ef74cda7fbcdb3ae22"",""67168fd7a2ce13f674c78976"",""671a882def1dc9d1c1b57875"",""6717e53d74cda7fbcd914fd2"",""671bd8d40dca5ff402cfb87f"",""671933ee74cda7fbcdb3ae0a"",""6717e53b74cda7fbcd914f9c"",""671a882fef1dc9d1c1b578b7""],""current affairs"":[""671b3452b64e6e3fed238d95"",""671b344db64e6e3fed238ce0"",""671b3450b64e6e3fed238d5e"",""671b3450b64e6e3fed238d53"",""671b3453b64e6e3fed238dd7"",""671b3454b64e6e3fed238e03"",""671b344fb64e6e3fed238d26"",""671b3452b64e6e3fed238dab"",""671b3452b64e6e3fed238da0"",""671b3451b64e6e3fed238d73""]}",,"{""food"":20,""entertainment"":63,""lifestyle"":39,""current affairs"":31}",,"2024-10-25T09:34:23.364Z",153,false,"671b661f0dca5ff402c44366",12
"65f300509edbd593b5293db2","67156849a2ce13f674a8c7ef","[""politics"",""sports"",""education"",""current affairs""]","[""current affairs"",""education"",""sports"",""politics""]","{""current affairs"":2,""education"":2,""sports"":2,""politics"":2}",,"{""current affairs"":[""671b3454b64e6e3fed238df8"",""671b3452b64e6e3fed238d8a"",""671b344eb64e6e3fed238d0f"",""671b3453b64e6e3fed238dd7"",""671b3453b64e6e3fed238dc1"",""671b344eb64e6e3fed238cf7"",""671b344db64e6e3fed238cd5"",""671b344fb64e6e3fed238d31"",""671b3453b64e6e3fed238dcc"",""671b3453b64e6e3fed238db6""],""education"":[""6716910ea2ce13f674c78bd3"",""6719355e74cda7fbcdb3b100"",""6719355c74cda7fbcdb3b0ca"",""6717e44d74cda7fbcd914e98"",""671bd8f50dca5ff402cfb8a5"",""671bd8f50dca5ff402cfb89f"",""671bd8f70dca5ff402cfb8e1"",""6716910da2ce13f674c78bb5"",""6717e44f74cda7fbcd914ed4"",""671a8741ef1dc9d1c1b5774e""],""sports"":[""671a85c5ef1dc9d1c1b574d3"",""6717e28574cda7fbcd914866"",""67169132a2ce13f674c78c65"",""67169130a2ce13f674c78c3a"",""671bd91f0dca5ff402cfb949"",""6717e28374cda7fbcd91483c"",""6719361c74cda7fbcdb3b230"",""67169130a2ce13f674c78c34"",""67169130a2ce13f674c78c40"",""6717e28374cda7fbcd914836""],""politics"":[""671a8510ef1dc9d1c1b573ac"",""6719341a74cda7fbcdb3ae89"",""67169157a2ce13f674c78cc1"",""67169154a2ce13f674c78c85"",""671a850fef1dc9d1c1b57382"",""6719341a74cda7fbcdb3ae9b"",""6719341974cda7fbcdb3ae83"",""67169156a2ce13f674c78ca9"",""6717e1cb74cda7fbcd9146d9"",""671a850eef1dc9d1c1b57362""]}",,"{""current affairs"":16,""education"":24,""sports"":29,""politics"":50}",,"2024-10-25T13:24:33.245Z",119,false,"671b9c110dca5ff402c90b98",12
"66210e6094d2c53bd0b70ccc","67156849a2ce13f674a8c7ef","[""health"",""food"",""lifestyle"",""current affairs""]","[]","{""health"":1,""lifestyle"":1,""food"":1}",,"{""health"":[""671a863aef1dc9d1c1b57586"",""6716901aa2ce13f674c789e3"",""6717e2ab74cda7fbcd9148da"",""671a863bef1dc9d1c1b575a0"",""671a8639ef1dc9d1c1b57572""],""lifestyle"":[""6717e53b74cda7fbcd914f90"",""671bd8d30dca5ff402cfb86d"",""671a8830ef1dc9d1c1b578c3"",""671a882def1dc9d1c1b57875"",""6717e53a74cda7fbcd914f7d""],""food"":[""67169286a2ce13f674c78f4d"",""671bd7d30dca5ff402cfb74c"",""671bd7d40dca5ff402cfb75e"",""671935cd74cda7fbcdb3b19a"",""67169289a2ce13f674c78f89""]}",,"{""health"":21,""lifestyle"":0,""food"":10}",,"2024-10-25T16:58:33.869Z",31,true,"671bce390dca5ff402cf6659",3
"6613f4a6ce72abb1ce9abe25","671ea2c80dca5ff4021af44e","[""science"",""health"",""education"",""current affairs""]","[]","{}",,"{}",,"{}",,"2024-10-28T06:30:03.469Z",0,true,"671f2f6b0dca5ff4022d7a56",0
"6613f4cdce72abb1ce9abeb8","671ea2c80dca5ff4021af44e","[""business"",""science"",""tourism"",""current affairs""]","[]","{}",,"{}",,"{}",,"2024-10-28T06:30:03.914Z",0,true,"671f2f6b0dca5ff4022d7a59",0
"6613f4c5ce72abb1ce9abe97","671ea2c80dca5ff4021af44e","[""business"",""science"",""education"",""current affairs""]","[]","{}",,"{}",,"{}",,"2024-10-28T06:30:04.348Z",0,true,"671f2f6c0dca5ff4022d7a5c",0
"6613f4e0ce72abb1ce9abf06","671ea2c80dca5ff4021af44e","[""lifestyle"",""tourism"",""world"",""current affairs""]","[""lifestyle""]","{""lifestyle"":2}",,"{""lifestyle"":[""671fcd830dca5ff4023c9ce0"",""6723c3f943541e9ff6c09d4f"",""672513a129b853e01d79c000"",""671fcd820dca5ff4023c9cda"",""671fcd830dca5ff4023c9cec"",""67211fbd55f49a979d80205d"",""6722725f0d7e007bf21f0d8d"",""6723c3f943541e9ff6c09d49"",""671fcd810dca5ff4023c9cb0"",""671fcd800dca5ff4023c9c9e""]}",,"{""lifestyle"":32}",,"2024-10-28T06:30:04.783Z",32,true,"671f2f6c0dca5ff4022d7a5f",2
"6613f4d6ce72abb1ce9abedf","671ea2c80dca5ff4021af44e","[""lifestyle"",""science"",""tourism"",""current affairs""]","[]","{""lifestyle"":1}",,"{""lifestyle"":[""6723c3fb43541e9ff6c09dab"",""671fcd810dca5ff4023c9cc2"",""6723c3f943541e9ff6c09d4f"",""67211fbe55f49a979d802081"",""671fcd800dca5ff4023c9c92""]}",,"{""lifestyle"":3}",,"2024-10-28T06:30:05.219Z",3,true,"671f2f6d0dca5ff4022d7a62",1
"6613f4ccce72abb1ce9abeb5","671ea2c80dca5ff4021af44e","[""lifestyle"",""sports"",""tourism"",""current affairs""]","[]","{""lifestyle"":1}",,"{""lifestyle"":[""67211fba55f49a979d802021"",""6725139f29b853e01d79bfd6"",""6722725d0d7e007bf21f0d63"",""6722725e0d7e007bf21f0d81"",""67211fbb55f49a979d802033""]}",,"{""lifestyle"":0}",,"2024-10-28T06:30:05.653Z",0,true,"671f2f6d0dca5ff4022d7a65",1
"6613f4c3ce72abb1ce9abe8e","671ea2c80dca5ff4021af44e","[""lifestyle"",""sports"",""tourism"",""current affairs""]","[]","{}",,"{}",,"{}",,"2024-10-28T06:30:06.093Z",0,true,"671f2f6e0dca5ff4022d7a68",0
"6613f4a9ce72abb1ce9abe2e","671ea2c80dca5ff4021af44e","[""food"",""lifestyle"",""sports"",""current affairs""]","[""food""]","{""food"":2}",,"{""food"":[""6725137a29b853e01d79bf86"",""672271730d7e007bf21f0cf2"",""6725137a29b853e01d79bf80"",""6723c37143541e9ff6c09cb6"",""6725137b29b853e01d79bfa4"",""6723c37343541e9ff6c09cec"",""671fce7a0dca5ff4023c9e01"",""671fce7a0dca5ff4023c9e07"",""6723c37443541e9ff6c09d04"",""6725137b29b853e01d79bf9e""]}",,"{""food"":0}",,"2024-10-28T06:30:06.528Z",0,true,"671f2f6e0dca5ff4022d7a6b",2
"6613f4c1ce72abb1ce9abe88","671ea2c80dca5ff4021af44e","[""science"",""technology"",""environment"",""current affairs""]","[""science""]","{""science"":2}",,"{""science"":[""67226fc00d7e007bf21f0b01"",""671fca680dca5ff4023c98eb"",""6725127a29b853e01d79bda6"",""671fca670dca5ff4023c98c7"",""67211d7855f49a979d801d4c"",""67226fbf0d7e007bf21f0aef"",""671fca680dca5ff4023c98d3"",""6725127a29b853e01d79bd9a"",""67211d7b55f49a979d801d9b"",""6725127b29b853e01d79bdc4""]}",,"{""science"":10}",,"2024-10-28T06:30:06.962Z",10,true,"671f2f6e0dca5ff4022d7a6e",2
"6613f4c3ce72abb1ce9abe91","671ea2c80dca5ff4021af44e","[""crime"",""technology"",""sports"",""current affairs""]","[]","{""crime"":1}",,"{""crime"":[""67211dd255f49a979d801e4d"",""6723c1e043541e9ff6c09bc0"",""672270240d7e007bf21f0bf3"",""672270220d7e007bf21f0bb1"",""6723c1de43541e9ff6c09b81""]}",,"{""crime"":2}",,"2024-10-28T06:30:07.397Z",2,true,"671f2f6f0dca5ff4022d7a71",1
"6613f4dace72abb1ce9abeee","671ea2c80dca5ff4021af44e","[""crime"",""world"",""lifestyle"",""current affairs""]","[]","{""crime"":1}",,"{""crime"":[""6723c1e043541e9ff6c09bc0"",""67211dd355f49a979d801e53"",""672270240d7e007bf21f0bff"",""672270240d7e007bf21f0bed"",""672512c629b853e01d79be66""]}",,"{""crime"":8}",,"2024-10-28T06:30:07.837Z",8,true,"671f2f6f0dca5ff4022d7a74",1
"6613f4d3ce72abb1ce9abed3","671ea2c80dca5ff4021af44e","[""lifestyle"",""technology"",""health"",""current affairs""]","[]","{""lifestyle"":1}",,"{""lifestyle"":[""672513a029b853e01d79bfe2"",""67211fbe55f49a979d80207b"",""67211fbb55f49a979d80202d"",""67211fbd55f49a979d80205d"",""6723c3fb43541e9ff6c09dbf""]}",,"{""lifestyle"":11}",,"2024-10-28T06:30:08.274Z",11,true,"671f2f700dca5ff4022d7a77",1
"6613f4dcce72abb1ce9abef4","671ea2c80dca5ff4021af44e","[""science"",""crime"",""tourism"",""current affairs""]","[]","{""science"":1}",,"{""science"":[""67211d7b55f49a979d801d95"",""6725127c29b853e01d79bdca"",""67226fbe0d7e007bf21f0acb"",""67226fc00d7e007bf21f0b13"",""671fca680dca5ff4023c98df""]}",,"{""science"":8}",,"2024-10-28T06:30:08.717Z",8,true,"671f2f700dca5ff4022d7a7a",1
"6613f4d1ce72abb1ce9abec7","671ea2c80dca5ff4021af44e","[""science"",""business"",""crime"",""current affairs""]","[]","{""science"":1}",,"{""science"":[""6725127b29b853e01d79bdb8"",""6723c0df43541e9ff6c0998d"",""6723c0e143541e9ff6c099d6"",""67211d7855f49a979d801d4c"",""6723c0e243541e9ff6c099f4""]}",,"{""science"":2}",,"2024-10-28T06:30:09.152Z",2,true,"671f2f710dca5ff4022d7a7d",1
"662b304a42129b6af7d4f0af","671ea2c80dca5ff4021af44e","[""food"",""technology"",""education"",""current affairs""]","[]","{}",,"{}",,"{}",,"2024-10-28T14:06:34.783Z",0,true,"671f9a6a0dca5ff40237738e",0
"66210e6094d2c53bd0b70ccc","671ea2c80dca5ff4021af44e","[""food"",""health"",""education"",""current affairs""]","[]","{""food"":1,""health"":1,""education"":1}",,"{""food"":[""67211f5c55f49a979d801fd1"",""6725137a29b853e01d79bf7a"",""67211f5e55f49a979d802001"",""67211f5f55f49a979d802013"",""67211f5d55f49a979d801fef""],""health"":[""671fcbd20dca5ff4023c9b0c"",""6723c08e43541e9ff6c098fd"",""6723c09043541e9ff6c09933"",""6723c08e43541e9ff6c09903"",""67211d1a55f49a979d801cb9""],""education"":[""67211e1f55f49a979d801eec"",""6725130729b853e01d79beda"",""6725130529b853e01d79beb0"",""6723c23e43541e9ff6c09c91"",""67211e1e55f49a979d801ee0""]}",,"{""food"":19,""health"":0,""education"":0}",,"2024-10-28T14:55:25.411Z",19,true,"671fa5dd0dca5ff40237cb23",3
"6613f498ce72abb1ce9abdef","671ea2c80dca5ff4021af44e","[""crime"",""lifestyle"",""technology"",""current affairs""]","[""crime""]","{""crime"":2}",,"{""crime"":[""672512c429b853e01d79be36"",""671fcb7e0dca5ff4023c9a03"",""6723c1de43541e9ff6c09b87"",""672270240d7e007bf21f0bed"",""672270250d7e007bf21f0c05"",""67211dd355f49a979d801e53"",""672512c629b853e01d79be60"",""672512c729b853e01d79be78"",""672270230d7e007bf21f0be1"",""672512c729b853e01d79be84""]}",,"{""crime"":9}",,"2024-10-29T06:30:02.784Z",9,true,"672080ea0dca5ff4025248f9",2
"6613f4c6ce72abb1ce9abe9d","671ea2c80dca5ff4021af44e","[""education"",""lifestyle"",""environment"",""current affairs""]","[]","{""education"":1}",,"{""education"":[""6723c23c43541e9ff6c09c5b"",""671fcba20dca5ff4023c9a72"",""672270be0d7e007bf21f0c69"",""6723c23c43541e9ff6c09c6d"",""6725130529b853e01d79beb0""]}",,"{""education"":3}",,"2024-10-29T06:30:03.225Z",3,true,"672080eb0dca5ff4025248fd",1
"6613f4d4ce72abb1ce9abed6","671ea2c80dca5ff4021af44e","[""science"",""education"",""lifestyle"",""current affairs""]","[]","{""science"":1}",,"{""science"":[""6725127b29b853e01d79bdb8"",""67211d7a55f49a979d801d83"",""67211d7955f49a979d801d58"",""6725127a29b853e01d79bda6"",""6725127b29b853e01d79bdc4""]}",,"{""science"":2}",,"2024-10-29T06:30:03.661Z",2,true,"672080eb0dca5ff402524900",1
"6613f498ce72abb1ce9abdf2","671ea2c80dca5ff4021af44e","[""environment"",""entertainment"",""technology"",""current affairs""]","[]","{""environment"":1}",,"{""environment"":[""671fcf400dca5ff4023c9e8a"",""67211da855f49a979d801df2"",""67211da655f49a979d801dcd"",""67211da855f49a979d801e06"",""67226ff10d7e007bf21f0b45""]}",,"{""environment"":37}",,"2024-10-29T06:30:04.094Z",37,true,"672080ec0dca5ff402524903",1
"6613f4e1ce72abb1ce9abf09","671ea2c80dca5ff4021af44e","[""politics"",""tourism"",""business"",""current affairs""]","[]","{""politics"":1}",,"{""politics"":[""67211c4755f49a979d801ae2"",""67211c4755f49a979d801ae8"",""671fce2b0dca5ff4023c9d20"",""6723bf9043541e9ff6c0965e"",""671fce2a0dca5ff4023c9d0e""]}",,"{""politics"":25}",,"2024-10-29T06:30:04.527Z",25,true,"672080ec0dca5ff402524906",1
"6613f49ace72abb1ce9abdf8","671ea2c80dca5ff4021af44e","[""education"",""environment"",""sports"",""current affairs""]","[]","{""education"":1}",,"{""education"":[""671fcba20dca5ff4023c9a6c"",""67211e1e55f49a979d801eda"",""67211e1d55f49a979d801ec7"",""672270bb0d7e007bf21f0c2d"",""671fcba40dca5ff4023c9a96""]}",,"{""education"":3}",,"2024-10-29T06:30:04.960Z",3,true,"672080ec0dca5ff402524909",1
"6613f4d6ce72abb1ce9abedc","671ea2c80dca5ff4021af44e","[""lifestyle"",""environment"",""food"",""current affairs""]","[""lifestyle""]","{""lifestyle"":2}",,"{""lifestyle"":[""6722725e0d7e007bf21f0d81"",""671fcd810dca5ff4023c9cb6"",""6722725e0d7e007bf21f0d87"",""67211fbc55f49a979d802057"",""671fcd7f0dca5ff4023c9c8c"",""67211fbd55f49a979d802069"",""6722725f0d7e007bf21f0d9f"",""67211fbd55f49a979d80205d"",""671fcd830dca5ff4023c9ce6"",""671fcd800dca5ff4023c9c92""]}",,"{""lifestyle"":16}",,"2024-10-29T06:30:05.394Z",16,true,"672080ed0dca5ff40252490c",2
"6613f4d2ce72abb1ce9abecd","671ea2c80dca5ff4021af44e","[""lifestyle"",""technology"",""environment"",""current affairs""]","[""lifestyle""]","{""lifestyle"":2}",,"{""lifestyle"":[""6723c3fa43541e9ff6c09d69"",""6722725c0d7e007bf21f0d51"",""672513a029b853e01d79bfee"",""67211fbc55f49a979d802045"",""6722725f0d7e007bf21f0d9f"",""6723c3fb43541e9ff6c09db1"",""6722725d0d7e007bf21f0d69"",""671fcd820dca5ff4023c9cc8"",""671fcd800dca5ff4023c9c92"",""672513a029b853e01d79bfdc""]}",,"{""lifestyle"":9}",,"2024-10-29T06:30:05.827Z",9,true,"672080ed0dca5ff40252490f",2
"6613f4c9ce72abb1ce9abea9","671ea2c80dca5ff4021af44e","[""entertainment"",""lifestyle"",""technology"",""current affairs""]","[]","{""entertainment"":1}",,"{""entertainment"":[""672271400d7e007bf21f0cd2"",""6725132729b853e01d79bf0c"",""671fd0780dca5ff4023c9fa5"",""672271400d7e007bf21f0ccc"",""671fd0790dca5ff4023c9fbd""]}",,"{""entertainment"":19}",,"2024-10-29T06:30:06.260Z",19,true,"672080ee0dca5ff402524912",1
"6613f4ddce72abb1ce9abefa","671ea2c80dca5ff4021af44e","[""tourism"",""politics"",""entertainment"",""current affairs""]","[]","{""tourism"":1}",,"{""tourism"":[""672513c829b853e01d79c068"",""672272900d7e007bf21f0dfb"",""671fce590dca5ff4023c9db2"",""6722728f0d7e007bf21f0ddd"",""6722728f0d7e007bf21f0dd7""]}",,"{""tourism"":24}",,"2024-10-29T06:30:06.694Z",24,true,"672080ee0dca5ff402524915",1
"6613f4c9ce72abb1ce9abea6","671ea2c80dca5ff4021af44e","[""world"",""tourism"",""food"",""current affairs""]","[]","{""world"":1}",,"{""world"":[""67211bf255f49a979d801a5d"",""6725107a29b853e01d79b872"",""671fceea0dca5ff4023c9e1c"",""6725107929b853e01d79b865"",""67211bef55f49a979d801a10""]}",,"{""world"":0}",,"2024-10-29T06:30:07.126Z",0,true,"672080ef0dca5ff402524918",1
"6613f4c0ce72abb1ce9abe85","671ea2c80dca5ff4021af44e","[""politics"",""crime"",""tourism"",""current affairs""]","[]","{""politics"":1}",,"{""politics"":[""6723bf8f43541e9ff6c09652"",""671fce2b0dca5ff4023c9d1a"",""6723bf8f43541e9ff6c09640"",""67211c4855f49a979d801b06"",""6723bf9043541e9ff6c0965e""]}",,"{""politics"":2}",,"2024-10-29T06:30:07.560Z",2,true,"672080ef0dca5ff40252491b",1
"6613f4cbce72abb1ce9abeaf","671ea2c80dca5ff4021af44e","[""education"",""politics"",""entertainment"",""current affairs""]","[]","{""education"":1}",,"{""education"":[""6725130429b853e01d79be98"",""6723c23c43541e9ff6c09c73"",""672270bc0d7e007bf21f0c39"",""671fcba40dca5ff4023c9a9c"",""6723c23c43541e9ff6c09c61""]}",,"{""education"":15}",,"2024-10-29T06:30:08.211Z",15,true,"672080f00dca5ff40252491f",1
"65fe496b205cf6d5f81e91fb","671ea2c80dca5ff4021af44e","[""food"",""entertainment"",""health"",""current affairs""]","[""food"",""entertainment"",""health"",""current affairs""]","{""food"":2,""entertainment"":2,""health"":2,""current affairs"":2}",,"{""food"":[""67211f5c55f49a979d801fcb"",""671fce780dca5ff4023c9dd7"",""672271760d7e007bf21f0d3a"",""67211f5b55f49a979d801fbf"",""67211f5e55f49a979d802007"",""6723c37343541e9ff6c09ce0"",""6723c37343541e9ff6c09cec"",""6725137b29b853e01d79bf8c"",""6725137929b853e01d79bf62"",""6723c37443541e9ff6c09cf8""],""entertainment"":[""672271400d7e007bf21f0cde"",""671fd0780dca5ff4023c9fb1"",""671fd0760dca5ff4023c9f7b"",""6722713f0d7e007bf21f0cae"",""67211e7f55f49a979d801f73"",""6722713f0d7e007bf21f0cc6"",""6722713d0d7e007bf21f0c8a"",""67211e7e55f49a979d801f55"",""6725132929b853e01d79bf48"",""672271400d7e007bf21f0cd2""],""health"":[""6725123a29b853e01d79bd29"",""671fcbd30dca5ff4023c9b1e"",""67211d1c55f49a979d801cfa"",""67211d1955f49a979d801ca0"",""6725123929b853e01d79bcff"",""6725123829b853e01d79bcec"",""671fcbd10dca5ff4023c9aee"",""6725123929b853e01d79bd05"",""6725123729b853e01d79bccd"",""671fcbd10dca5ff4023c9ae8""],""current affairs"":[""6724ccc729b853e01d747d67"",""6724ccc329b853e01d747d2f"",""6724ccd229b853e01d747e22"",""6724ccc929b853e01d747d8c"",""6724ccbb29b853e01d747cb5"",""6724ccc229b853e01d747d1d"",""6724ccb329b853e01d747c57"",""6724ccbd29b853e01d747cd2"",""6724ccc029b853e01d747cf7"",""6724cccb29b853e01d747db2""]}",,"{""food"":76,""entertainment"":20,""health"":27,""current affairs"":16}",,"2024-10-30T05:33:07.426Z",139,false,"6721c51355f49a979d95ea15",12
"6613f4bbce72abb1ce9abe6d","671ea2c80dca5ff4021af44e","[""food"",""environment"",""world"",""current affairs""]","[]","{}",,"{}",,"{}",,"2024-10-30T06:30:03.481Z",0,true,"6721d26b4f0a09d103343380",0
"6613f4dece72abb1ce9abefd","671ea2c80dca5ff4021af44e","[""health"",""tourism"",""business"",""current affairs""]","[]","{""health"":1}",,"{""health"":[""67211d1a55f49a979d801cb9"",""67226f840d7e007bf21f0a73"",""67226f860d7e007bf21f0aa9"",""67226f850d7e007bf21f0a8b"",""671fcbd10dca5ff4023c9ae8""]}",,"{""health"":3}",,"2024-10-30T06:30:03.928Z",3,true,"6721d26b4f0a09d103343383",1
"6613f494ce72abb1ce9abddf","671ea2c80dca5ff4021af44e","[""crime"",""world"",""science"",""current affairs""]","[]","{}",,"{}",,"{}",,"2024-10-30T06:30:04.381Z",0,true,"6721d26c4f0a09d103343386",0
"6613f49bce72abb1ce9abdfe","671ea2c80dca5ff4021af44e","[""tourism"",""food"",""entertainment"",""current affairs""]","[""tourism""]","{""tourism"":2,""food"":1}",,"{""tourism"":[""672513c629b853e01d79c038"",""672513c729b853e01d79c056"",""671fce580dca5ff4023c9d94"",""671fce560dca5ff4023c9d64"",""6721201e55f49a979d802090"",""6723c42643541e9ff6c0a0c6"",""6723c42743541e9ff6c0a0de"",""671fce570dca5ff4023c9d7c"",""671fce570dca5ff4023c9d8e"",""6721202155f49a979d8020d8""],""food"":[""67211f5d55f49a979d801fdd"",""672271750d7e007bf21f0d22"",""671fce790dca5ff4023c9def"",""6723c37443541e9ff6c09cfe"",""67211f5d55f49a979d801fe3""]}",,"{""tourism"":8,""food"":26}",,"2024-10-30T06:30:04.821Z",34,true,"6721d26c4f0a09d103343389",3
"6613f4aace72abb1ce9abe31","671ea2c80dca5ff4021af44e","[""health"",""education"",""business"",""current affairs""]","[]","{}",,"{}",,"{}",,"2024-10-30T06:30:05.262Z",0,true,"6721d26d4f0a09d10334338c",0
"6613f499ce72abb1ce9abdf5","671ea2c80dca5ff4021af44e","[""business"",""entertainment"",""environment"",""current affairs""]","[]","{""business"":1}",,"{""business"":[""671fcb370dca5ff4023c998f"",""671fcb370dca5ff4023c9983"",""6723bfc743541e9ff6c09707"",""671fcb380dca5ff4023c999b"",""6723bfc743541e9ff6c09701""]}",,"{""business"":7}",,"2024-10-30T06:30:05.701Z",7,true,"6721d26d4f0a09d10334338f",1
"6613f4cace72abb1ce9abeac","671ea2c80dca5ff4021af44e","[""sports"",""environment"",""education"",""current affairs""]","[]","{}",,"{}",,"{}",,"2024-10-30T06:30:06.586Z",0,true,"6721d26e4f0a09d103343394",0
"6613f4bece72abb1ce9abe79","671ea2c80dca5ff4021af44e","[""health"",""environment"",""sports"",""current affairs""]","[]","{""health"":1}",,"{""health"":[""671fcbd20dca5ff4023c9afa"",""671fcbd30dca5ff4023c9b18"",""6723c08d43541e9ff6c098e5"",""6723c08e43541e9ff6c098fd"",""67226f830d7e007bf21f0a5a""]}",,"{""health"":16}",,"2024-10-30T06:30:07.029Z",16,true,"6721d26f4f0a09d103343397",1
"6613f4b6ce72abb1ce9abe5b","671ea2c80dca5ff4021af44e","[""education"",""science"",""technology"",""current affairs""]","[]","{}",,"{}",,"{}",,"2024-10-30T06:30:07.476Z",0,true,"6721d26f4f0a09d10334339a",0
"6613f4cfce72abb1ce9abec1","671ea2c80dca5ff4021af44e","[""science"",""entertainment"",""technology"",""current affairs""]","[]","{""science"":1}",,"{""science"":[""671fca660dca5ff4023c98b5"",""671fca690dca5ff4023c9903"",""67211d7b55f49a979d801d9b"",""6723c0e143541e9ff6c099c4"",""67226fc00d7e007bf21f0b01""]}",,"{""science"":8}",,"2024-10-30T06:30:07.915Z",8,true,"6721d26f4f0a09d10334339d",1
"6613f4b8ce72abb1ce9abe61","671ea2c80dca5ff4021af44e","[""technology"",""health"",""entertainment"",""current affairs""]","[]","{""technology"":1}",,"{""technology"":[""6723c01843541e9ff6c097ca"",""671fccaa0dca5ff4023c9bca"",""6725117e29b853e01d79babf"",""671fccaa0dca5ff4023c9bbe"",""6723c01843541e9ff6c097dc""]}",,"{""technology"":0}",,"2024-10-30T06:30:08.357Z",0,true,"6721d2704f0a09d1033433a0",1
"6613f4dece72abb1ce9abf00","671ea2c80dca5ff4021af44e","[""environment"",""science"",""entertainment"",""current affairs""]","[]","{""environment"":1}",,"{""environment"":[""67226ff30d7e007bf21f0b88"",""67211da855f49a979d801e06"",""67226ff30d7e007bf21f0b82"",""671fcf420dca5ff4023c9ebb"",""67211da955f49a979d801e13""]}",,"{""environment"":12}",,"2024-10-30T06:30:08.796Z",12,true,"6721d2704f0a09d1033433a3",1
"667d9d31ede918c194e96af9","671ea2c80dca5ff4021af44e","[""health"",""food"",""entertainment"",""current affairs""]","[""health"",""food"",""entertainment"",""current affairs""]","{""health"":2,""food"":2,""entertainment"":2,""current affairs"":2}",,"{""health"":[""6723c08e43541e9ff6c09909"",""67211d1a55f49a979d801cb9"",""671fcbd10dca5ff4023c9ae2"",""6723c09043541e9ff6c0992d"",""6723c08e43541e9ff6c098f7"",""67226f860d7e007bf21f0a9d"",""6725123929b853e01d79bcf2"",""671fcbd00dca5ff4023c9ad6"",""671fcbd20dca5ff4023c9b00"",""67211d1b55f49a979d801cd2""],""food"":[""6725137929b853e01d79bf6e"",""67211f5c55f49a979d801fd1"",""671fce790dca5ff4023c9def"",""672271750d7e007bf21f0d2e"",""6723c37243541e9ff6c09cd4"",""672271740d7e007bf21f0d16"",""671fce7a0dca5ff4023c9dfb"",""6725137929b853e01d79bf68"",""672271740d7e007bf21f0d0a"",""67211f5e55f49a979d801ffb""],""entertainment"":[""6722713f0d7e007bf21f0cb4"",""671fd0780dca5ff4023c9fb1"",""67211e7f55f49a979d801f67"",""6725132929b853e01d79bf3c"",""671fd0780dca5ff4023c9f99"",""671fd07a0dca5ff4023c9fcf"",""672271400d7e007bf21f0cd2"",""67211e7f55f49a979d801f5b"",""672271400d7e007bf21f0ccc"",""67211e7f55f49a979d801f73""],""current affairs"":[""6724ccd129b853e01d747e0f"",""6724ccca29b853e01d747d9f"",""6724ccc929b853e01d747d8c"",""6724ccc229b853e01d747d1d"",""6724ccc829b853e01d747d7a"",""6724ccb429b853e01d747c64"",""6724ccc029b853e01d747cf7"",""6724ccc729b853e01d747d67"",""6724ccc429b853e01d747d42"",""6724ccc529b853e01d747d55""]}",,"{""health"":14,""food"":21,""entertainment"":14,""current affairs"":40}",,"2024-10-30T07:02:28.594Z",89,false,"6721da044f0a09d10336b0c6",12
"661d1b2215323b828c65ac04","671ea2c80dca5ff4021af44e","[""politics"",""environment"",""education"",""current affairs""]","[]","{}",,"{}",,"{}",,"2024-10-30T07:46:58.353Z",0,true,"6721e4724f0a09d10336c08c",0
"6613f4d5ce72abb1ce9abed9","671ea2c80dca5ff4021af44e","[""environment"",""crime"",""sports"",""current affairs""]","[]","{""environment"":1}",,"{""environment"":[""67211da555f49a979d801db5"",""671fcf410dca5ff4023c9e90"",""672512a029b853e01d79be11"",""671fcf420dca5ff4023c9eb5"",""67211da655f49a979d801dbb""]}",,"{""environment"":26}",,"2024-10-31T06:30:05.913Z",26,true,"672323edf9f5765ca20f4074",1
"6613f4d0ce72abb1ce9abec4","671ea2c80dca5ff4021af44e","[""world"",""politics"",""entertainment"",""current affairs""]","[]","{""world"":1}",,"{""world"":[""6725107829b853e01d79b830"",""6725107a29b853e01d79b878"",""67226d890d7e007bf21f07d5"",""6725107929b853e01d79b859"",""671fceea0dca5ff4023c9e16""]}",,"{""world"":16}",,"2024-10-31T06:30:04.799Z",16,true,"672323ecf9f5765ca20f406d",1
"6613f4d1ce72abb1ce9abeca","671ea2c80dca5ff4021af44e","[""science"",""food"",""world"",""current affairs""]","[]","{}",,"{}",,"{}",,"2024-10-31T06:30:03.471Z",0,true,"672323ebf9f5765ca20f4065",0
"6613f4c8ce72abb1ce9abea3","671ea2c80dca5ff4021af44e","[""business"",""world"",""lifestyle"",""current affairs""]","[]","{}",,"{}",,"{}",,"2024-10-31T06:30:05.478Z",0,true,"672323edf9f5765ca20f4071",0
"6613f4b2ce72abb1ce9abe4f","671ea2c80dca5ff4021af44e","[""health"",""science"",""education"",""current affairs""]","[]","{""health"":1}",,"{""health"":[""67226f840d7e007bf21f0a7f"",""67211d1b55f49a979d801cd2"",""671fcbd10dca5ff4023c9ae2"",""6725123729b853e01d79bcd3"",""67211d1a55f49a979d801cc5""]}",,"{""health"":15}",,"2024-10-31T06:30:03.908Z",15,true,"672323ebf9f5765ca20f4068",1
"6613f4b0ce72abb1ce9abe46","671ea2c80dca5ff4021af44e","[""education"",""entertainment"",""politics"",""current affairs""]","[]","{}",,"{}",,"{}",,"2024-10-31T06:30:06.564Z",0,true,"672323eef9f5765ca20f4078",0
"65f300509edbd593b5293db2","671ea2c80dca5ff4021af44e","[""politics"",""lifestyle"",""education"",""current affairs""]","[""current affairs"",""education"",""lifestyle"",""politics""]","{""current affairs"":2,""education"":2,""lifestyle"":2,""politics"":2}",,"{""current affairs"":[""6724ccc529b853e01d747d55"",""6724cccb29b853e01d747db2"",""6724ccb329b853e01d747c57"",""6724ccc029b853e01d747cf7"",""6724ccd429b853e01d747e82"",""6724ccb829b853e01d747c8c"",""6724ccc229b853e01d747d1d"",""6724ccc429b853e01d747d42"",""6724ccc829b853e01d747d7a"",""6724ccb429b853e01d747c64""],""education"":[""67211e1d55f49a979d801ec7"",""6723c23c43541e9ff6c09c61"",""6725130729b853e01d79beda"",""6723c23e43541e9ff6c09ca3"",""67211e1f55f49a979d801efc"",""671fcba40dca5ff4023c9a96"",""671fcba30dca5ff4023c9a90"",""671fcba50dca5ff4023c9ab5"",""671fcba40dca5ff4023c9a9c"",""6725130429b853e01d79be98""],""lifestyle"":[""672513a129b853e01d79c006"",""672513a129b853e01d79c000"",""671fcd800dca5ff4023c9c9e"",""6723c3fb43541e9ff6c09dab"",""6722725c0d7e007bf21f0d4b"",""671fcd800dca5ff4023c9c98"",""6723c3fb43541e9ff6c09db7"",""6722725e0d7e007bf21f0d6f"",""67211fbd55f49a979d802063"",""67211fbc55f49a979d802051""],""politics"":[""67226dca0d7e007bf21f0856"",""6723bf9043541e9ff6c0965e"",""672510e029b853e01d79b93d"",""67211c4855f49a979d801afa"",""67211c4755f49a979d801af4"",""6723bf8e43541e9ff6c0963a"",""67226dca0d7e007bf21f0850"",""671fce2b0dca5ff4023c9d1a"",""67211c4755f49a979d801adc"",""671fce2b0dca5ff4023c9d2c""]}",,"{""current affairs"":34,""education"":18,""lifestyle"":43,""politics"":72}",,"2024-11-01T01:36:29.117Z",167,false,"6724309d43541e9ff6d21386",12
"6613f495ce72abb1ce9abde3","671ea2c80dca5ff4021af44e","[""science"",""health"",""world"",""current affairs""]","[]","{""current affairs"":1,""world"":1}",,"{""current affairs"":[""6724ccd029b853e01d747dfc"",""6724ccb529b853e01d747c71"",""6724ccbd29b853e01d747cd2"",""6724cccc29b853e01d747dc4"",""6724ccc129b853e01d747d0a""],""world"":[""671fceec0dca5ff4023c9e46"",""67211bf055f49a979d801a22"",""67211bf155f49a979d801a4f"",""671fceeb0dca5ff4023c9e3a"",""671fceed0dca5ff4023c9e6a""]}",,"{""current affairs"":70,""world"":23}",,"2024-11-01T06:17:38.530Z",93,true,"672472820a9701ae75f548b4",2
"65b1ebbc90ba2e3794e9696d","671ea2c80dca5ff4021af44e","[""world"",""business"",""health"",""current affairs""]","[""current affairs"",""world"",""business"",""health""]","{""current affairs"":2,""world"":2,""health"":2,""business"":2}",,"{""current affairs"":[""6724ccbd29b853e01d747cd2"",""6724cccc29b853e01d747dc4"",""6724ccc229b853e01d747d1d"",""6724ccc029b853e01d747cf7"",""6724ccb529b853e01d747c71"",""6724ccd229b853e01d747e22"",""6724ccbb29b853e01d747cb5"",""6724ccbe29b853e01d747ce3"",""6724ccbc29b853e01d747cc2"",""6724ccb329b853e01d747c57""],""world"":[""6725107a29b853e01d79b87e"",""671fceed0dca5ff4023c9e58"",""6725107829b853e01d79b84d"",""671fceec0dca5ff4023c9e52"",""671fceeb0dca5ff4023c9e22"",""67226d890d7e007bf21f07c9"",""67211bef55f49a979d801a10"",""6725107929b853e01d79b859"",""67226d880d7e007bf21f07c3"",""6725107829b853e01d79b853""],""health"":[""6723c08e43541e9ff6c09909"",""671fcbd10dca5ff4023c9adc"",""671fcbd40dca5ff4023c9b30"",""671fcbd20dca5ff4023c9b0c"",""6723c08e43541e9ff6c098f1"",""6725123a29b853e01d79bd29"",""67226f850d7e007bf21f0a97"",""67211d1c55f49a979d801cee"",""67211d1b55f49a979d801ce8"",""6723c09043541e9ff6c09933""],""business"":[""6725114629b853e01d79ba11"",""6725114929b853e01d79ba5c"",""6725114629b853e01d79b9ff"",""6725114829b853e01d79ba41"",""6723bfc743541e9ff6c096f9"",""67226e600d7e007bf21f0924"",""671fcb390dca5ff4023c99b3"",""6723bfc643541e9ff6c096ed"",""67211c7f55f49a979d801b62"",""6725114729b853e01d79ba2f""]}",,"{""current affairs"":27,""world"":73,""health"":28,""business"":26}",,"2024-11-01T06:18:34.573Z",154,false,"672472ba2dc26d5cc49198c2",12
"6613f4cece72abb1ce9abebe","671ea2c80dca5ff4021af44e","[""education"",""sports"",""health"",""current affairs""]","[]","{}",,"{}",,"{}",,"2024-11-01T06:30:06.574Z",0,true,"6724756e2dc26d5cc491a4b9",0
"6613f49cce72abb1ce9abe01","671ea2c80dca5ff4021af44e","[""lifestyle"",""science"",""health"",""current affairs""]","[]","{""lifestyle"":1}",,"{""lifestyle"":[""671fcd830dca5ff4023c9cec"",""67211fbe55f49a979d802075"",""67211fbb55f49a979d802033"",""671fcd800dca5ff4023c9c92"",""6723c3f943541e9ff6c09d49""]}",,"{""lifestyle"":16}",,"2024-11-01T06:30:03.848Z",16,true,"6724756b2dc26d5cc491a4a4",1
"6613f49ece72abb1ce9abe0a","671ea2c80dca5ff4021af44e","[""world"",""business"",""health"",""current affairs""]","[""world""]","{""world"":2}",,"{""world"":[""67226d880d7e007bf21f07b7"",""671fceea0dca5ff4023c9e1c"",""6725107929b853e01d79b85f"",""67211bf155f49a979d801a47"",""671fceed0dca5ff4023c9e58"",""67226d8b0d7e007bf21f07fd"",""67226d8a0d7e007bf21f07f1"",""67211bef55f49a979d801a10"",""671fceeb0dca5ff4023c9e2e"",""67211bf255f49a979d801a5d""]}",,"{""world"":10}",,"2024-11-01T06:30:04.781Z",10,true,"6724756c2dc26d5cc491a4ab",2
"6613f4afce72abb1ce9abe43","671ea2c80dca5ff4021af44e","[""entertainment"",""technology"",""business"",""current affairs""]","[""entertainment""]","{""entertainment"":2}",,"{""entertainment"":[""6725132929b853e01d79bf3c"",""6725132829b853e01d79bf30"",""671fd0790dca5ff4023c9fc9"",""6725132929b853e01d79bf36"",""67211e7e55f49a979d801f43"",""671fd07a0dca5ff4023c9fcf"",""672271400d7e007bf21f0cd8"",""67211e8055f49a979d801f79"",""6725132929b853e01d79bf42"",""6722713e0d7e007bf21f0ca2""]}",,"{""entertainment"":15}",,"2024-11-01T06:30:08.610Z",15,true,"672475702dc26d5cc491a4cb",2
"6613f4dcce72abb1ce9abef7","671ea2c80dca5ff4021af44e","[""world"",""business"",""tourism"",""current affairs""]","[]","{}",,"{}",,"{}",,"2024-11-01T06:30:04.331Z",0,true,"6724756c2dc26d5cc491a4a8",0
"6613f4b3ce72abb1ce9abe52","671ea2c80dca5ff4021af44e","[""education"",""sports"",""world"",""current affairs""]","[]","{""education"":1}",,"{""education"":[""671fcba50dca5ff4023c9ab5"",""671fcba40dca5ff4023c9a9c"",""6723c23e43541e9ff6c09c9d"",""671fcba30dca5ff4023c9a7e"",""6723c23b43541e9ff6c09c43""]}",,"{""education"":7}",,"2024-11-01T06:30:06.138Z",7,true,"6724756e2dc26d5cc491a4b4",1
"6613f49dce72abb1ce9abe04","671ea2c80dca5ff4021af44e","[""lifestyle"",""science"",""crime"",""current affairs""]","[]","{""lifestyle"":1}",,"{""lifestyle"":[""6722725e0d7e007bf21f0d7b"",""671fcd820dca5ff4023c9cda"",""671fcd7f0dca5ff4023c9c8c"",""6723c3fb43541e9ff6c09dbf"",""6723c3fb43541e9ff6c09db7""]}",,"{""lifestyle"":21}",,"2024-11-01T06:30:07.463Z",21,true,"6724756f2dc26d5cc491a4c3",1
"6613f4bece72abb1ce9abe7c","671ea2c80dca5ff4021af44e","[""education"",""environment"",""world"",""current affairs""]","[""education""]","{""education"":2}",,"{""education"":[""6723c23d43541e9ff6c09c79"",""672270bc0d7e007bf21f0c33"",""6723c23b43541e9ff6c09c49"",""671fcba40dca5ff4023c9aae"",""6723c23b43541e9ff6c09c4f"",""67211e1f55f49a979d801ef4"",""672270bb0d7e007bf21f0c2d"",""67211e1e55f49a979d801ee0"",""672270bb0d7e007bf21f0c27"",""6723c23e43541e9ff6c09c9d""]}",,"{""education"":8}",,"2024-11-01T06:30:07.952Z",8,true,"6724756f2dc26d5cc491a4c7",2
"6613f4aece72abb1ce9abe40","671ea2c80dca5ff4021af44e","[""education"",""technology"",""world"",""current affairs""]","[""education""]","{""education"":2}",,"{""education"":[""6725130729b853e01d79beda"",""672270bb0d7e007bf21f0c27"",""6725130629b853e01d79bec2"",""671fcba30dca5ff4023c9a90"",""671fcba40dca5ff4023c9aa2"",""6723c23e43541e9ff6c09c97"",""672270bd0d7e007bf21f0c51"",""671fcba40dca5ff4023c9a96"",""672270be0d7e007bf21f0c75"",""67211e1e55f49a979d801ee0""]}",,"{""education"":6}",,"2024-11-01T06:30:05.228Z",6,true,"6724756d2dc26d5cc491a4ae",2
"6613f4b1ce72abb1ce9abe4c","671ea2c80dca5ff4021af44e","[""sports"",""tourism"",""science"",""current affairs""]","[""sports""]","{""sports"":2}",,"{""sports"":[""6723c03f43541e9ff6c0982b"",""671fcffa0dca5ff4023c9f12"",""67226f4f0d7e007bf21f09ee"",""67211ced55f49a979d801c2a"",""6723c04143541e9ff6c09850"",""6723c04143541e9ff6c0985c"",""6723c04143541e9ff6c0984a"",""671fcffd0dca5ff4023c9f5a"",""672511ce29b853e01d79bc16"",""672511cb29b853e01d79bbbb""]}",,"{""sports"":18}",,"2024-11-01T06:30:05.670Z",18,true,"6724756d2dc26d5cc491a4b1",2
"653548118a2815874166fa66","671ea2c80dca5ff4021af44e","[""sports"",""entertainment"",""world"",""current affairs""]","[""entertainment"",""world"",""current affairs"",""sports""]","{""sports"":2,""entertainment"":2,""world"":2,""current affairs"":2}",,"{""sports"":[""672511ce29b853e01d79bc09"",""671fcffc0dca5ff4023c9f4e"",""672511cd29b853e01d79bbfd"",""67211ceb55f49a979d801bff"",""6723c04143541e9ff6c0985c"",""671fcffb0dca5ff4023c9f24"",""6723c03f43541e9ff6c0982b"",""67211cec55f49a979d801c1e"",""672511cb29b853e01d79bbcd"",""6723c04143541e9ff6c09862""],""entertainment"":[""67211e7d55f49a979d801f37"",""6725132629b853e01d79bf00"",""67211e7f55f49a979d801f6d"",""671fd0790dca5ff4023c9fc9"",""6722713e0d7e007bf21f0c9c"",""6722713e0d7e007bf21f0ca8"",""6725132829b853e01d79bf1e"",""671fd0770dca5ff4023c9f8d"",""67211e7e55f49a979d801f55"",""671fd07a0dca5ff4023c9fcf""],""world"":[""6725107929b853e01d79b865"",""67211bf255f49a979d801a5d"",""67211bf155f49a979d801a3b"",""67211bf055f49a979d801a2f"",""67226d8b0d7e007bf21f07fd"",""6725107829b853e01d79b836"",""67226d8a0d7e007bf21f07f1"",""6725107a29b853e01d79b884"",""67211bf255f49a979d801a57"",""6725107a29b853e01d79b87e""],""current affairs"":[""6724ccbc29b853e01d747cc2"",""6724ccca29b853e01d747d9f"",""6724ccba29b853e01d747ca8"",""6724ccc029b853e01d747cf7"",""6724ccb329b853e01d747c57"",""6724ccd129b853e01d747e0f"",""6724ccc929b853e01d747d8c"",""6724ccc429b853e01d747d42"",""6724ccc829b853e01d747d7a"",""6724ccc729b853e01d747d67""]}",,"{""sports"":67,""entertainment"":12,""world"":30,""current affairs"":50}",,"2024-11-01T15:41:29.580Z",159,false,"6724f6a929b853e01d77233a",12
"6613f494ce72abb1ce9abddf","6727dd49c4f680b5ca0e0b21","[""food"",""world"",""tourism"",""current affairs""]","[]","{}",,"{}",,"{}",,"2024-11-04T06:30:03.557Z",0,true,"672869ebc4f680b5ca21e6c9",0
"6613f4d0ce72abb1ce9abec4","6727dd49c4f680b5ca0e0b21","[""politics"",""science"",""technology"",""current affairs""]","[""politics""]","{""politics"":2}",,"{""politics"":[""672ba8a7996436ecb2267658"",""672cf9e22b01c21bf0c6f840"",""672cf9e02b01c21bf0c6f7ef"",""672e4b827276db90091c7d3a"",""672e4b817276db90091c7d2e"",""67290540fef9a36c83522c20"",""6729053ffef9a36c83522c00"",""672ba8a7996436ecb2267668"",""672a56a6abc9c495c4a4eee3"",""672a56a4abc9c495c4a4eeb9""]}",,"{""politics"":3}",,"2024-11-04T06:30:04.000Z",3,true,"672869ebc4f680b5ca21e6cc",2
"6613f4c9ce72abb1ce9abea9","6727dd49c4f680b5ca0e0b21","[""politics"",""science"",""tourism"",""current affairs""]","[]","{}",,"{}",,"{}",,"2024-11-04T06:30:04.437Z",0,true,"672869ecc4f680b5ca21e6cf",0
"6613f498ce72abb1ce9abdef","6727dd49c4f680b5ca0e0b21","[""food"",""business"",""health"",""current affairs""]","[""food""]","{""food"":2,""business"":1}",,"{""food"":[""672a5a3babc9c495c4a4f55d"",""672bac40996436ecb2267c47"",""672e4dc37276db90091c8511"",""672cfddb2b01c21bf0c7000f"",""672cfddc2b01c21bf0c7002d"",""672a5a3aabc9c495c4a4f53f"",""672bac3d996436ecb2267c05"",""6729088bfef9a36c83523315"",""672e4dc37276db90091c851e"",""672cfdde2b01c21bf0c70069""],""business"":[""672ba908996436ecb2267717"",""672905b8fef9a36c83522ce5"",""672cfa3a2b01c21bf0c6f936"",""672ba906996436ecb22676e6"",""672905bafef9a36c83522d47""]}",,"{""food"":16,""business"":0}",,"2024-11-04T06:30:04.872Z",16,true,"672869ecc4f680b5ca21e6d2",3
"6613f4cece72abb1ce9abebb","6727dd49c4f680b5ca0e0b21","[""food"",""business"",""world"",""current affairs""]","[]","{}",,"{}",,"{}",,"2024-11-04T06:30:05.308Z",0,true,"672869edc4f680b5ca21e6d5",0
"6613f4c0ce72abb1ce9abe85","6727dd49c4f680b5ca0e0b21","[""entertainment"",""health"",""technology"",""current affairs""]","[]","{""entertainment"":1}",,"{""entertainment"":[""67290867fef9a36c835232cb"",""67290869fef9a36c83523307"",""67290867fef9a36c835232d1"",""672a59d8abc9c495c4a4f4ef"",""67290868fef9a36c835232dd""]}",,"{""entertainment"":15}",,"2024-11-04T06:30:05.744Z",15,true,"672869edc4f680b5ca21e6d8",1
"6613f4d6ce72abb1ce9abedc","6727dd49c4f680b5ca0e0b21","[""technology"",""world"",""education"",""current affairs""]","[]","{}",,"{}",,"{}",,"2024-11-04T06:30:06.182Z",0,true,"672869eec4f680b5ca21e6db",0
"6613f4a2ce72abb1ce9abe16","6727dd49c4f680b5ca0e0b21","[""business"",""entertainment"",""world"",""current affairs""]","[]","{""business"":1}",,"{""business"":[""672cfa392b01c21bf0c6f90c"",""672a5763abc9c495c4a4f073"",""672e4bb07276db90091c7db3"",""672905b8fef9a36c83522cf1"",""672ba907996436ecb22676fe""]}",,"{""business"":21}",,"2024-11-04T06:30:06.617Z",21,true,"672869eec4f680b5ca21e6de",1
"6613f4bece72abb1ce9abe7c","6727dd49c4f680b5ca0e0b21","[""science"",""tourism"",""food"",""current affairs""]","[]","{}",,"{}",,"{}",,"2024-11-04T06:30:07.052Z",0,true,"672869efc4f680b5ca21e6e1",0
"6613f4a7ce72abb1ce9abe28","6727dd49c4f680b5ca0e0b21","[""science"",""crime"",""sports"",""current affairs""]","[""science""]","{""science"":2,""crime"":1}",,"{""science"":[""672e4c6b7276db90091c80b9"",""672a58a7abc9c495c4a4f36c"",""672e4c6c7276db90091c80bf"",""672e4c687276db90091c8068"",""672a58a9abc9c495c4a4f396"",""672cfbbf2b01c21bf0c6fd8c"",""672baaf3996436ecb2267a49"",""672e4c6b7276db90091c80a7"",""672906e9fef9a36c83523072"",""672906ebfef9a36c835230a2""],""crime"":[""672bab48996436ecb2267aef"",""67290772fef9a36c835231de"",""672cfccb2b01c21bf0c6ff48"",""672cfcc92b01c21bf0c6ff0c"",""672cfcc82b01c21bf0c6ff00""]}",,"{""science"":0,""crime"":0}",,"2024-11-04T06:30:07.487Z",0,true,"672869efc4f680b5ca21e6e4",3
"6613f4d3ce72abb1ce9abed3","6727dd49c4f680b5ca0e0b21","[""science"",""crime"",""lifestyle"",""current affairs""]","[]","{""science"":1}",,"{""science"":[""672a58a9abc9c495c4a4f39c"",""672baaf4996436ecb2267a61"",""672a58a7abc9c495c4a4f360"",""672e4c6c7276db90091c80d1"",""672cfbbd2b01c21bf0c6fd50""]}",,"{""science"":2}",,"2024-11-04T06:30:07.922Z",2,true,"672869efc4f680b5ca21e6e7",1
"6613f4b9ce72abb1ce9abe67","6727dd49c4f680b5ca0e0b21","[""environment"",""business"",""education"",""current affairs""]","[]","{}",,"{}",,"{}",,"2024-11-04T06:30:08.357Z",0,true,"672869f0c4f680b5ca21e6ea",0
"6613f4d2ce72abb1ce9abecd","6727dd49c4f680b5ca0e0b21","[""lifestyle"",""sports"",""food"",""current affairs""]","[]","{""lifestyle"":1}",,"{""lifestyle"":[""672cfe2d2b01c21bf0c7007f"",""672cfe2e2b01c21bf0c70097"",""672e4def7276db90091c85dc"",""672bac6b996436ecb2267c73"",""672cfe2d2b01c21bf0c7008b""]}",,"{""lifestyle"":7}",,"2024-11-04T06:30:08.792Z",7,true,"672869f0c4f680b5ca21e6ed",1
"6613f4aece72abb1ce9abe40","6727dd49c4f680b5ca0e0b21","[""environment"",""lifestyle"",""tourism"",""current affairs""]","[]","{}",,"{}",,"{}",,"2024-11-04T06:30:09.227Z",0,true,"672869f1c4f680b5ca21e6f0",0
"65b1ebbc90ba2e3794e9696d","6727dd49c4f680b5ca0e0b21","[""world"",""technology"",""health"",""current affairs""]","[""current affairs"",""technology""]","{""current affairs"":2,""world"":1,""health"":1,""technology"":2}",,"{""current affairs"":[""672e063c7276db900916d7c9"",""672e06447276db900916dac6"",""672e063b7276db900916d7b8"",""672e06477276db900916db87"",""672e063e7276db900916d8bc"",""672e06367276db900916d589"",""672e06437276db900916da6f"",""672e06467276db900916db75"",""672e06377276db900916d621"",""672e063d7276db900916d81f""],""world"":[""672904e9fef9a36c83522b1c"",""672a5639abc9c495c4a4edbb"",""672904ebfef9a36c83522b54"",""672a5638abc9c495c4a4eda9"",""672ba7c2996436ecb2267416""],""health"":[""672cfb8b2b01c21bf0c6fca2"",""672a5882abc9c495c4a4f32e"",""67290697fef9a36c83522fb4"",""67290696fef9a36c83522fae"",""672cfb8e2b01c21bf0c6fcdf""],""technology"":[""672e4be57276db90091c7e5f"",""672905e9fef9a36c83522e10"",""672cfa882b01c21bf0c6f9b9"",""672cfa8b2b01c21bf0c6f9fb"",""672a57dbabc9c495c4a4f15d"",""672905e6fef9a36c83522dc8"",""672905e9fef9a36c83522e04"",""672ba96c996436ecb2267866"",""672cfa882b01c21bf0c6f9bf"",""672a57dbabc9c495c4a4f157""]}",,"{""current affairs"":41,""world"":20,""health"":54,""technology"":48}",,"2024-11-04T12:27:49.791Z",163,false,"6728bdc5c4f680b5ca296e12",8
"653548118a2815874166fa66","6727dd49c4f680b5ca0e0b21","[""world"",""sports"",""entertainment"",""current affairs""]","[]","{}",,"{}",,"{}",,"2024-11-05T03:00:42.763Z",0,true,"67298a5afef9a36c83667aef",0
"661d1b2215323b828c65ac04","6727dd49c4f680b5ca0e0b21","[""science"",""environment"",""crime"",""current affairs""]","[""current affairs"",""environment"",""science"",""crime""]","{""science"":2,""environment"":2,""crime"":2,""current affairs"":2}",,"{""science"":[""672e4c6a7276db90091c808e"",""672e4c6b7276db90091c80b9"",""672e4c687276db90091c8068"",""672e4c6a7276db90091c809a"",""672e4c6a7276db90091c8088"",""672906ebfef9a36c835230a8"",""672baaf1996436ecb2267a13"",""672cfbbf2b01c21bf0c6fd86"",""672baaf3996436ecb2267a4f"",""672906ecfef9a36c835230ba""],""environment"":[""67290716fef9a36c83523109"",""67290716fef9a36c83523103"",""672cfc1c2b01c21bf0c6fed6"",""672a58d4abc9c495c4a4f40a"",""672a58d3abc9c495c4a4f3df"",""672bab26996436ecb2267acf"",""672bab25996436ecb2267ab1"",""672cfc192b01c21bf0c6fe88"",""672e4c987276db90091c816d"",""672bab26996436ecb2267ac3""],""crime"":[""672e4cbd7276db90091c8216"",""672a5952abc9c495c4a4f431"",""672cfcc92b01c21bf0c6ff0c"",""67290773fef9a36c835231f6"",""672bab4a996436ecb2267b25"",""67290775fef9a36c83523220"",""67290773fef9a36c83523202"",""672a5953abc9c495c4a4f449"",""672e4cbc7276db90091c820a"",""672bab47996436ecb2267ae3""],""current affairs"":[""672e06357276db900916d57c"",""672e06457276db900916dad9"",""672e06487276db900916dc23"",""672e06447276db900916dac6"",""672e06387276db900916d674"",""672e063d7276db900916d81f"",""672e06377276db900916d621"",""672e06497276db900916dc38"",""672e06417276db900916d97b"",""672e063a7276db900916d6d4""]}",,"{""science"":8,""environment"":19,""crime"":18,""current affairs"":48}",,"2024-11-05T05:52:16.758Z",93,false,"6729b290fef9a36c83691bc5",12
"6613f4bbce72abb1ce9abe6d","6727dd49c4f680b5ca0e0b21","[""health"",""science"",""business"",""current affairs""]","[]","{}",,"{}",,"{}",,"2024-11-05T06:30:02.619Z",0,true,"6729bb6afef9a36c83692d8f",0
"6613f4dcce72abb1ce9abef7","6727dd49c4f680b5ca0e0b21","[""environment"",""lifestyle"",""technology"",""current affairs""]","[""environment""]","{""environment"":2}",,"{""environment"":[""672cfc1a2b01c21bf0c6fe94"",""672cfc192b01c21bf0c6fe88"",""672a58d4abc9c495c4a4f3f1"",""672e4c9b7276db90091c81ac"",""67290716fef9a36c83523115"",""672e4c997276db90091c8186"",""67290716fef9a36c8352310f"",""672a58d2abc9c495c4a4f3d3"",""67290718fef9a36c83523141"",""67290717fef9a36c83523133""]}",,"{""environment"":15}",,"2024-11-05T06:30:03.056Z",15,true,"6729bb6bfef9a36c83692d92",2
"6613f4ccce72abb1ce9abeb5","6727dd49c4f680b5ca0e0b21","[""politics"",""crime"",""sports"",""current affairs""]","[""politics""]","{""politics"":2}",,"{""politics"":[""672cf9e12b01c21bf0c6f808"",""672e4b827276db90091c7d3a"",""672a56a7abc9c495c4a4ef07"",""672e4b827276db90091c7d40"",""672cf9e22b01c21bf0c6f840"",""672e4b807276db90091c7d0a"",""672ba8a9996436ecb2267698"",""672ba8a9996436ecb2267686"",""672e4b817276db90091c7d28"",""6729053ffef9a36c83522bee""]}",,"{""politics"":9}",,"2024-11-05T06:30:03.493Z",9,true,"6729bb6bfef9a36c83692d95",2
"6613f4c3ce72abb1ce9abe8e","6727dd49c4f680b5ca0e0b21","[""technology"",""business"",""world"",""current affairs""]","[]","{""technology"":1}",,"{""technology"":[""672e4be57276db90091c7e5f"",""672a57ddabc9c495c4a4f188"",""672905e9fef9a36c83522e16"",""672ba96b996436ecb226784e"",""672e4be87276db90091c7eaa""]}",,"{""technology"":39}",,"2024-11-05T06:30:03.928Z",39,true,"6729bb6bfef9a36c83692d98",1
"6613f4acce72abb1ce9abe37","6727dd49c4f680b5ca0e0b21","[""technology"",""business"",""lifestyle"",""current affairs""]","[]","{}",,"{}",,"{}",,"2024-11-05T06:30:04.469Z",0,true,"6729bb6cfef9a36c83692d9b",0
"6613f4adce72abb1ce9abe3d","6727dd49c4f680b5ca0e0b21","[""crime"",""environment"",""science"",""current affairs""]","[]","{}",,"{}",,"{}",,"2024-11-05T06:30:04.940Z",0,true,"6729bb6cfef9a36c83692d9e",0
"6613f4bace72abb1ce9abe6a","6727dd49c4f680b5ca0e0b21","[""tourism"",""crime"",""lifestyle"",""current affairs""]","[]","{""tourism"":1}",,"{""tourism"":[""672a5adfabc9c495c4a4f5ce"",""672e4e417276db90091c8609"",""672e4e417276db90091c860f"",""67290918fef9a36c835233d3"",""6729091afef9a36c83523409""]}",,"{""tourism"":2}",,"2024-11-05T06:30:05.394Z",2,true,"6729bb6dfef9a36c83692da1",1
"6613f4c9ce72abb1ce9abea6","6727dd49c4f680b5ca0e0b21","[""lifestyle"",""education"",""science"",""current affairs""]","[]","{}",,"{}",,"{}",,"2024-11-05T06:30:05.833Z",0,true,"6729bb6dfef9a36c83692da4",0
"6613f4cdce72abb1ce9abeb8","6727dd49c4f680b5ca0e0b21","[""lifestyle"",""education"",""science"",""current affairs""]","[]","{""lifestyle"":1}",,"{""lifestyle"":[""672cfe2e2b01c21bf0c700a3"",""672e4dee7276db90091c85b2"",""672e4def7276db90091c85ca"",""672a5ab7abc9c495c4a4f591"",""672908b2fef9a36c83523395""]}",,"{""lifestyle"":34}",,"2024-11-05T06:30:06.271Z",34,true,"6729bb6efef9a36c83692da7",1
"6613f496ce72abb1ce9abde9","6727dd49c4f680b5ca0e0b21","[""education"",""crime"",""tourism"",""current affairs""]","[]","{""education"":1}",,"{""education"":[""6729079bfef9a36c83523285"",""672babc8996436ecb2267b52"",""672e4ce87276db90091c827a"",""672e4ceb7276db90091c82da"",""67290799fef9a36c8352324f""]}",,"{""education"":3}",,"2024-11-05T06:30:06.707Z",3,true,"6729bb6efef9a36c83692daa",1
"6613f4c8ce72abb1ce9abea3","6727dd49c4f680b5ca0e0b21","[""education"",""environment"",""politics"",""current affairs""]","[""education""]","{""education"":2,""environment"":1}",,"{""education"":[""672a5996abc9c495c4a4f4c9"",""672babc8996436ecb2267b4c"",""672cfd1c2b01c21bf0c6ff56"",""672e4cea7276db90091c82b2"",""672a5995abc9c495c4a4f4bd"",""672a5994abc9c495c4a4f4a5"",""672babca996436ecb2267b7c"",""67290799fef9a36c8352325b"",""672e4ce97276db90091c82a6"",""672babc8996436ecb2267b52""],""environment"":[""67290716fef9a36c8352310f"",""672bab25996436ecb2267ab7"",""672e4c997276db90091c8173"",""672cfc1b2b01c21bf0c6febe"",""672bab24996436ecb2267a98""]}",,"{""education"":16,""environment"":8}",,"2024-11-05T06:30:07.142Z",24,true,"6729bb6ffef9a36c83692dad",3
"6613f4d5ce72abb1ce9abed9","6727dd49c4f680b5ca0e0b21","[""crime"",""world"",""food"",""current affairs""]","[]","{}",,"{}",,"{}",,"2024-11-05T06:30:07.581Z",0,true,"6729bb6ffef9a36c83692db0",0
"6613f4b1ce72abb1ce9abe4c","6727dd49c4f680b5ca0e0b21","[""environment"",""politics"",""entertainment"",""current affairs""]","[""environment""]","{""environment"":2}",,"{""environment"":[""67290716fef9a36c83523109"",""672a58d3abc9c495c4a4f3df"",""672e4c987276db90091c815b"",""672bab25996436ecb2267abd"",""672bab25996436ecb2267ab1"",""672a58d4abc9c495c4a4f404"",""672e4c9a7276db90091c818c"",""672cfc1c2b01c21bf0c6fed0"",""67290718fef9a36c83523147"",""672a58d2abc9c495c4a4f3d3""]}",,"{""environment"":11}",,"2024-11-05T06:30:08.021Z",11,true,"6729bb70fef9a36c83692db3",2
"6613f4cfce72abb1ce9abec1","6727dd49c4f680b5ca0e0b21","[""health"",""science"",""food"",""current affairs""]","[]","{""health"":1}",,"{""health"":[""672cfb8c2b01c21bf0c6fcb5"",""672a5881abc9c495c4a4f310"",""672cfb8c2b01c21bf0c6fcc1"",""672e4c407276db90091c7fc1"",""672cfb8e2b01c21bf0c6fcdf""]}",,"{""health"":0}",,"2024-11-06T06:30:03.818Z",0,true,"672b0cebabc9c495c4bc2311",1
"6613f4d4ce72abb1ce9abed6","6727dd49c4f680b5ca0e0b21","[""business"",""education"",""world"",""current affairs""]","[]","{""business"":1}",,"{""business"":[""672905b9fef9a36c83522d34"",""672ba906996436ecb22676ec"",""672cfa382b01c21bf0c6f8fa"",""672a5764abc9c495c4a4f079"",""672cfa3b2b01c21bf0c6f942""]}",,"{""business"":3}",,"2024-11-06T06:30:04.494Z",3,true,"672b0cecabc9c495c4bc2315",1
"6613f4b3ce72abb1ce9abe52","6727dd49c4f680b5ca0e0b21","[""tourism"",""entertainment"",""crime"",""current affairs""]","[]","{}",,"{}",,"{}",,"2024-11-06T06:30:05.151Z",0,true,"672b0cedabc9c495c4bc2319",0
"6613f4bece72abb1ce9abe79","6727dd49c4f680b5ca0e0b21","[""food"",""entertainment"",""business"",""current affairs""]","[""food""]","{""food"":2}",,"{""food"":[""672e4dc17276db90091c84e5"",""672bac3e996436ecb2267c23"",""6729088cfef9a36c8352333f"",""672a5a3babc9c495c4a4f551"",""672e4dc37276db90091c852a"",""6729088bfef9a36c8352331b"",""6729088dfef9a36c8352334b"",""672cfddc2b01c21bf0c70039"",""672cfddb2b01c21bf0c70021"",""672cfdde2b01c21bf0c7005d""]}",,"{""food"":17}",,"2024-11-06T06:30:05.586Z",17,true,"672b0cedabc9c495c4bc231c",2
"6613f4d9ce72abb1ce9abee8","6727dd49c4f680b5ca0e0b21","[""food"",""entertainment"",""business"",""current affairs""]","[]","{}",,"{}",,"{}",,"2024-11-06T06:30:06.022Z",0,true,"672b0ceeabc9c495c4bc231f",0
"6613f4bdce72abb1ce9abe76","6727dd49c4f680b5ca0e0b21","[""food"",""world"",""entertainment"",""current affairs""]","[""food""]","{""food"":2}",,"{""food"":[""672bac3d996436ecb2267bf3"",""672cfddd2b01c21bf0c7004b"",""672a5a3babc9c495c4a4f551"",""6729088bfef9a36c83523315"",""672a5a3babc9c495c4a4f55d"",""672cfddc2b01c21bf0c7003f"",""672bac3c996436ecb2267bed"",""672bac3d996436ecb2267bf9"",""672bac3e996436ecb2267c17"",""672a5a3babc9c495c4a4f54b""]}",,"{""food"":8}",,"2024-11-06T06:30:06.674Z",8,true,"672b0ceeabc9c495c4bc2323",2
"6613f49bce72abb1ce9abdfe","6727dd49c4f680b5ca0e0b21","[""lifestyle"",""health"",""technology"",""current affairs""]","[]","{}",,"{}",,"{}",,"2024-11-06T06:30:07.120Z",0,true,"672b0cefabc9c495c4bc2326",0
"6613f4c1ce72abb1ce9abe88","6727dd49c4f680b5ca0e0b21","[""world"",""education"",""crime"",""current affairs""]","[]","{}",,"{}",,"{}",,"2024-11-06T06:30:08.044Z",0,true,"672b0cf0abc9c495c4bc232b",0
"66210e6094d2c53bd0b70ccc","6727dd49c4f680b5ca0e0b21","[""lifestyle"",""health"",""food"",""current affairs""]","[]","{}",,"{}",,"{}",,"2024-11-06T15:54:47.931Z",0,true,"672b9147996436ecb223e5ea",0
"65fe496b205cf6d5f81e91fb","6727dd49c4f680b5ca0e0b21","[""health"",""entertainment"",""food"",""current affairs""]","[""health"",""entertainment"",""food"",""current affairs""]","{""health"":2,""entertainment"":2,""food"":2,""current affairs"":2}",,"{""health"":[""67290696fef9a36c83522fa8"",""67290697fef9a36c83522fc6"",""672e4c417276db90091c7fcf"",""672e4c417276db90091c7fc7"",""67290695fef9a36c83522f7d"",""672baa17996436ecb22679ae"",""672baa17996436ecb22679ba"",""672a5882abc9c495c4a4f31c"",""67290696fef9a36c83522fae"",""672cfb8d2b01c21bf0c6fcd9""],""entertainment"":[""672a59d8abc9c495c4a4f4e3"",""67290869fef9a36c8352330d"",""672a59d9abc9c495c4a4f501"",""672e4d987276db90091c8472"",""672babf2996436ecb2267bc6"",""672e4d967276db90091c8436"",""672cfdaf2b01c21bf0c6fffc"",""672cfdae2b01c21bf0c6fff0"",""67290867fef9a36c835232cb"",""672e4d977276db90091c8454""],""food"":[""672bac3e996436ecb2267c1d"",""672e4dc37276db90091c8517"",""672bac3f996436ecb2267c35"",""672bac3c996436ecb2267bed"",""6729088dfef9a36c83523357"",""672cfdde2b01c21bf0c70063"",""6729088cfef9a36c8352333f"",""672e4dc27276db90091c8505"",""672cfddc2b01c21bf0c7003f"",""672bac3e996436ecb2267c23""],""current affairs"":[""672e06457276db900916dad9"",""672e063f7276db900916d8cd"",""672e063b7276db900916d7b8"",""672e06417276db900916d97b"",""672e06377276db900916d621"",""672e06397276db900916d681"",""672e06437276db900916da6f"",""672e06357276db900916d57c"",""672e06407276db900916d925"",""672e06477276db900916db87""]}",,"{""health"":52,""entertainment"":17,""food"":26,""current affairs"":68}",,"2024-11-07T05:59:01.646Z",163,false,"672c5725996436ecb23df274",12
"6613f4b6ce72abb1ce9abe5b","6727dd49c4f680b5ca0e0b21","[""education"",""food"",""lifestyle"",""current affairs""]","[]","{""education"":1}",,"{""education"":[""672babc8996436ecb2267b4c"",""672babc8996436ecb2267b46"",""672a5992abc9c495c4a4f475"",""672cfd1f2b01c21bf0c6ffaa"",""672e4ce97276db90091c829a""]}",,"{""education"":0}",,"2024-11-07T06:30:06.918Z",0,true,"672c5e6e5755ca55b7188245",1
"6613f4a1ce72abb1ce9abe13","6727dd49c4f680b5ca0e0b21","[""crime"",""sports"",""science"",""current affairs""]","[""crime""]","{""crime"":2}",,"{""crime"":[""672bab4a996436ecb2267b2b"",""672bab48996436ecb2267af5"",""672a5954abc9c495c4a4f45b"",""672cfccb2b01c21bf0c6ff48"",""672e4cbe7276db90091c8240"",""672e4cbe7276db90091c822e"",""672a5953abc9c495c4a4f449"",""67290773fef9a36c835231ea"",""672cfcc82b01c21bf0c6fefa"",""67290773fef9a36c835231fc""]}",,"{""crime"":10}",,"2024-11-07T06:30:04.086Z",10,true,"672c5e6c5755ca55b7188233",2
"6613f4d1ce72abb1ce9abeca","6727dd49c4f680b5ca0e0b21","[""technology"",""education"",""environment"",""current affairs""]","[]","{""technology"":1}",,"{""technology"":[""672e4be77276db90091c7e90"",""672905e7fef9a36c83522de0"",""672a57dcabc9c495c4a4f169"",""672a57daabc9c495c4a4f141"",""672ba96c996436ecb2267876""]}",,"{""technology"":0}",,"2024-11-07T06:30:03.411Z",0,true,"672c5e6b5755ca55b718822f",1
"6613f4b0ce72abb1ce9abe46","6727dd49c4f680b5ca0e0b21","[""science"",""lifestyle"",""education"",""current affairs""]","[""science""]","{""science"":2}",,"{""science"":[""672e4c6a7276db90091c8088"",""672a58a8abc9c495c4a4f378"",""672cfbc12b01c21bf0c6fdb7"",""672a58a7abc9c495c4a4f372"",""672baaf2996436ecb2267a31"",""672a58a9abc9c495c4a4f39c"",""672baaf3996436ecb2267a49"",""672baaf1996436ecb2267a0d"",""672a58a7abc9c495c4a4f36c"",""672e4c6b7276db90091c80a0""]}",,"{""science"":5}",,"2024-11-07T06:30:04.519Z",5,true,"672c5e6c5755ca55b7188236",2
"6613f4e0ce72abb1ce9abf06","6727dd49c4f680b5ca0e0b21","[""technology"",""entertainment"",""lifestyle"",""current affairs""]","[""technology""]","{""technology"":2}",,"{""technology"":[""672e4be67276db90091c7e8a"",""672905e8fef9a36c83522df2"",""672a57ddabc9c495c4a4f188"",""672e4be77276db90091c7ea2"",""672905e8fef9a36c83522dec"",""672cfa882b01c21bf0c6f9b9"",""672ba96a996436ecb226783b"",""672ba96c996436ecb2267876"",""672a57dcabc9c495c4a4f16f"",""672cfa8a2b01c21bf0c6f9dd""]}",,"{""technology"":29}",,"2024-11-07T06:30:07.359Z",29,true,"672c5e6f5755ca55b7188248",2
"6613f4d6ce72abb1ce9abedf","6727dd49c4f680b5ca0e0b21","[""science"",""education"",""technology"",""current affairs""]","[]","{""science"":1}",,"{""science"":[""672cfbc02b01c21bf0c6fda5"",""672e4c697276db90091c806f"",""672a58a7abc9c495c4a4f372"",""672e4c6b7276db90091c80b3"",""672baaf4996436ecb2267a61""]}",,"{""science"":12}",,"2024-11-07T06:30:04.953Z",12,true,"672c5e6c5755ca55b7188239",1
"6613f4dece72abb1ce9abefd","6727dd49c4f680b5ca0e0b21","[""tourism"",""technology"",""health"",""current affairs""]","[]","{""tourism"":1}",,"{""tourism"":[""672e4e417276db90091c8609"",""672cfe562b01c21bf0c700d5"",""672a5ae0abc9c495c4a4f5e0"",""672cfe572b01c21bf0c700e7"",""672e4e437276db90091c863f""]}",,"{""tourism"":7}",,"2024-11-07T06:30:05.612Z",7,true,"672c5e6d5755ca55b718823d",1
"6613f4c0ce72abb1ce9abe82","6727dd49c4f680b5ca0e0b21","[""environment"",""sports"",""politics"",""current affairs""]","[""environment""]","{""environment"":2}",,"{""environment"":[""672a58d1abc9c495c4a4f3b5"",""67290718fef9a36c83523153"",""67290719fef9a36c83523159"",""672bab25996436ecb2267ab1"",""67290718fef9a36c83523147"",""672e4c987276db90091c816d"",""672a58d2abc9c495c4a4f3c7"",""672e4c9b7276db90091c81b2"",""672e4c9b7276db90091c81ac"",""67290718fef9a36c83523141""]}",,"{""environment"":10}",,"2024-11-07T06:30:07.794Z",10,true,"672c5e6f5755ca55b718824b",2
"6613f4d3ce72abb1ce9abed0","6727dd49c4f680b5ca0e0b21","[""tourism"",""technology"",""environment"",""current affairs""]","[]","{}",,"{}",,"{}",,"2024-11-07T06:30:06.051Z",0,true,"672c5e6e5755ca55b7188240",0
"6613f4d9ce72abb1ce9abeeb","6727dd49c4f680b5ca0e0b21","[""politics"",""health"",""tourism"",""current affairs""]","[]","{""politics"":1}",,"{""politics"":[""672e4b817276db90091c7d22"",""672e4b807276db90091c7d10"",""672cf9e02b01c21bf0c6f802"",""67290541fef9a36c83522c26"",""6729053ffef9a36c83522bee""]}",,"{""politics"":0}",,"2024-11-08T06:30:03.178Z",0,true,"672dafeb2b01c21bf0de4f94",1
"6613f49dce72abb1ce9abe04","6727dd49c4f680b5ca0e0b21","[""food"",""tourism"",""crime"",""current affairs""]","[""food""]","{""food"":2}",,"{""food"":[""672bac3e996436ecb2267c11"",""672bac3f996436ecb2267c3b"",""672cfddb2b01c21bf0c7001b"",""6729088bfef9a36c8352331b"",""672e4dc37276db90091c851e"",""672bac3e996436ecb2267c23"",""6729088bfef9a36c83523321"",""672bac3e996436ecb2267c1d"",""6729088cfef9a36c83523333"",""6729088efef9a36c83523363""]}",,"{""food"":24}",,"2024-11-08T06:30:03.853Z",24,true,"672dafeb2b01c21bf0de4f98",2
"6613f4d7ce72abb1ce9abee2","6727dd49c4f680b5ca0e0b21","[""sports"",""education"",""environment"",""current affairs""]","[""sports""]","{""sports"":2}",,"{""sports"":[""672cfb0c2b01c21bf0c6fb12"",""67290648fef9a36c83522ed4"",""67290646fef9a36c83522e9e"",""672e4c137276db90091c7f35"",""672ba996996436ecb22678d0"",""672e4c137276db90091c7f2f"",""67290647fef9a36c83522eb0"",""672e4c157276db90091c7f65"",""672ba996996436ecb22678c4"",""672ba997996436ecb22678dc""]}",,"{""sports"":33}",,"2024-11-08T06:30:05.410Z",33,true,"672dafed2b01c21bf0de4fa2",2
"6613f4c7ce72abb1ce9abea0","6727dd49c4f680b5ca0e0b21","[""technology"",""tourism"",""environment"",""current affairs""]","[]","{}",,"{}",,"{}",,"2024-11-08T06:30:05.855Z",0,true,"672dafed2b01c21bf0de4fa5",0
"6613f4cbce72abb1ce9abeb2","6727dd49c4f680b5ca0e0b21","[""science"",""business"",""crime"",""current affairs""]","[]","{""science"":1}",,"{""science"":[""672e4c6c7276db90091c80c5"",""672e4c6a7276db90091c8094"",""672906ebfef9a36c835230a2"",""672cfbbd2b01c21bf0c6fd5c"",""672e4c6b7276db90091c80b3""]}",,"{""science"":5}",,"2024-11-08T06:30:06.512Z",5,true,"672dafee2b01c21bf0de4fa9",1
"6613f49cce72abb1ce9abe01","6727dd49c4f680b5ca0e0b21","[""lifestyle"",""world"",""education"",""current affairs""]","[]","{}",,"{}",,"{}",,"2024-11-08T06:30:07.634Z",0,true,"672dafef2b01c21bf0de4fb0",0
"6613f4dece72abb1ce9abf00","6727dd49c4f680b5ca0e0b21","[""science"",""health"",""food"",""current affairs""]","[]","{}",,"{}",,"{}",,"2024-11-08T06:30:04.287Z",0,true,"672dafec2b01c21bf0de4f9b",0
"6613f4c6ce72abb1ce9abe9d","6727dd49c4f680b5ca0e0b21","[""science"",""health"",""lifestyle"",""current affairs""]","[""science""]","{""science"":2,""health"":1}",,"{""science"":[""672baaf1996436ecb2267a19"",""672baaf3996436ecb2267a4f"",""672a58a7abc9c495c4a4f36c"",""672a58a9abc9c495c4a4f390"",""672906ebfef9a36c835230a2"",""672e4c697276db90091c8082"",""672e4c6a7276db90091c8094"",""672baaf1996436ecb2267a1f"",""672baaf1996436ecb2267a0d"",""672baaf2996436ecb2267a31""],""health"":[""67290696fef9a36c83522fa8"",""67290698fef9a36c83522fcd"",""672e4c417276db90091c7fd8"",""672a5881abc9c495c4a4f2fe"",""672a5881abc9c495c4a4f30a""]}",,"{""science"":21,""health"":0}",,"2024-11-08T06:30:04.749Z",21,true,"672dafec2b01c21bf0de4f9e",3
"6613f49dce72abb1ce9abe07","6727dd49c4f680b5ca0e0b21","[""lifestyle"",""world"",""crime"",""current affairs""]","[""lifestyle""]","{""lifestyle"":2}",,"{""lifestyle"":[""672a5ab7abc9c495c4a4f591"",""672908b3fef9a36c835233bf"",""672cfe2e2b01c21bf0c700a3"",""672908b1fef9a36c83523377"",""672bac6c996436ecb2267c8b"",""672cfe2f2b01c21bf0c700c1"",""672cfe2d2b01c21bf0c7008b"",""672908b3fef9a36c835233ad"",""672e4dee7276db90091c85ac"",""672908b1fef9a36c8352338f""]}",,"{""lifestyle"":18}",,"2024-11-08T06:30:07.171Z",18,true,"672dafef2b01c21bf0de4fad",2
"6613f4a0ce72abb1ce9abe10","6727dd49c4f680b5ca0e0b21","[""tourism"",""science"",""sports"",""current affairs""]","[]","{}",,"{}",,"{}",,"2024-11-08T06:30:08.075Z",0,true,"672daff02b01c21bf0de4fb3",0
"6680d5060ac30fd7f0a09733","673117c822b3573b619e7572","[""science"",""environment"",""crime"",""current affairs""]","[""science"",""environment"",""crime"",""current affairs""]","{""science"":2,""environment"":2,""crime"":2,""current affairs"":2}",,"{""science"":[""673635ba2751563a9da06bf0"",""6737870f4e65abf2352de38f"",""6737870e4e65abf2352de365"",""67339207c99968b6e4d0ae14"",""6737870f4e65abf2352de389"",""6734e51dc99968b6e4f941dc"",""6732424fadc6be1ca419094c"",""67339207c99968b6e4d0ae20"",""673635b92751563a9da06bd8"",""67339209c99968b6e4d0ae58""],""environment"":[""6732427badc6be1ca419096c"",""6734e6b6c99968b6e4f9447d"",""673636162751563a9da06d17"",""673636162751563a9da06d11"",""6734e6b5c99968b6e4f94471"",""6732427aadc6be1ca4190960"",""673787b84e65abf2352de4fb"",""6734e6b7c99968b6e4f9448f"",""673636162751563a9da06d05"",""673636172751563a9da06d23""],""crime"":[""673636392751563a9da06db1"",""6734e717c99968b6e4f944f2"",""673787eb4e65abf2352de5ec"",""673242b4adc6be1ca41909fe"",""673787ea4e65abf2352de5cc"",""673242b4adc6be1ca41909f8"",""673242b3adc6be1ca41909d4"",""6734e717c99968b6e4f944f8"",""673787e84e65abf2352de589"",""673242b3adc6be1ca41909ec""],""current affairs"":[""67373e754e65abf23525d2ca"",""67373d574e65abf23525d0f8"",""67373d514e65abf23525d09f"",""67373e734e65abf23525d2c2"",""67373e724e65abf23525d2ba"",""67373d584e65abf23525d105"",""67373e704e65abf23525d2aa"",""67373d5a4e65abf23525d112"",""67373d564e65abf23525d0ea"",""67373d554e65abf23525d0d8""]}",,"{""science"":13,""environment"":16,""crime"":49,""current affairs"":35}",,"2024-11-11T04:07:32.867Z",113,false,"6731830422b3573b61b03e77",12
"667d9d31ede918c194e96af9","673117c822b3573b619e7572","[""food"",""entertainment"",""health"",""current affairs""]","[""entertainment"",""food"",""current affairs"",""health""]","{""entertainment"":2,""food"":2,""current affairs"":2,""health"":2}",,"{""entertainment"":[""6732433aadc6be1ca4190a9e"",""6734e578c99968b6e4f942aa"",""673788b34e65abf2352de79b"",""6732433aadc6be1ca4190aaa"",""673392f9c99968b6e4d0b15c"",""673392f9c99968b6e4d0b148"",""6734e57ac99968b6e4f942d9"",""6734e578c99968b6e4f942a4"",""6732433aadc6be1ca4190ab0"",""67324339adc6be1ca4190a92""],""food"":[""673789054e65abf2352de900"",""67324363adc6be1ca4190af6"",""67324365adc6be1ca4190b14"",""6734e3a7c99968b6e4f93dac"",""67339325c99968b6e4d0b1fd"",""67324364adc6be1ca4190afc"",""673789044e65abf2352de8d5"",""673637a92751563a9da070ce"",""673789044e65abf2352de8e7"",""67339325c99968b6e4d0b1f7""],""current affairs"":[""67373e754e65abf23525d2ca"",""67373e704e65abf23525d2aa"",""67373d534e65abf23525d0c5"",""67373d554e65abf23525d0d8"",""67373d504e65abf23525d08b"",""67373d524e65abf23525d0b2"",""67373e714e65abf23525d2b2"",""67373d564e65abf23525d0ea"",""67373e724e65abf23525d2ba"",""67373d5a4e65abf23525d112""],""health"":[""673635a02751563a9da06b9f"",""6736359d2751563a9da06b54"",""6734e5f3c99968b6e4f943bb"",""673241d1adc6be1ca419081e"",""6736359d2751563a9da06b5a"",""6734e5f2c99968b6e4f943a3"",""6736359f2751563a9da06b7e"",""673391e0c99968b6e4d0ad90"",""673391e0c99968b6e4d0ad7e"",""673241d2adc6be1ca4190830""]}",,"{""entertainment"":20,""food"":18,""current affairs"":27,""health"":18}",,"2024-11-11T05:31:57.297Z",83,false,"673196cd22b3573b61b2e633",12
"660161af451e8641829f6113","673117c822b3573b619e7572","[""education"",""science"",""entertainment"",""current affairs""]","[]","{}",,"{}",,"{}",,"2024-11-11T05:49:48.031Z",0,true,"67319afc22b3573b61b2fcc0",0
"6613f4b8ce72abb1ce9abe61","673117c822b3573b619e7572","[""crime"",""entertainment"",""health"",""current affairs""]","[]","{}",,"{}",,"{}",,"2024-11-11T06:30:03.039Z",0,true,"6731a46b22b3573b61b33b62",0
"6613f4b1ce72abb1ce9abe49","673117c822b3573b619e7572","[""science"",""sports"",""food"",""current affairs""]","[]","{}",,"{}",,"{}",,"2024-11-11T06:30:03.482Z",0,true,"6731a46b22b3573b61b33b65",0
"6613f4b5ce72abb1ce9abe58","673117c822b3573b619e7572","[""lifestyle"",""politics"",""science"",""current affairs""]","[""lifestyle""]","{""lifestyle"":2}",,"{""lifestyle"":[""6733937cc99968b6e4d0b31c"",""673637f52751563a9da0714f"",""673637f42751563a9da07149"",""673789264e65abf2352de9a6"",""6734e624c99968b6e4f94447"",""6734e621c99968b6e4f94417"",""673637f32751563a9da0712b"",""673789284e65abf2352de9c5"",""673243c8adc6be1ca4190c4f"",""6734e623c99968b6e4f94441""]}",,"{""lifestyle"":25}",,"2024-11-11T06:30:03.917Z",25,true,"6731a46b22b3573b61b33b68",2
"6613f4c3ce72abb1ce9abe8e","673117c822b3573b619e7572","[""technology"",""politics"",""tourism"",""current affairs""]","[]","{""technology"":1}",,"{""technology"":[""6734e24bc99968b6e4f93a95"",""67324112adc6be1ca41905e0"",""67324114adc6be1ca4190624"",""6734e24dc99968b6e4f93ad1"",""67339162c99968b6e4d0abe2""]}",,"{""technology"":9}",,"2024-11-11T06:30:04.353Z",9,true,"6731a46c22b3573b61b33b6b",1
"6613f4d1ce72abb1ce9abec7","673117c822b3573b619e7572","[""lifestyle"",""environment"",""politics"",""current affairs""]","[]","{}",,"{}",,"{}",,"2024-11-11T06:30:04.789Z",0,true,"6731a46c22b3573b61b33b6e",0
"6613f4dfce72abb1ce9abf03","673117c822b3573b619e7572","[""education"",""food"",""business"",""current affairs""]","[]","{""education"":1}",,"{""education"":[""6732430badc6be1ca4190a5a"",""673636cd2751563a9da06f2b"",""673392d0c99968b6e4d0b079"",""6737880d4e65abf2352de660"",""673636cd2751563a9da06f37""]}",,"{""education"":2}",,"2024-11-11T06:30:05.238Z",2,true,"6731a46d22b3573b61b33b71",1
"6613f4d3ce72abb1ce9abed0","673117c822b3573b619e7572","[""health"",""world"",""business"",""current affairs""]","[""health""]","{""health"":2}",,"{""health"":[""6734e5f2c99968b6e4f943af"",""6734e5f3c99968b6e4f943b5"",""6736359f2751563a9da06b78"",""6734e5f4c99968b6e4f943ec"",""6734e5f4c99968b6e4f943df"",""6736359d2751563a9da06b54"",""673635a02751563a9da06b9f"",""673391e0c99968b6e4d0ad7e"",""673391dfc99968b6e4d0ad66"",""6734e5f4c99968b6e4f943d9""]}",,"{""health"":7}",,"2024-11-11T06:30:05.673Z",7,true,"6731a46d22b3573b61b33b74",2
"6613f4aece72abb1ce9abe40","673117c822b3573b619e7572","[""business"",""science"",""world"",""current affairs""]","[]","{}",,"{}",,"{}",,"2024-11-11T06:30:06.113Z",0,true,"6731a46e22b3573b61b33b77",0
"6613f4c4ce72abb1ce9abe94","673117c822b3573b619e7572","[""world"",""food"",""education"",""current affairs""]","[""world""]","{""world"":2}",,"{""world"":[""67323f47adc6be1ca419018a"",""6734e43bc99968b6e4f93f04"",""6734e43bc99968b6e4f93eec"",""6734e439c99968b6e4f93ece"",""673390f1c99968b6e4d0aa3c"",""673390eec99968b6e4d0a9fa"",""67323f49adc6be1ca41901c6"",""6734e43bc99968b6e4f93efe"",""6737856f4e65abf2352dde74"",""6737856d4e65abf2352dde3b""]}",,"{""world"":29}",,"2024-11-11T06:30:06.548Z",29,true,"6731a46e22b3573b61b33b7a",2
"6613f4e0ce72abb1ce9abf06","673117c822b3573b619e7572","[""health"",""world"",""crime"",""current affairs""]","[]","{""health"":1}",,"{""health"":[""6736359d2751563a9da06b40"",""673391e0c99968b6e4d0ad84"",""673241d0adc6be1ca4190806"",""6734e5f1c99968b6e4f94397"",""673391dfc99968b6e4d0ad78""]}",,"{""health"":0}",,"2024-11-11T06:30:06.983Z",0,true,"6731a46e22b3573b61b33b7d",1
"6613f4abce72abb1ce9abe34","673117c822b3573b619e7572","[""tourism"",""technology"",""crime"",""current affairs""]","[""tourism""]","{""tourism"":2}",,"{""tourism"":[""6732447cadc6be1ca4190ec5"",""6734e7aec99968b6e4f94562"",""673393f3c99968b6e4d0b449"",""673638192751563a9da07198"",""673393f3c99968b6e4d0b443"",""673393f5c99968b6e4d0b491"",""673393f4c99968b6e4d0b45b"",""6734e7aec99968b6e4f94568"",""673638192751563a9da0718c"",""6732447cadc6be1ca4190ecb""]}",,"{""tourism"":21}",,"2024-11-11T06:30:07.423Z",21,true,"6731a46f22b3573b61b33b80",2
"6613f4a1ce72abb1ce9abe13","673117c822b3573b619e7572","[""technology"",""tourism"",""food"",""current affairs""]","[]","{""technology"":1}",,"{""technology"":[""673635292751563a9da069dc"",""6737867a4e65abf2352de1a2"",""67339163c99968b6e4d0abfa"",""6734e24cc99968b6e4f93aad"",""673635272751563a9da06994""]}",,"{""technology"":14}",,"2024-11-11T06:30:07.858Z",14,true,"6731a46f22b3573b61b33b83",1
"6613f4dace72abb1ce9abeee","673117c822b3573b619e7572","[""sports"",""business"",""education"",""current affairs""]","[]","{""sports"":1}",,"{""sports"":[""673635452751563a9da06a39"",""6737869f4e65abf2352de248"",""6737869d4e65abf2352de211"",""6737869e4e65abf2352de236"",""6734e49fc99968b6e4f94012""]}",,"{""sports"":0}",,"2024-11-11T06:30:08.293Z",0,true,"6731a47022b3573b61b33b86",1
"6613f496ce72abb1ce9abde9","673117c822b3573b619e7572","[""science"",""technology"",""business"",""current affairs""]","[]","{""science"":1}",,"{""science"":[""67339209c99968b6e4d0ae5e"",""6737870d4e65abf2352de35f"",""67339207c99968b6e4d0ae20"",""6737870f4e65abf2352de38f"",""6734e51dc99968b6e4f941ce""]}",,"{""science"":0}",,"2024-11-11T06:30:08.728Z",0,true,"6731a47022b3573b61b33b89",1
"661d1b2215323b828c65ac04","673117c822b3573b619e7572","[""science"",""environment"",""crime"",""current affairs""]","[""science"",""environment"",""crime"",""current affairs""]","{""science"":2,""environment"":2,""crime"":2,""current affairs"":2}",,"{""science"":[""67339208c99968b6e4d0ae33"",""6737870e4e65abf2352de365"",""6734e51cc99968b6e4f941b4"",""673635b92751563a9da06be4"",""6732424dadc6be1ca4190904"",""6737870f4e65abf2352de38f"",""673787104e65abf2352de3a8"",""6734e51cc99968b6e4f941ae"",""6734e51ec99968b6e4f941e2"",""6732424dadc6be1ca4190916""],""environment"":[""6732427dadc6be1ca41909a2"",""673787b84e65abf2352de4e6"",""673636182751563a9da06d35"",""6732427aadc6be1ca419095a"",""6734e6b8c99968b6e4f944ae"",""6732427badc6be1ca4190972"",""673787ba4e65abf2352de525"",""6734e6b8c99968b6e4f944ba"",""6734e6b6c99968b6e4f94489"",""673787b94e65abf2352de518""],""crime"":[""6734e718c99968b6e4f94510"",""673242b3adc6be1ca41909ec"",""673787e94e65abf2352de5a7"",""673636392751563a9da06db7"",""6733927ec99968b6e4d0afb0"",""673787e94e65abf2352de5b9"",""673242b5adc6be1ca4190a10"",""673787e84e65abf2352de5a1"",""6734e719c99968b6e4f94528"",""673787e84e65abf2352de58f""],""current affairs"":[""67373d554e65abf23525d0d8"",""67373d534e65abf23525d0c5"",""67373e724e65abf23525d2ba"",""67373d504e65abf23525d08b"",""67373e754e65abf23525d2ca"",""67373d5a4e65abf23525d112"",""67373e704e65abf23525d2aa"",""67373e734e65abf23525d2c2"",""67373d574e65abf23525d0f8"",""67373d584e65abf23525d105""]}",,"{""science"":38,""environment"":38,""crime"":30,""current affairs"":15}",,"2024-11-11T06:57:29.720Z",121,false,"6731aad92bce64419d0da12d",12
"661d1c43d3779bd18c70c9aa","673117c822b3573b619e7572","[""world"",""politics"",""business"",""current affairs""]","[]","{}",,"{}",,"{}",,"2024-11-11T15:53:32.652Z",0,true,"6732287cadc6be1ca41660d5",0
"653548118a2815874166fa66","673117c822b3573b619e7572","[""sports"",""world"",""entertainment"",""current affairs""]","[]","{}",,"{}",,"{}",,"2024-11-11T18:11:35.558Z",0,true,"673248d7adc6be1ca41917ca",0
"65b1ebbc90ba2e3794e9696d","673117c822b3573b619e7572","[""health"",""science"",""world"",""current affairs""]","[""science"",""current affairs"",""world"",""health""]","{""current affairs"":2,""world"":2,""science"":2,""health"":2}",,"{""current affairs"":[""67373d534e65abf23525d0c5"",""67373e724e65abf23525d2ba"",""67373d504e65abf23525d08b"",""67373e704e65abf23525d2aa"",""67373d574e65abf23525d0f8"",""67373d5a4e65abf23525d112"",""67373d584e65abf23525d105"",""67373e714e65abf23525d2b2"",""67373d564e65abf23525d0ea"",""67373d514e65abf23525d09f""],""world"":[""673390f0c99968b6e4d0aa24"",""67323f48adc6be1ca41901ae"",""6734e43bc99968b6e4f93efe"",""6734e439c99968b6e4f93ebc"",""67323f48adc6be1ca41901a8"",""67323f49adc6be1ca41901c0"",""67323f47adc6be1ca419018a"",""6737856d4e65abf2352dde35"",""673390efc99968b6e4d0aa0c"",""673390efc99968b6e4d0aa06""],""science"":[""67339209c99968b6e4d0ae52"",""67339206c99968b6e4d0ae02"",""6734e51cc99968b6e4f941b4"",""6732424eadc6be1ca419091c"",""6732424dadc6be1ca419090a"",""673635b92751563a9da06be4"",""67324250adc6be1ca4190952"",""673635b92751563a9da06bea"",""673635ba2751563a9da06c02"",""6732424fadc6be1ca4190940""],""health"":[""673786e94e65abf2352de2ea"",""6734e5f3c99968b6e4f943c1"",""6734e5f4c99968b6e4f943d3"",""6736359e2751563a9da06b6c"",""673391e1c99968b6e4d0ad9c"",""673241d1adc6be1ca4190818"",""673241d2adc6be1ca4190824"",""673635a02751563a9da06ba5"",""6736359e2751563a9da06b60"",""6736359f2751563a9da06b8a""]}",,"{""current affairs"":37,""world"":41,""science"":24,""health"":118}",,"2024-11-12T05:25:34.953Z",220,false,"6732e6ceadc6be1ca430cf32",12
"6613f4a6ce72abb1ce9abe22","673117c822b3573b619e7572","[""sports"",""crime"",""health"",""current affairs""]","[]","{}",,"{}",,"{}",,"2024-11-12T06:30:02.915Z",0,true,"6732f5ea474fe242fb4ed6ec",0
"6613f4c2ce72abb1ce9abe8b","673117c822b3573b619e7572","[""sports"",""food"",""crime"",""current affairs""]","[]","{""sports"":1}",,"{""sports"":[""6734e4a0c99968b6e4f9403d"",""673391b8c99968b6e4d0acbe"",""673391bac99968b6e4d0ace3"",""6737869d4e65abf2352de21e"",""673241b0adc6be1ca41907a0""]}",,"{""sports"":0}",,"2024-11-12T06:30:03.368Z",0,true,"6732f5eb474fe242fb4ed6ef",1
"6613f4cbce72abb1ce9abeaf","673117c822b3573b619e7572","[""sports"",""environment"",""health"",""current affairs""]","[]","{""sports"":1}",,"{""sports"":[""6737869c4e65abf2352de1f9"",""673635462751563a9da06a70"",""6737869c4e65abf2352de205"",""673391b9c99968b6e4d0acd0"",""673391bbc99968b6e4d0ad03""]}",,"{""sports"":34}",,"2024-11-12T06:30:03.807Z",34,true,"6732f5eb474fe242fb4ed6f2",1
"6613f4d8ce72abb1ce9abee5","673117c822b3573b619e7572","[""health"",""sports"",""lifestyle"",""current affairs""]","[]","{""health"":1}",,"{""health"":[""673786e74e65abf2352de2b2"",""673786ea4e65abf2352de308"",""673786e94e65abf2352de2de"",""6734e5f4c99968b6e4f943df"",""673786e94e65abf2352de2f0""]}",,"{""health"":8}",,"2024-11-12T06:30:04.249Z",8,true,"6732f5ec474fe242fb4ed6f5",1
"6613f4d4ce72abb1ce9abed6","673117c822b3573b619e7572","[""crime"",""world"",""environment"",""current affairs""]","[]","{""crime"":1}",,"{""crime"":[""673242b3adc6be1ca41909e0"",""6734e716c99968b6e4f944d4"",""673787e84e65abf2352de58f"",""673787e84e65abf2352de59b"",""6734e716c99968b6e4f944ce""]}",,"{""crime"":5}",,"2024-11-12T06:30:04.698Z",5,true,"6732f5ec474fe242fb4ed6f8",1
"6613f498ce72abb1ce9abdef","673117c822b3573b619e7572","[""tourism"",""politics"",""environment"",""current affairs""]","[]","{}",,"{}",,"{}",,"2024-11-12T06:30:05.136Z",0,true,"6732f5ed474fe242fb4ed6fb",0
"6613f4cace72abb1ce9abeac","673117c822b3573b619e7572","[""business"",""world"",""science"",""current affairs""]","[]","{""business"":1}",,"{""business"":[""673240b6adc6be1ca4190534"",""673635062751563a9da06901"",""673240b4adc6be1ca41904ef"",""673240b5adc6be1ca41904fb"",""673635082751563a9da06942""]}",,"{""business"":0}",,"2024-11-12T06:30:05.573Z",0,true,"6732f5ed474fe242fb4ed6fe",1
"6613f4dbce72abb1ce9abef1","673117c822b3573b619e7572","[""technology"",""lifestyle"",""entertainment"",""current affairs""]","[]","{""technology"":1}",,"{""technology"":[""6734e24bc99968b6e4f93aa7"",""67339163c99968b6e4d0ac06"",""673786774e65abf2352de158"",""67324112adc6be1ca41905d4"",""67339164c99968b6e4d0ac12""]}",,"{""technology"":7}",,"2024-11-12T06:30:06.013Z",7,true,"6732f5ee474fe242fb4ed701",1
"6613f4cdce72abb1ce9abeb8","673117c822b3573b619e7572","[""tourism"",""world"",""education"",""current affairs""]","[]","{""tourism"":1}",,"{""tourism"":[""673393f3c99968b6e4d0b449"",""673638182751563a9da07174"",""6732447eadc6be1ca4190ef5"",""6734e7afc99968b6e4f94586"",""673638172751563a9da07162""]}",,"{""tourism"":0}",,"2024-11-12T06:30:06.452Z",0,true,"6732f5ee474fe242fb4ed704",1
"6613f4cfce72abb1ce9abec1","673117c822b3573b619e7572","[""health"",""politics"",""food"",""current affairs""]","[""health""]","{""health"":2}",,"{""health"":[""673786e84e65abf2352de2be"",""673391e0c99968b6e4d0ad8a"",""6734e5f2c99968b6e4f9439d"",""6736359f2751563a9da06b78"",""673391e1c99968b6e4d0ad9c"",""673635a02751563a9da06b97"",""6736359e2751563a9da06b60"",""6736359d2751563a9da06b54"",""673391dfc99968b6e4d0ad72"",""673241d2adc6be1ca4190830""]}",,"{""health"":28}",,"2024-11-12T06:30:07.119Z",28,true,"6732f5ef474fe242fb4ed708",2
"6613f4a0ce72abb1ce9abe10","673117c822b3573b619e7572","[""education"",""world"",""tourism"",""current affairs""]","[]","{""education"":1}",,"{""education"":[""6737880d4e65abf2352de666"",""6734e470c99968b6e4f93f76"",""673392d0c99968b6e4d0b071"",""673636cc2751563a9da06f1f"",""67324309adc6be1ca4190a2a""]}",,"{""education"":7}",,"2024-11-12T06:30:07.557Z",7,true,"6732f5ef474fe242fb4ed70b",1
"6613f495ce72abb1ce9abde6","673117c822b3573b619e7572","[""business"",""entertainment"",""technology"",""current affairs""]","[]","{}",,"{}",,"{}",,"2024-11-12T06:30:07.996Z",0,true,"6732f5ef474fe242fb4ed70e",0
"6613f4a5ce72abb1ce9abe1f","673117c822b3573b619e7572","[""technology"",""health"",""business"",""current affairs""]","[]","{}",,"{}",,"{}",,"2024-11-12T06:30:08.434Z",0,true,"6732f5f0474fe242fb4ed711",0
"6613f4c0ce72abb1ce9abe85","673117c822b3573b619e7572","[""health"",""entertainment"",""environment"",""current affairs""]","[]","{}",,"{}",,"{}",,"2024-11-13T06:30:03.269Z",0,true,"6734476bc99968b6e4e8ea54",0
"6613f4dece72abb1ce9abefd","673117c822b3573b619e7572","[""science"",""crime"",""sports"",""current affairs""]","[]","{""science"":1}",,"{""science"":[""6737870f4e65abf2352de395"",""673635bb2751563a9da06c14"",""6737870e4e65abf2352de377"",""6732424eadc6be1ca4190934"",""6734e51cc99968b6e4f941b4""]}",,"{""science"":2}",,"2024-11-13T06:30:03.712Z",2,true,"6734476bc99968b6e4e8ea57",1
"6613f4c1ce72abb1ce9abe88","673117c822b3573b619e7572","[""environment"",""technology"",""education"",""current affairs""]","[]","{}",,"{}",,"{}",,"2024-11-13T06:30:04.153Z",0,true,"6734476cc99968b6e4e8ea5a",0
"6613f4e1ce72abb1ce9abf09","673117c822b3573b619e7572","[""food"",""sports"",""tourism"",""current affairs""]","[]","{""food"":1}",,"{""food"":[""673637a82751563a9da070c2"",""67324363adc6be1ca4190af0"",""6734e3a7c99968b6e4f93db2"",""6734e3a4c99968b6e4f93d5a"",""673637a82751563a9da070bc""]}",,"{""food"":0}",,"2024-11-13T06:30:04.590Z",0,true,"6734476cc99968b6e4e8ea5d",1
"6613f4d3ce72abb1ce9abed3","673117c822b3573b619e7572","[""sports"",""food"",""entertainment"",""current affairs""]","[""sports""]","{""sports"":2}",,"{""sports"":[""6734e4a0c99968b6e4f94030"",""6734e4a1c99968b6e4f9404b"",""6737869e4e65abf2352de22a"",""6734e4a1c99968b6e4f94045"",""673635442751563a9da06a22"",""673241b0adc6be1ca41907b6"",""6737869e4e65abf2352de23c"",""6737869d4e65abf2352de218"",""673241afadc6be1ca4190788"",""6734e49fc99968b6e4f94012""]}",,"{""sports"":20}",,"2024-11-13T06:30:05.026Z",20,true,"6734476dc99968b6e4e8ea60",2
"6613f494ce72abb1ce9abddf","673117c822b3573b619e7572","[""science"",""lifestyle"",""education"",""current affairs""]","[]","{""science"":1}",,"{""science"":[""673635bb2751563a9da06c1a"",""673635ba2751563a9da06c02"",""673635bc2751563a9da06c2c"",""6732424cadc6be1ca41908fe"",""67324250adc6be1ca4190952""]}",,"{""science"":0}",,"2024-11-13T06:30:05.462Z",0,true,"6734476dc99968b6e4e8ea63",1
"6613f49fce72abb1ce9abe0d","673117c822b3573b619e7572","[""lifestyle"",""sports"",""tourism"",""current affairs""]","[]","{""lifestyle"":1}",,"{""lifestyle"":[""673789274e65abf2352de9ac"",""673243c8adc6be1ca4190c57"",""673637f22751563a9da070fb"",""6734e622c99968b6e4f9441d"",""673243c7adc6be1ca4190c26""]}",,"{""lifestyle"":0}",,"2024-11-13T06:30:05.899Z",0,true,"6734476dc99968b6e4e8ea66",1
"6613f498ce72abb1ce9abdf2","673117c822b3573b619e7572","[""entertainment"",""politics"",""business"",""current affairs""]","[]","{}",,"{}",,"{}",,"2024-11-13T06:30:06.554Z",0,true,"6734476ec99968b6e4e8ea6a",0
"6613f4c0ce72abb1ce9abe82","673117c822b3573b619e7572","[""business"",""world"",""sports"",""current affairs""]","[]","{}",,"{}",,"{}",,"2024-11-13T06:30:06.990Z",0,true,"6734476ec99968b6e4e8ea6d",0
"6613f4dcce72abb1ce9abef4","673117c822b3573b619e7572","[""technology"",""business"",""world"",""current affairs""]","[]","{}",,"{}",,"{}",,"2024-11-13T06:30:07.426Z",0,true,"6734476fc99968b6e4e8ea70",0
"6613f4aace72abb1ce9abe31","673117c822b3573b619e7572","[""technology"",""business"",""food"",""current affairs""]","[""technology""]","{""technology"":2}",,"{""technology"":[""673786784e65abf2352de176"",""673635292751563a9da069d6"",""6734e24cc99968b6e4f93ab9"",""673635272751563a9da06994"",""67339164c99968b6e4d0ac12"",""6734e24dc99968b6e4f93acb"",""6734e24ac99968b6e4f93a8f"",""673786794e65abf2352de190"",""67339162c99968b6e4d0abf4"",""67324112adc6be1ca41905da""]}",,"{""technology"":15}",,"2024-11-13T06:30:07.862Z",15,true,"6734476fc99968b6e4e8ea73",2
"65fe496b205cf6d5f81e91fb","673117c822b3573b619e7572","[""science"",""environment"",""lifestyle"",""current affairs""]","[""science"",""environment"",""lifestyle"",""current affairs""]","{""science"":2,""environment"":2,""lifestyle"":2,""current affairs"":2}",,"{""science"":[""673787104e65abf2352de3a8"",""673635bc2751563a9da06c20"",""6732424fadc6be1ca4190946"",""6737870d4e65abf2352de34c"",""6732424dadc6be1ca419090a"",""6737870e4e65abf2352de371"",""6732424eadc6be1ca4190922"",""67339207c99968b6e4d0ae27"",""673635ba2751563a9da06bf0"",""6734e51dc99968b6e4f941dc""],""environment"":[""6732427dadc6be1ca41909a2"",""6734e6b6c99968b6e4f94489"",""6734e6b6c99968b6e4f94477"",""6732427dadc6be1ca41909ae"",""673636162751563a9da06d0b"",""6732427dadc6be1ca41909b4"",""673787b84e65abf2352de4f5"",""673787b84e65abf2352de4ef"",""6732427cadc6be1ca4190990"",""6732427aadc6be1ca419095a""],""lifestyle"":[""673789284e65abf2352de9cb"",""6733937bc99968b6e4d0b304"",""673789254e65abf2352de97c"",""6734e624c99968b6e4f94447"",""6733937cc99968b6e4d0b316"",""673243c6adc6be1ca4190c05"",""673789274e65abf2352de9b2"",""673637f42751563a9da0713d"",""673637f42751563a9da07131"",""673789274e65abf2352de9be""],""current affairs"":[""67373d504e65abf23525d08b"",""67373d584e65abf23525d105"",""67373d534e65abf23525d0c5"",""67373d554e65abf23525d0d8"",""67373e724e65abf23525d2ba"",""67373d5b4e65abf23525d120"",""67373e704e65abf23525d2aa"",""67373e734e65abf23525d2c2"",""67373e714e65abf23525d2b2"",""67373d5a4e65abf23525d112""]}",,"{""science"":34,""environment"":100,""lifestyle"":90,""current affairs"":16}",,"2024-11-13T10:01:09.091Z",240,false,"673478e5c99968b6e4ee44e5",12
"66210e6094d2c53bd0b70ccc","673117c822b3573b619e7572","[""health"",""food"",""lifestyle"",""current affairs""]","[]","{""health"":1,""food"":1,""lifestyle"":1}",,"{""health"":[""673391e0c99968b6e4d0ad8a"",""673786e84e65abf2352de2c4"",""6736359f2751563a9da06b78"",""673241d2adc6be1ca419082a"",""6734e5f3c99968b6e4f943bb""],""food"":[""673789044e65abf2352de8e1"",""67324363adc6be1ca4190ae4"",""67339327c99968b6e4d0b233"",""67339325c99968b6e4d0b1f1"",""673789024e65abf2352de8a5""],""lifestyle"":[""6734e628c99968b6e4f94459"",""6733937bc99968b6e4d0b2f8"",""673789284e65abf2352de9cb"",""673243c7adc6be1ca4190c1f"",""673637f42751563a9da07149""]}",,"{""health"":9,""food"":2,""lifestyle"":0}",,"2024-11-13T15:02:16.840Z",11,true,"6734bf78c99968b6e4f6760c",3
"6613f4b8ce72abb1ce9abe64","673117c822b3573b619e7572","[""science"",""business"",""environment"",""current affairs""]","[]","{""science"":1}",,"{""science"":[""6732424cadc6be1ca41908fe"",""6734e51cc99968b6e4f941a8"",""6737870e4e65abf2352de371"",""673635b92751563a9da06bea"",""673635b92751563a9da06be4""]}",,"{""science"":13}",,"2024-11-14T06:30:03.425Z",13,true,"673598ebc99968b6e41191ab",1
"6613f4ccce72abb1ce9abeb5","673117c822b3573b619e7572","[""technology"",""environment"",""education"",""current affairs""]","[""technology""]","{""technology"":2}",,"{""technology"":[""6737867a4e65abf2352de1a2"",""673635272751563a9da0699a"",""673635292751563a9da069d0"",""6734e24cc99968b6e4f93ab3"",""6734e24dc99968b6e4f93add"",""67339163c99968b6e4d0ac0c"",""67339163c99968b6e4d0abfa"",""67324112adc6be1ca41905d4"",""67324113adc6be1ca4190604"",""673635262751563a9da0698e""]}",,"{""technology"":15}",,"2024-11-14T06:30:03.871Z",15,true,"673598ebc99968b6e41191ae",2
"6613f4a4ce72abb1ce9abe1c","673117c822b3573b619e7572","[""world"",""entertainment"",""politics"",""current affairs""]","[""world"",""entertainment""]","{""world"":2,""entertainment"":2}",,"{""world"":[""6737856e4e65abf2352dde49"",""67323f47adc6be1ca419018a"",""6734e43ac99968b6e4f93ee6"",""673390efc99968b6e4d0aa18"",""6734e439c99968b6e4f93ece"",""6737856e4e65abf2352dde5f"",""673390f1c99968b6e4d0aa48"",""6737856d4e65abf2352dde35"",""6734e43cc99968b6e4f93f0a"",""6737856e4e65abf2352dde57""],""entertainment"":[""6732433aadc6be1ca4190aaa"",""6732433aadc6be1ca4190ab6"",""673788b34e65abf2352de78f"",""6732433badc6be1ca4190ace"",""673392fac99968b6e4d0b168"",""673788b14e65abf2352de76b"",""673392f9c99968b6e4d0b156"",""673392f9c99968b6e4d0b15c"",""673392f8c99968b6e4d0b135"",""673788b24e65abf2352de77d""]}",,"{""world"":3,""entertainment"":21}",,"2024-11-14T06:30:02.982Z",24,true,"673598eac99968b6e41191a8",4
"6613f4bbce72abb1ce9abe70","673117c822b3573b619e7572","[""education"",""environment"",""lifestyle"",""current affairs""]","[]","{}",,"{}",,"{}",,"2024-11-14T06:30:04.313Z",0,true,"673598ecc99968b6e41191b1",0
"6613f4bcce72abb1ce9abe73","673117c822b3573b619e7572","[""sports"",""politics"",""health"",""current affairs""]","[""sports""]","{""sports"":2}",,"{""sports"":[""6737869c4e65abf2352de1ff"",""6734e49fc99968b6e4f94024"",""673241aeadc6be1ca4190772"",""6734e49fc99968b6e4f94018"",""673391bac99968b6e4d0acdd"",""673241afadc6be1ca4190788"",""673635452751563a9da06a3f"",""6734e4a0c99968b6e4f94036"",""6734e4a0c99968b6e4f9403d"",""673635472751563a9da06a82""]}",,"{""sports"":7}",,"2024-11-14T06:30:07.585Z",7,true,"673598efc99968b6e41191c5",2
"6613f4cece72abb1ce9abebb","673117c822b3573b619e7572","[""education"",""tourism"",""environment"",""current affairs""]","[""education""]","{""education"":2}",,"{""education"":[""6734e470c99968b6e4f93f70"",""673636cb2751563a9da06f05"",""67324309adc6be1ca4190a24"",""6732430aadc6be1ca4190a3c"",""673392d3c99968b6e4d0b0b9"",""6734e471c99968b6e4f93f8e"",""6732430aadc6be1ca4190a42"",""6732430badc6be1ca4190a5a"",""673392d3c99968b6e4d0b0bf"",""673636cd2751563a9da06f31""]}",,"{""education"":0}",,"2024-11-14T06:30:05.621Z",0,true,"673598edc99968b6e41191b9",2
"6613f4d0ce72abb1ce9abec4","673117c822b3573b619e7572","[""environment"",""politics"",""entertainment"",""current affairs""]","[]","{}",,"{}",,"{}",,"2024-11-14T06:30:06.058Z",0,true,"673598eec99968b6e41191bc",0
"6613f4d1ce72abb1ce9abeca","673117c822b3573b619e7572","[""world"",""politics"",""lifestyle"",""current affairs""]","[]","{""world"":1}",,"{""world"":[""67323f4aadc6be1ca41901d8"",""67323f49adc6be1ca41901ba"",""6734e43bc99968b6e4f93efe"",""673390efc99968b6e4d0aa0c"",""6734e43cc99968b6e4f93f0a""]}",,"{""world"":0}",,"2024-11-14T06:30:04.967Z",0,true,"673598ecc99968b6e41191b5",1
"6613f4bbce72abb1ce9abe6d","673117c822b3573b619e7572","[""education"",""business"",""technology"",""current affairs""]","[]","{""education"":1}",,"{""education"":[""673636ca2751563a9da06ee6"",""673636cb2751563a9da06ef2"",""673392d3c99968b6e4d0b0bf"",""673636cc2751563a9da06f13"",""673392d0c99968b6e4d0b079""]}",,"{""education"":16}",,"2024-11-14T06:30:06.494Z",16,true,"673598eec99968b6e41191bf",1
"6613f4b1ce72abb1ce9abe4c","673117c822b3573b619e7572","[""health"",""food"",""education"",""current affairs""]","[]","{""health"":1}",,"{""health"":[""6736359d2751563a9da06b46"",""673786e84e65abf2352de2c4"",""673786e84e65abf2352de2b8"",""673786e94e65abf2352de2e4"",""673786ea4e65abf2352de2fc""]}",,"{""health"":27}",,"2024-11-15T06:30:03.971Z",27,true,"6736ea6b2751563a9db8d219",1
"6613f4bece72abb1ce9abe7c","673117c822b3573b619e7572","[""science"",""crime"",""entertainment"",""current affairs""]","[]","{""science"":1}",,"{""science"":[""6732424dadc6be1ca419090a"",""6734e51cc99968b6e4f941ba"",""67339208c99968b6e4d0ae33"",""673635ba2751563a9da06c02"",""67339209c99968b6e4d0ae52""]}",,"{""science"":0}",,"2024-11-15T06:30:06.078Z",0,true,"6736ea6e2751563a9db8d225",1
"6613f4acce72abb1ce9abe3a","673117c822b3573b619e7572","[""business"",""environment"",""crime"",""current affairs""]","[]","{}",,"{}",,"{}",,"2024-11-15T06:30:03.060Z",0,true,"6736ea6b2751563a9db8d214",0
"6613f4c7ce72abb1ce9abea0","673117c822b3573b619e7572","[""health"",""food"",""entertainment"",""current affairs""]","[""health""]","{""health"":2}",,"{""health"":[""6734e5f3c99968b6e4f943c1"",""673391e0c99968b6e4d0ad84"",""673391e1c99968b6e4d0ad9c"",""6734e5f2c99968b6e4f943af"",""673241d0adc6be1ca4190800"",""673391dfc99968b6e4d0ad78"",""6734e5f3c99968b6e4f943c7"",""673241d0adc6be1ca4190806"",""6736359d2751563a9da06b46"",""673391e0c99968b6e4d0ad8a""]}",,"{""health"":3}",,"2024-11-15T06:30:04.873Z",3,true,"6736ea6c2751563a9db8d21e",2
"6613f49ece72abb1ce9abe0a","673117c822b3573b619e7572","[""crime"",""tourism"",""health"",""current affairs""]","[]","{}",,"{}",,"{}",,"2024-11-15T06:30:05.639Z",0,true,"6736ea6d2751563a9db8d222",0
"6613f4bfce72abb1ce9abe7f","673117c822b3573b619e7572","[""crime"",""business"",""entertainment"",""current affairs""]","[]","{""crime"":1}",,"{""crime"":[""673242b2adc6be1ca41909ce"",""6736363a2751563a9da06dd5"",""6733927ec99968b6e4d0afb0"",""673787eb4e65abf2352de5de"",""6736363b2751563a9da06dfa""]}",,"{""crime"":2}",,"2024-11-15T06:30:07.618Z",2,true,"6736ea6f2751563a9db8d22f",1
"6613f4c6ce72abb1ce9abe9a","673117c822b3573b619e7572","[""science"",""education"",""lifestyle"",""current affairs""]","[""science""]","{""science"":2,""education"":1}",,"{""science"":[""673787104e65abf2352de39b"",""6732424dadc6be1ca419090a"",""6737870f4e65abf2352de395"",""673635b92751563a9da06bde"",""6737870d4e65abf2352de35f"",""673635ba2751563a9da06c02"",""673635b92751563a9da06bea"",""6732424eadc6be1ca4190922"",""67339206c99968b6e4d0ae02"",""67324250adc6be1ca4190952""],""education"":[""673392d1c99968b6e4d0b095"",""6737880c4e65abf2352de642"",""673636cd2751563a9da06f37"",""6734e470c99968b6e4f93f70"",""6734e470c99968b6e4f93f88""]}",,"{""science"":0,""education"":7}",,"2024-11-15T06:30:06.518Z",7,true,"6736ea6e2751563a9db8d228",3
"6613f49dce72abb1ce9abe04","673117c822b3573b619e7572","[""business"",""education"",""lifestyle"",""current affairs""]","[]","{""business"":1}",,"{""business"":[""6734e31dc99968b6e4f93c51"",""673240b5adc6be1ca4190507"",""673635072751563a9da0692e"",""673240b7adc6be1ca419054c"",""673786414e65abf2352de0c0""]}",,"{""business"":2}",,"2024-11-15T06:30:07.177Z",2,true,"6736ea6f2751563a9db8d22c",1
"6613f4a7ce72abb1ce9abe28","673a5248adf4719199a6bef4","[""health"",""lifestyle"",""education"",""current affairs""]","[""health""]","{""health"":2}",,"{""health"":[""6740c0d4d59f3dd47dd56238"",""673f7018038d008079f2ad56"",""673e1d9ad93f8c441d245467"",""673f7018038d008079f2ad4a"",""673b7b28adf4719199cdf59e"",""6740c0d5d59f3dd47dd56267"",""673f7017038d008079f2ad44"",""6740c0d6d59f3dd47dd56273"",""673b7b29adf4719199cdf5b0"",""6740c0d6d59f3dd47dd56279""]}",,"{""health"":22}",,"2024-11-18T06:30:09.005Z",22,true,"673adef1adf4719199bc77b5",2
"6613f4c1ce72abb1ce9abe88","673a5248adf4719199a6bef4","[""tourism"",""science"",""politics"",""current affairs""]","[""tourism"",""science""]","{""tourism"":2,""science"":2}",,"{""tourism"":[""673e2028d93f8c441d245a18"",""673b7cfdadf4719199cdfb61"",""673f7346038d008079f2b352"",""673ccf22d93f8c441df90552"",""673b7cfeadf4719199cdfb74"",""673ccf21d93f8c441df90539"",""6740c26bd59f3dd47dd56810"",""6740c26ad59f3dd47dd567e6"",""673ccf22d93f8c441df9055e"",""673b7cfcadf4719199cdfb43""],""science"":[""673f70ba038d008079f2aeeb"",""673e211ed93f8c441d245b98"",""673b7c2badf4719199cdf879"",""673cccfad93f8c441df8fe57"",""673f70ba038d008079f2aef1"",""673cccfcd93f8c441df8fe98"",""6740c0f6d59f3dd47dd56317"",""673b7c2cadf4719199cdf87f"",""673e211cd93f8c441d245b6d"",""673cccfcd93f8c441df8fe86""]}",,"{""tourism"":10,""science"":2}",,"2024-11-18T06:30:05.464Z",12,true,"673adeedadf4719199bc779d",4
"6613f49fce72abb1ce9abe0d","673a5248adf4719199a6bef4","[""entertainment"",""education"",""food"",""current affairs""]","[]","{""entertainment"":1}",,"{""entertainment"":[""673f71fe038d008079f2b229"",""673cce6ed93f8c441df9027a"",""673e1f97d93f8c441d2458c0"",""673b7a8badf4719199cdf428"",""673b7a8badf4719199cdf42e""]}",,"{""entertainment"":0}",,"2024-11-18T06:30:06.781Z",0,true,"673adeeeadf4719199bc77a6",1
"6613f4b1ce72abb1ce9abe4c","673a5248adf4719199a6bef4","[""food"",""education"",""entertainment"",""current affairs""]","[]","{""food"":1}",,"{""food"":[""673ccea0d93f8c441df90318"",""6740c20fd59f3dd47dd5669c"",""673e2197d93f8c441d245cbc"",""673f72b8038d008079f2b276"",""6740c211d59f3dd47dd566c7""]}",,"{""food"":3}",,"2024-11-18T06:30:04.127Z",3,true,"673adeecadf4719199bc7794",1
"6613f4b5ce72abb1ce9abe58","673a5248adf4719199a6bef4","[""business"",""technology"",""world"",""current affairs""]","[""business""]","{""business"":2}",,"{""business"":[""6740c049d59f3dd47dd5609a"",""673e1cdfd93f8c441d245282"",""673e1ce1d93f8c441d2452b8"",""673e1ce2d93f8c441d2452d0"",""673b7a66adf4719199cdf388"",""673e1ce2d93f8c441d2452ca"",""6740c047d59f3dd47dd56064"",""673b7a67adf4719199cdf3b4"",""6740c047d59f3dd47dd56070"",""673b7a65adf4719199cdf37b""]}",,"{""business"":15}",,"2024-11-18T06:30:08.531Z",15,true,"673adef0adf4719199bc77b2",2
"6613f4cbce72abb1ce9abeaf","673a5248adf4719199a6bef4","[""business"",""crime"",""world"",""current affairs""]","[]","{""business"":1}",,"{""business"":[""6740c048d59f3dd47dd56088"",""6740c046d59f3dd47dd56058"",""673b7a65adf4719199cdf37b"",""673f6f45038d008079f2aab4"",""6740c046d59f3dd47dd56052""]}",,"{""business"":8}",,"2024-11-18T06:30:04.593Z",8,true,"673adeecadf4719199bc7797",1
"6613f4e0ce72abb1ce9abf06","673a5248adf4719199a6bef4","[""technology"",""lifestyle"",""entertainment"",""current affairs""]","[]","{}",,"{}",,"{}",,"2024-11-18T06:30:03.685Z",0,true,"673adeebadf4719199bc7791",0
"6613f4a5ce72abb1ce9abe1f","673a5248adf4719199a6bef4","[""environment"",""politics"",""food"",""current affairs""]","[]","{""environment"":1}",,"{""environment"":[""673b7be8adf4719199cdf7b4"",""673ccd7ed93f8c441df8ffe9"",""673f70e7038d008079f2af6d"",""673e20bed93f8c441d245a94"",""6740c142d59f3dd47dd56407""]}",,"{""environment"":3}",,"2024-11-18T06:30:05.028Z",3,true,"673adeedadf4719199bc779a",1
"6613f4b3ce72abb1ce9abe52","673a5248adf4719199a6bef4","[""education"",""politics"",""business"",""current affairs""]","[]","{""education"":1}",,"{""education"":[""673f71ca038d008079f2b1b6"",""673e20edd93f8c441d245b08"",""673ccddfd93f8c441df90106"",""673e20edd93f8c441d245b0e"",""673e20ecd93f8c441d245af0""]}",,"{""education"":3}",,"2024-11-18T06:30:09.440Z",3,true,"673adef1adf4719199bc77b8",1
"6613f4b8ce72abb1ce9abe64","673a5248adf4719199a6bef4","[""lifestyle"",""sports"",""technology"",""current affairs""]","[]","{""lifestyle"":1}",,"{""lifestyle"":[""6740c247d59f3dd47dd5674d"",""673e1ff3d93f8c441d245995"",""673f72e4038d008079f2b2b3"",""673b7c78adf4719199cdf93d"",""6740c246d59f3dd47dd56740""]}",,"{""lifestyle"":7}",,"2024-11-18T06:30:06.342Z",7,true,"673adeeeadf4719199bc77a3",1
"6613f4bbce72abb1ce9abe6d","673a5248adf4719199a6bef4","[""environment"",""politics"",""science"",""current affairs""]","[""environment""]","{""environment"":2}",,"{""environment"":[""673ccd7dd93f8c441df8ffc1"",""673ccd7bd93f8c441df8ff86"",""673b7be8adf4719199cdf7c0"",""6740c140d59f3dd47dd563be"",""673b7be7adf4719199cdf7a2"",""673e20c1d93f8c441d245ae2"",""673f70ea038d008079f2afc1"",""673f70e8038d008079f2af85"",""673e20c1d93f8c441d245ad6"",""673ccd7dd93f8c441df8ffcd""]}",,"{""environment"":15}",,"2024-11-18T06:30:08.089Z",15,true,"673adef0adf4719199bc77af",2
"6613f4dece72abb1ce9abefd","673a5248adf4719199a6bef4","[""tourism"",""education"",""science"",""current affairs""]","[]","{""tourism"":1}",,"{""tourism"":[""673f7347038d008079f2b358"",""6740c26ad59f3dd47dd567f8"",""673e2027d93f8c441d2459f4"",""673ccf21d93f8c441df9054c"",""673f7347038d008079f2b35e""]}",,"{""tourism"":0}",,"2024-11-18T06:30:05.900Z",0,true,"673adeedadf4719199bc77a0",1
"6613f4aace72abb1ce9abe31","673a5248adf4719199a6bef4","[""health"",""business"",""world"",""current affairs""]","[]","{""health"":1}",,"{""health"":[""673b7b29adf4719199cdf5b0"",""6740c0d7d59f3dd47dd5628b"",""6740c0d5d59f3dd47dd56255"",""673e1d9ad93f8c441d24547f"",""673f7016038d008079f2ad17""]}",,"{""health"":11}",,"2024-11-18T06:30:07.214Z",11,true,"673adeefadf4719199bc77a9",1
"6613f4bece72abb1ce9abe7c","673a5248adf4719199a6bef4","[""technology"",""business"",""politics"",""current affairs""]","[""technology"",""business""]","{""technology"":2,""business"":2}",,"{""technology"":[""673b7cc8adf4719199cdfab7"",""673f6f74038d008079f2ab66"",""673ccc16d93f8c441df8fcf8"",""673e1e13d93f8c441d245579"",""673e1e14d93f8c441d2455a3"",""6740c067d59f3dd47dd560dd"",""673f6f72038d008079f2ab35"",""673ccc18d93f8c441df8fd2e"",""6740c06ad59f3dd47dd5613a"",""673e1e15d93f8c441d2455bb""],""business"":[""673e1ce1d93f8c441d2452ac"",""6740c046d59f3dd47dd5605e"",""673b7a65adf4719199cdf363"",""673f6f45038d008079f2aab4"",""673e1ce0d93f8c441d24528e"",""673f6f46038d008079f2aad2"",""673ccbf7d93f8c441df8fcd2"",""673f6f44038d008079f2aaa8"",""673b7a67adf4719199cdf3b4"",""6740c049d59f3dd47dd560a6""]}",,"{""technology"":5,""business"":3}",,"2024-11-18T06:30:07.656Z",8,true,"673adeefadf4719199bc77ac",4
"65f300509edbd593b5293db2","673a5248adf4719199a6bef4","[""politics"",""lifestyle"",""education"",""current affairs""]","[""lifestyle"",""current affairs"",""education"",""politics""]","{""lifestyle"":2,""current affairs"":2,""education"":2,""politics"":2}",,"{""lifestyle"":[""673f72e5038d008079f2b2d1"",""673b7c78adf4719199cdf94f"",""673e1ff3d93f8c441d245995"",""673f72e6038d008079f2b2ef"",""673e1ff2d93f8c441d24597d"",""673b7c77adf4719199cdf92b"",""673ccef6d93f8c441df90471"",""673b7c7aadf4719199cdf979"",""6740c247d59f3dd47dd5674d"",""673b7c79adf4719199cdf961""],""current affairs"":[""67407cb7d59f3dd47dcf28f0"",""67407cb8d59f3dd47dcf28fd"",""67407cb2d59f3dd47dcf2813"",""67407cafd59f3dd47dcf27fa"",""67407cb9d59f3dd47dcf29a4"",""67407cb2d59f3dd47dcf2869"",""67407cb6d59f3dd47dcf28e4"",""67407caed59f3dd47dcf27ee"",""67407cb9d59f3dd47dcf29aa"",""67407cb1d59f3dd47dcf2806""],""education"":[""673e20efd93f8c441d245b32"",""673ccde0d93f8c441df9011f"",""673f71ca038d008079f2b1aa"",""673b79f2adf4719199cdf1d8"",""673ccddfd93f8c441df9010c"",""673b79f0adf4719199cdf19c"",""673ccde0d93f8c441df90125"",""673ccde1d93f8c441df9014b"",""673b79f3adf4719199cdf1e4"",""673f71cc038d008079f2b1ec""],""politics"":[""673e1e99d93f8c441d2456db"",""673e1e9bd93f8c441d2456ff"",""673ccba9d93f8c441df8fc7c"",""673b7a43adf4719199cdf2d7"",""6740c020d59f3dd47dd55fc1"",""673ccba8d93f8c441df8fc6a"",""673ccbaad93f8c441df8fc88"",""673f6f16038d008079f2a9f3"",""673e1e99d93f8c441d2456cf"",""673b7a43adf4719199cdf2ce""]}",,"{""lifestyle"":36,""current affairs"":58,""education"":16,""politics"":17}",,"2024-11-18T07:01:55.201Z",127,false,"673ae663adf4719199bf478f",12
"661d1c43d3779bd18c70c9aa","673a5248adf4719199a6bef4","[""world"",""business"",""sports"",""current affairs""]","[""world"",""business"",""sports"",""current affairs""]","{""world"":2,""business"":2,""sports"":2,""current affairs"":2}",,"{""world"":[""673b7bc2adf4719199cdf736"",""673ccb7bd93f8c441df8fba8"",""6740bfdfd59f3dd47dd55e3e"",""673e2065d93f8c441d245a86"",""673e2064d93f8c441d245a74"",""673f6ee3038d008079f2a91c"",""673b7bc0adf4719199cdf70b"",""673e2064d93f8c441d245a6e"",""673f6ee2038d008079f2a916"",""6740bfe1d59f3dd47dd55e68""],""business"":[""673f6f46038d008079f2aad8"",""673e1ce1d93f8c441d2452be"",""673ccbf6d93f8c441df8fcae"",""673f6f43038d008079f2aa82"",""6740c047d59f3dd47dd5607c"",""673ccbf8d93f8c441df8fce4"",""673f6f43038d008079f2aa88"",""673f6f44038d008079f2aaa8"",""6740c048d59f3dd47dd56094"",""673b7a66adf4719199cdf388""],""sports"":[""673e1f34d93f8c441d2457d3"",""673f6fa5038d008079f2ac40"",""673e1f35d93f8c441d2457eb"",""6740c0b3d59f3dd47dd561c2"",""673ccc46d93f8c441df8fd79"",""673ccc44d93f8c441df8fd49"",""6740c0b3d59f3dd47dd561c8"",""6740c0b3d59f3dd47dd561ce"",""673f6fa5038d008079f2ac46"",""673ccc46d93f8c441df8fd67""],""current affairs"":[""67407caed59f3dd47dcf27ee"",""67407cb1d59f3dd47dcf2806"",""67407cb2d59f3dd47dcf2869"",""67407cbbd59f3dd47dcf29bd"",""67407cb9d59f3dd47dcf29a4"",""67407cb3d59f3dd47dcf286f"",""67407cb7d59f3dd47dcf28f0"",""67407cb4d59f3dd47dcf2881"",""67407cb5d59f3dd47dcf2887"",""67407cb9d59f3dd47dcf29aa""]}",,"{""world"":41,""business"":21,""sports"":22,""current affairs"":27}",,"2024-11-18T07:32:18.361Z",111,false,"673aed82adf4719199bfb256",12
"661d1b2215323b828c65ac04","673a5248adf4719199a6bef4","[""science"",""environment"",""crime"",""current affairs""]","[""science"",""environment"",""crime"",""current affairs""]","{""science"":2,""environment"":2,""crime"":2,""current affairs"":2}",,"{""science"":[""673f70b9038d008079f2aed9"",""673b7c2badf4719199cdf855"",""673cccfbd93f8c441df8fe77"",""6740c0f5d59f3dd47dd562f3"",""673e211fd93f8c441d245bb6"",""673f70ba038d008079f2aeeb"",""673e211cd93f8c441d245b5d"",""673e211ed93f8c441d245b9e"",""673cccfcd93f8c441df8fe86"",""673b7c2cadf4719199cdf885""],""environment"":[""673ccd7bd93f8c441df8ff8c"",""673e20bed93f8c441d245a8e"",""673e20c1d93f8c441d245ad0"",""673b7be7adf4719199cdf7ae"",""673ccd7cd93f8c441df8ffb5"",""673b7be9adf4719199cdf7d3"",""673b7be7adf4719199cdf78e"",""673ccd7ed93f8c441df8ffef"",""673b7be9adf4719199cdf7db"",""673b7be9adf4719199cdf7e7""],""crime"":[""673e1f66d93f8c441d24587c"",""673ccdafd93f8c441df900af"",""673f7144038d008079f2b0d7"",""673ccdaed93f8c441df9009d"",""673f7141038d008079f2b08c"",""673f7141038d008079f2b07a"",""673b7df4adf4719199cdfc06"",""673b7df7adf4719199cdfc60"",""673ccdacd93f8c441df9005b"",""673e1f66d93f8c441d24586a""],""current affairs"":[""67407cb5d59f3dd47dcf2887"",""67407cbbd59f3dd47dcf29bd"",""67407cb6d59f3dd47dcf28ea"",""67407cafd59f3dd47dcf27f4"",""67407cb1d59f3dd47dcf2806"",""67407cb2d59f3dd47dcf2813"",""67407cb1d59f3dd47dcf280c"",""67407cbad59f3dd47dcf29b1"",""67407cb3d59f3dd47dcf286f"",""67407caed59f3dd47dcf27ee""]}",,"{""science"":17,""environment"":68,""crime"":8,""current affairs"":53}",,"2024-11-18T07:36:05.725Z",146,false,"673aee65adf4719199bfbdd8",12
"6680d5060ac30fd7f0a09733","673a5248adf4719199a6bef4","[""environment"",""crime"",""entertainment"",""current affairs""]","[""environment"",""crime"",""entertainment"",""current affairs""]","{""environment"":2,""crime"":2,""entertainment"":2,""current affairs"":2}",,"{""environment"":[""673f70e8038d008079f2af8b"",""673e20c1d93f8c441d245adc"",""6740c140d59f3dd47dd563d0"",""673e20bfd93f8c441d245aa6"",""6740c141d59f3dd47dd563e2"",""673b7be7adf4719199cdf7ae"",""673ccd7ed93f8c441df8ffef"",""673e20c0d93f8c441d245aca"",""6740c140d59f3dd47dd563ca"",""673e20c1d93f8c441d245ad0""],""crime"":[""673ccdacd93f8c441df9005b"",""673f7144038d008079f2b0d1"",""673f7141038d008079f2b07a"",""673e1f65d93f8c441d245858"",""6740c18bd59f3dd47dd564a7"",""673e1f65d93f8c441d245852"",""673e1f67d93f8c441d245894"",""673b7df5adf4719199cdfc24"",""6740c18cd59f3dd47dd564db"",""673ccdafd93f8c441df900af""],""entertainment"":[""673b7a8cadf4719199cdf453"",""6740c1e8d59f3dd47dd565e3"",""673cce6ed93f8c441df9028d"",""673f71ff038d008079f2b235"",""673e1f99d93f8c441d2458f0"",""673e1f99d93f8c441d2458f6"",""673e1f97d93f8c441d2458c6"",""673b7a8badf4719199cdf42e"",""673f71fe038d008079f2b22f"",""673b7a89adf4719199cdf404""],""current affairs"":[""67407cb0d59f3dd47dcf2800"",""67407cbad59f3dd47dcf29b1"",""67407caed59f3dd47dcf27ee"",""67407cb3d59f3dd47dcf286f"",""67407cb1d59f3dd47dcf280c"",""67407cb2d59f3dd47dcf2869"",""67407cafd59f3dd47dcf27fa"",""67407cb5d59f3dd47dcf2887"",""67407cbad59f3dd47dcf29b7"",""67407cbbd59f3dd47dcf29bd""]}",,"{""environment"":49,""crime"":10,""entertainment"":16,""current affairs"":47}",,"2024-11-18T07:39:37.582Z",122,false,"673aef39adf4719199bfd1c2",12
"66210e6094d2c53bd0b70ccc","673a5248adf4719199a6bef4","[""lifestyle"",""food"",""health"",""current affairs""]","[]","{""lifestyle"":1,""health"":1,""food"":1,""current affairs"":1}",,"{""lifestyle"":[""673ccef8d93f8c441df904ba"",""673e1ff0d93f8c441d245953"",""673f72e4038d008079f2b2b9"",""673f72e7038d008079f2b2f5"",""673ccef5d93f8c441df9046b""],""health"":[""673f7016038d008079f2ad1d"",""673f7018038d008079f2ad50"",""6740c0d6d59f3dd47dd56285"",""673b7b28adf4719199cdf5a4"",""673b7b28adf4719199cdf5aa""],""food"":[""673ccea2d93f8c441df90354"",""673b7c9fadf4719199cdf9e4"",""673f72ba038d008079f2b2ac"",""673b7ca0adf4719199cdf9f6"",""673b7c9fadf4719199cdf9d2""],""current affairs"":[""67407cbad59f3dd47dcf29b7"",""67407cb4d59f3dd47dcf287b"",""67407cb2d59f3dd47dcf2813"",""67407cafd59f3dd47dcf27f4"",""67407cb9d59f3dd47dcf29aa""]}",,"{""lifestyle"":8,""health"":0,""food"":6,""current affairs"":0}",,"2024-11-18T10:56:03.694Z",14,false,"673b1d43adf4719199c36eca",4
"65fe496b205cf6d5f81e91fb","673a5248adf4719199a6bef4","[""environment"",""lifestyle"",""science"",""current affairs""]","[""environment"",""lifestyle"",""science"",""current affairs""]","{""environment"":2,""lifestyle"":2,""science"":2,""current affairs"":2}",,"{""environment"":[""673e20bed93f8c441d245a8e"",""673e20c0d93f8c441d245aca"",""673ccd7cd93f8c441df8ff9e"",""673f70e9038d008079f2afa3"",""673f70e8038d008079f2af85"",""673e20c1d93f8c441d245ad6"",""673ccd7dd93f8c441df8ffcd"",""6740c141d59f3dd47dd563d6"",""673ccd7cd93f8c441df8ffa4"",""6740c142d59f3dd47dd563f8""],""lifestyle"":[""673ccef6d93f8c441df9047d"",""673ccef7d93f8c441df90489"",""673e1ff2d93f8c441d245977"",""673b7c77adf4719199cdf92b"",""673f72e7038d008079f2b301"",""673f72e5038d008079f2b2cb"",""673f72e6038d008079f2b2dd"",""6740c247d59f3dd47dd56753"",""6740c247d59f3dd47dd56759"",""6740c245d59f3dd47dd5672e""],""science"":[""673e211dd93f8c441d245b79"",""673f70ba038d008079f2aeeb"",""673f70b8038d008079f2aec1"",""673cccfbd93f8c441df8fe77"",""673cccfdd93f8c441df8fe9e"",""673b7c2badf4719199cdf879"",""673f70b7038d008079f2aea9"",""673cccfad93f8c441df8fe51"",""673cccfbd93f8c441df8fe6f"",""673e211dd93f8c441d245b8c""],""current affairs"":[""67407cb3d59f3dd47dcf2875"",""67407cb2d59f3dd47dcf2869"",""67407cb1d59f3dd47dcf280c"",""67407caed59f3dd47dcf27ee"",""67407cb9d59f3dd47dcf29aa"",""67407cb2d59f3dd47dcf2813"",""67407cb4d59f3dd47dcf2881"",""67407cb9d59f3dd47dcf29a4"",""67407cafd59f3dd47dcf27fa"",""67407cb6d59f3dd47dcf28e4""]}",,"{""environment"":17,""lifestyle"":39,""science"":61,""current affairs"":45}",,"2024-11-18T15:34:28.544Z",162,false,"673b5e84adf4719199cb0450",12
"6613f494ce72abb1ce9abddf","673a5248adf4719199a6bef4","[""crime"",""entertainment"",""science"",""current affairs""]","[]","{}",,"{}",,"{}",,"2024-11-19T06:30:08.936Z",0,true,"673c3070b72ac91665c1ee70",0
"6613f4acce72abb1ce9abe3a","673a5248adf4719199a6bef4","[""politics"",""health"",""science"",""current affairs""]","[]","{""politics"":1}",,"{""politics"":[""673b7a44adf4719199cdf2ef"",""6740c021d59f3dd47dd55fcd"",""673e1e9cd93f8c441d245711"",""6740c022d59f3dd47dd55fe5"",""673e1e9ad93f8c441d2456f3""]}",,"{""politics"":31}",,"2024-11-19T06:30:10.479Z",31,true,"673c3072b72ac91665c1ee7a",1
"6613f49dce72abb1ce9abe04","673a5248adf4719199a6bef4","[""tourism"",""entertainment"",""technology"",""current affairs""]","[""tourism""]","{""tourism"":2,""entertainment"":1}",,"{""tourism"":[""673f7344038d008079f2b31c"",""6740c26bd59f3dd47dd56816"",""673f7344038d008079f2b316"",""673ccf21d93f8c441df90546"",""673ccf22d93f8c441df90552"",""673e2026d93f8c441d2459e2"",""673e2028d93f8c441d245a18"",""6740c268d59f3dd47dd567c2"",""673ccf1fd93f8c441df90503"",""673ccf21d93f8c441df90539""],""entertainment"":[""673b7a8badf4719199cdf441"",""673e1f97d93f8c441d2458ba"",""673b7a8badf4719199cdf434"",""673cce6cd93f8c441df90244"",""673cce6cd93f8c441df90250""]}",,"{""tourism"":21,""entertainment"":0}",,"2024-11-19T06:30:06.353Z",21,true,"673c306eb72ac91665c1ee60",3
"6613f4adce72abb1ce9abe3d","673a5248adf4719199a6bef4","[""food"",""business"",""sports"",""current affairs""]","[""food""]","{""food"":2}",,"{""food"":[""6740c211d59f3dd47dd566c7"",""673e2196d93f8c441d245c97"",""673cce9fd93f8c441df9030c"",""673cce9fd93f8c441df902fa"",""673f72b7038d008079f2b26a"",""673f72b8038d008079f2b282"",""673e2197d93f8c441d245caa"",""6740c210d59f3dd47dd566af"",""673b7ca2adf4719199cdfa20"",""673b7c9fadf4719199cdf9d8""]}",,"{""food"":3}",,"2024-11-19T06:30:07.391Z",3,true,"673c306fb72ac91665c1ee66",2
"6613f4bece72abb1ce9abe79","673a5248adf4719199a6bef4","[""education"",""food"",""science"",""current affairs""]","[]","{""education"":1}",,"{""education"":[""673ccde1d93f8c441df90160"",""673f71cb038d008079f2b1d4"",""673b79f0adf4719199cdf1a9"",""673e20efd93f8c441d245b3e"",""673e20efd93f8c441d245b38""]}",,"{""education"":0}",,"2024-11-19T06:30:08.052Z",0,true,"673c3070b72ac91665c1ee6a",1
"6613f4b7ce72abb1ce9abe5e","673a5248adf4719199a6bef4","[""education"",""food"",""tourism"",""current affairs""]","[]","{}",,"{}",,"{}",,"2024-11-19T06:30:08.500Z",0,true,"673c3070b72ac91665c1ee6d",0
"6613f49dce72abb1ce9abe07","673a5248adf4719199a6bef4","[""health"",""food"",""sports"",""current affairs""]","[]","{}",,"{}",,"{}",,"2024-11-19T06:30:09.373Z",0,true,"673c3071b72ac91665c1ee73",0
"6613f496ce72abb1ce9abde9","673a5248adf4719199a6bef4","[""business"",""tourism"",""world"",""current affairs""]","[]","{}",,"{}",,"{}",,"2024-11-19T06:30:10.918Z",0,true,"673c3072b72ac91665c1ee7d",0
"6613f49ece72abb1ce9abe0a","673a5248adf4719199a6bef4","[""entertainment"",""education"",""politics"",""current affairs""]","[]","{}",,"{}",,"{}",,"2024-11-19T06:30:05.878Z",0,true,"673c306db72ac91665c1ee5d",0
"6613f497ce72abb1ce9abdec","673a5248adf4719199a6bef4","[""lifestyle"",""tourism"",""science"",""current affairs""]","[""lifestyle""]","{""lifestyle"":2}",,"{""lifestyle"":[""673ccef6d93f8c441df90471"",""673ccef7d93f8c441df904a2"",""673e1ff1d93f8c441d24596b"",""673e1ff3d93f8c441d2459a2"",""6740c245d59f3dd47dd56728"",""673ccef7d93f8c441df904a8"",""6740c246d59f3dd47dd56747"",""673ccef6d93f8c441df90483"",""673e1ff4d93f8c441d2459a8"",""673e1ff2d93f8c441d245977""]}",,"{""lifestyle"":8}",,"2024-11-19T06:30:06.890Z",8,true,"673c306eb72ac91665c1ee63",2
"6613f4d2ce72abb1ce9abecd","673a5248adf4719199a6bef4","[""education"",""sports"",""food"",""current affairs""]","[]","{""education"":1}",,"{""education"":[""673b79f3adf4719199cdf1ea"",""673b79f0adf4719199cdf1a2"",""673e20ecd93f8c441d245af6"",""673e20efd93f8c441d245b3e"",""673f71cb038d008079f2b1d4""]}",,"{""education"":14}",,"2024-11-19T06:30:05.244Z",14,true,"673c306db72ac91665c1ee5a",1
"6613f4b9ce72abb1ce9abe67","673a5248adf4719199a6bef4","[""environment"",""health"",""business"",""current affairs""]","[]","{}",,"{}",,"{}",,"2024-11-19T06:30:09.808Z",0,true,"673c3071b72ac91665c1ee76",0
"6613f4b0ce72abb1ce9abe46","673a5248adf4719199a6bef4","[""sports"",""crime"",""education"",""current affairs""]","[""sports""]","{""sports"":2}",,"{""sports"":[""673ccc46d93f8c441df8fd67"",""673ccc44d93f8c441df8fd43"",""673f6fa4038d008079f2ac23"",""6740c0b4d59f3dd47dd561da"",""673f6fa4038d008079f2ac31"",""673ccc45d93f8c441df8fd55"",""6740c0b6d59f3dd47dd56213"",""673f6fa3038d008079f2ac05"",""6740c0b5d59f3dd47dd561f8"",""6740c0b2d59f3dd47dd561b5""]}",,"{""sports"":22}",,"2024-11-20T06:30:06.421Z",22,true,"673d81eed93f8c441d13236b",2
"6613f4d3ce72abb1ce9abed0","673a5248adf4719199a6bef4","[""entertainment"",""crime"",""environment"",""current affairs""]","[]","{""entertainment"":1}",,"{""entertainment"":[""673b7a89adf4719199cdf40a"",""673cce6dd93f8c441df9026e"",""673cce6ed93f8c441df9027a"",""673cce6ed93f8c441df9028d"",""673e1f99d93f8c441d2458f6""]}",,"{""entertainment"":0}",,"2024-11-20T06:30:07.991Z",0,true,"673d81efd93f8c441d132375",1
"6613f4abce72abb1ce9abe34","673a5248adf4719199a6bef4","[""health"",""science"",""politics"",""current affairs""]","[]","{}",,"{}",,"{}",,"2024-11-20T06:30:05.050Z",0,true,"673d81edd93f8c441d132362",0
"6613f4c9ce72abb1ce9abea6","673a5248adf4719199a6bef4","[""sports"",""business"",""technology"",""current affairs""]","[]","{""sports"":1}",,"{""sports"":[""673e1f36d93f8c441d2457f7"",""6740c0b2d59f3dd47dd561af"",""6740c0b2d59f3dd47dd561a9"",""673e1f37d93f8c441d245821"",""6740c0b5d59f3dd47dd561f8""]}",,"{""sports"":14}",,"2024-11-20T06:30:04.148Z",14,true,"673d81ecd93f8c441d13235d",1
"6613f4a6ce72abb1ce9abe25","673a5248adf4719199a6bef4","[""sports"",""entertainment"",""science"",""current affairs""]","[]","{}",,"{}",,"{}",,"2024-11-20T06:30:06.862Z",0,true,"673d81eed93f8c441d13236e",0
"6613f4cdce72abb1ce9abeb8","673a5248adf4719199a6bef4","[""food"",""world"",""health"",""current affairs""]","[""food""]","{""food"":2}",,"{""food"":[""6740c20ed59f3dd47dd56684"",""673f72b7038d008079f2b263"",""673ccea2d93f8c441df9034e"",""673f72b7038d008079f2b257"",""673f72ba038d008079f2b2ac"",""6740c20fd59f3dd47dd56696"",""6740c20fd59f3dd47dd56690"",""673cce9fd93f8c441df90306"",""673b7c9fadf4719199cdf9cc"",""673ccea1d93f8c441df9033c""]}",,"{""food"":3}",,"2024-11-20T06:30:07.321Z",3,true,"673d81efd93f8c441d132371",2
"6613f4c3ce72abb1ce9abe91","673a5248adf4719199a6bef4","[""business"",""health"",""technology"",""current affairs""]","[""business""]","{""business"":2}",,"{""business"":[""673e1ce2d93f8c441d2452d6"",""673f6f45038d008079f2aac6"",""673e1ce0d93f8c441d2452a0"",""673b7a67adf4719199cdf39c"",""673f6f44038d008079f2aaa2"",""673f6f43038d008079f2aa82"",""673ccbf8d93f8c441df8fce4"",""6740c049d59f3dd47dd560a6"",""673ccbf5d93f8c441df8fc9c"",""673b7a66adf4719199cdf381""]}",,"{""business"":15}",,"2024-11-20T06:30:08.441Z",15,true,"673d81f0d93f8c441d132378",2
"6613f4cace72abb1ce9abeac","673a5248adf4719199a6bef4","[""world"",""science"",""politics"",""current affairs""]","[]","{""world"":1}",,"{""world"":[""673e2065d93f8c441d245a86"",""673ccb7dd93f8c441df8fbd5"",""673e2064d93f8c441d245a62"",""6740bfe1d59f3dd47dd55e61"",""6740bfdfd59f3dd47dd55e29""]}",,"{""world"":20}",,"2024-11-20T06:30:03.701Z",20,true,"673d81ebd93f8c441d13235a",1
"6613f4d1ce72abb1ce9abec7","673a5248adf4719199a6bef4","[""tourism"",""health"",""world"",""current affairs""]","[]","{}",,"{}",,"{}",,"2024-11-20T06:30:05.504Z",0,true,"673d81edd93f8c441d132365",0
"6613f4acce72abb1ce9abe37","673a5248adf4719199a6bef4","[""business"",""world"",""science"",""current affairs""]","[""business""]","{""business"":2}",,"{""business"":[""673e1ce0d93f8c441d24528e"",""673f6f43038d008079f2aa8e"",""673f6f43038d008079f2aa94"",""6740c047d59f3dd47dd56064"",""673f6f46038d008079f2aad2"",""673f6f44038d008079f2aaa2"",""673ccbf4d93f8c441df8fc90"",""673b7a65adf4719199cdf37b"",""6740c048d59f3dd47dd5608e"",""673f6f45038d008079f2aac6""]}",,"{""business"":24}",,"2024-11-20T06:30:05.953Z",24,true,"673d81edd93f8c441d132368",2
"667d9d31ede918c194e96af9","673a5248adf4719199a6bef4","[""health"",""food"",""entertainment"",""current affairs""]","[""food"",""health"",""current affairs"",""entertainment""]","{""food"":2,""health"":2,""current affairs"":2,""entertainment"":2}",,"{""food"":[""673b7ca1adf4719199cdfa0e"",""673b7c9fadf4719199cdf9d2"",""673e2198d93f8c441d245cc8"",""673b7ca1adf4719199cdfa08"",""673ccea2d93f8c441df90348"",""673f72b8038d008079f2b276"",""673e2198d93f8c441d245cce"",""673e2196d93f8c441d245c97"",""6740c20fd59f3dd47dd566a2"",""673b7c9fadf4719199cdf9de""],""health"":[""673b7b28adf4719199cdf5a4"",""6740c0d5d59f3dd47dd56261"",""6740c0d7d59f3dd47dd5628b"",""6740c0d6d59f3dd47dd56285"",""673e1d9cd93f8c441d24549d"",""673f7017038d008079f2ad2c"",""673e1d9ad93f8c441d245473"",""673f7016038d008079f2ad1d"",""673cccc5d93f8c441df8fd94"",""673cccc7d93f8c441df8fde9""],""current affairs"":[""67407cb3d59f3dd47dcf2875"",""67407cb4d59f3dd47dcf287b"",""67407cb6d59f3dd47dcf28ea"",""67407cbbd59f3dd47dcf29bd"",""67407cb5d59f3dd47dcf2887"",""67407cb2d59f3dd47dcf2813"",""67407cb0d59f3dd47dcf2800"",""67407cb8d59f3dd47dcf28fd"",""67407caed59f3dd47dcf27ee"",""67407cb2d59f3dd47dcf2869""],""entertainment"":[""673cce6ed93f8c441df90281"",""673cce6dd93f8c441df90268"",""673b7a89adf4719199cdf404"",""673f71fd038d008079f2b217"",""673cce6ed93f8c441df90287"",""673e1f99d93f8c441d2458e4"",""673b7a8badf4719199cdf42e"",""673e1f98d93f8c441d2458cc"",""673f71ff038d008079f2b241"",""673b7a89adf4719199cdf40a""]}",,"{""food"":46,""health"":24,""current affairs"":104,""entertainment"":10}",,"2024-11-20T16:14:12.210Z",184,false,"673e0ad4d93f8c441d218a3d",12
"6613f4cfce72abb1ce9abec1","673a5248adf4719199a6bef4","[""world"",""sports"",""business"",""current affairs""]","[""world""]","{""world"":2}",,"{""world"":[""673e2065d93f8c441d245a86"",""6740bfded59f3dd47dd55e15"",""673f6ee2038d008079f2a904"",""673f6ee4038d008079f2a946"",""673b7bc0adf4719199cdf705"",""6740bfdfd59f3dd47dd55e3e"",""6740bfe1d59f3dd47dd55e61"",""6740bfe0d59f3dd47dd55e4b"",""673e2064d93f8c441d245a74"",""673f6ee3038d008079f2a91c""]}",,"{""world"":6}",,"2024-11-21T06:30:06.177Z",6,true,"673ed36ed93f8c441d3bb2fb",2
"6613f49bce72abb1ce9abdfe","673a5248adf4719199a6bef4","[""science"",""politics"",""food"",""current affairs""]","[]","{""science"":1}",,"{""science"":[""6740c0f5d59f3dd47dd562f3"",""673f70b8038d008079f2aeb5"",""673cccfad93f8c441df8fe4b"",""673e211fd93f8c441d245baa"",""6740c0f6d59f3dd47dd56317""]}",,"{""science"":5}",,"2024-11-21T06:30:04.611Z",5,true,"673ed36cd93f8c441d3bb2f1",1
"6613f4b8ce72abb1ce9abe61","673a5248adf4719199a6bef4","[""sports"",""environment"",""world"",""current affairs""]","[]","{}",,"{}",,"{}",,"2024-11-21T06:30:05.067Z",0,true,"673ed36dd93f8c441d3bb2f4",0
"6613f4b2ce72abb1ce9abe4f","673a5248adf4719199a6bef4","[""lifestyle"",""technology"",""sports"",""current affairs""]","[]","{""lifestyle"":1}",,"{""lifestyle"":[""673b7c78adf4719199cdf955"",""6740c247d59f3dd47dd56759"",""673f72e5038d008079f2b2c5"",""673f72e6038d008079f2b2ef"",""6740c248d59f3dd47dd5676d""]}",,"{""lifestyle"":0}",,"2024-11-21T06:30:07.306Z",0,true,"673ed36fd93f8c441d3bb301",1
"6613f4d4ce72abb1ce9abed6","673a5248adf4719199a6bef4","[""lifestyle"",""sports"",""politics"",""current affairs""]","[]","{}",,"{}",,"{}",,"2024-11-21T06:30:07.747Z",0,true,"673ed36fd93f8c441d3bb304",0
"6613f4dcce72abb1ce9abef4","673a5248adf4719199a6bef4","[""science"",""environment"",""education"",""current affairs""]","[]","{""science"":1}",,"{""science"":[""673f70ba038d008079f2aee5"",""673e211cd93f8c441d245b50"",""6740c0f7d59f3dd47dd56335"",""6740c0f5d59f3dd47dd562f3"",""673b7c2dadf4719199cdf89d""]}",,"{""science"":29}",,"2024-11-21T06:30:05.516Z",29,true,"673ed36dd93f8c441d3bb2f7",1
"65b1ebbc90ba2e3794e9696d","673a5248adf4719199a6bef4","[""world"",""technology"",""science"",""current affairs""]","[]","{""current affairs"":1,""science"":1,""world"":1,""technology"":1}",,"{""current affairs"":[""67407cbbd59f3dd47dcf29bd"",""67407cb4d59f3dd47dcf2881"",""67407cb6d59f3dd47dcf28ea"",""67407cb3d59f3dd47dcf2875"",""67407cafd59f3dd47dcf27f4""],""science"":[""673cccfcd93f8c441df8fe8c"",""6740c0f5d59f3dd47dd562f3"",""673b7c2badf4719199cdf855"",""673b7c2badf4719199cdf873"",""673f70ba038d008079f2aef1""],""world"":[""673ccb7bd93f8c441df8fb99"",""673f6ee3038d008079f2a92e"",""6740bfdfd59f3dd47dd55e37"",""673ccb7ad93f8c441df8fb8d"",""673b7bc2adf4719199cdf742""],""technology"":[""673f6f73038d008079f2ab5a"",""673f6f72038d008079f2ab3b"",""673b7cc8adf4719199cdfab7"",""673e1e16d93f8c441d2455cd"",""673b7cc8adf4719199cdfab1""]}",,"{""current affairs"":55,""science"":86,""world"":23,""technology"":40}",,"2024-11-21T06:38:05.441Z",204,false,"673ed54dd93f8c441d3bc52e",4
"6738440a4e65abf235491d7c","673a5248adf4719199a6bef4","[""lifestyle"",""food"",""entertainment"",""current affairs""]","[""food"",""entertainment"",""lifestyle""]","{""lifestyle"":2,""food"":2,""entertainment"":2,""current affairs"":2}",,"{""lifestyle"":[""673f72e7038d008079f2b301"",""673e1ff1d93f8c441d24595f"",""673f72e5038d008079f2b2cb"",""673ccef8d93f8c441df904b4"",""673ccef7d93f8c441df904a8"",""673b7c79adf4719199cdf961"",""673b7c78adf4719199cdf943"",""673b7c7aadf4719199cdf97f"",""673ccef6d93f8c441df90477"",""673e1ff3d93f8c441d24599c""],""food"":[""673ccea0d93f8c441df90312"",""673e2198d93f8c441d245cce"",""673e2196d93f8c441d245ca4"",""673ccea2d93f8c441df9034e"",""673e2197d93f8c441d245caa"",""6740c20ed59f3dd47dd56676"",""673f72ba038d008079f2b2ac"",""673b7ca2adf4719199cdfa20"",""673f72b7038d008079f2b257"",""673f72b9038d008079f2b288""],""entertainment"":[""673b7a8cadf4719199cdf463"",""673cce6cd93f8c441df9024a"",""673cce6fd93f8c441df90293"",""673cce6dd93f8c441df90268"",""6740c1e8d59f3dd47dd565e3"",""673f71fe038d008079f2b21d"",""673b7a89adf4719199cdf3fe"",""673e1f97d93f8c441d2458ba"",""673e1f99d93f8c441d2458f0"",""673cce6dd93f8c441df9026e""],""current affairs"":[""67407cb9d59f3dd47dcf29aa"",""67407cb1d59f3dd47dcf280c"",""67407cb7d59f3dd47dcf28f6"",""67407cb2d59f3dd47dcf2869"",""67407cbad59f3dd47dcf29b7"",""67407cb5d59f3dd47dcf2887"",""67407cb2d59f3dd47dcf2813"",""67407cb9d59f3dd47dcf29a4"",""67407cb4d59f3dd47dcf2881"",""67407cb0d59f3dd47dcf2800""]}",,"{""lifestyle"":10,""food"":35,""entertainment"":28,""current affairs"":10}",,"2024-11-21T15:03:11.379Z",83,false,"673f4baf3b72d97a8c784c59",11
"653548118a2815874166fa66","673a5248adf4719199a6bef4","[""sports"",""entertainment"",""world"",""current affairs""]","[""sports"",""entertainment"",""world"",""current affairs""]","{""sports"":2,""entertainment"":2,""world"":2,""current affairs"":2}",,"{""sports"":[""6740c0b3d59f3dd47dd561ce"",""673ccc46d93f8c441df8fd79"",""673ccc44d93f8c441df8fd49"",""6740c0b2d59f3dd47dd561af"",""673ccc46d93f8c441df8fd67"",""673ccc44d93f8c441df8fd3d"",""673e1f35d93f8c441d2457eb"",""673f6fa4038d008079f2ac31"",""673f6fa2038d008079f2abfe"",""673f6fa4038d008079f2ac3a""],""entertainment"":[""6740c1e9d59f3dd47dd56608"",""673e1f99d93f8c441d2458e4"",""673cce6cd93f8c441df90250"",""6740c1e9d59f3dd47dd56614"",""6740c1e8d59f3dd47dd565f5"",""673e1f98d93f8c441d2458cc"",""673b7a8aadf4719199cdf416"",""673cce6dd93f8c441df90262"",""673e1f98d93f8c441d2458d8"",""673f71fd038d008079f2b217""],""world"":[""673f6ee3038d008079f2a91c"",""6740bfded59f3dd47dd55e15"",""673ccb7cd93f8c441df8fbcf"",""673ccb7dd93f8c441df8fbe7"",""6740bfded59f3dd47dd55e1c"",""673f6ee4038d008079f2a934"",""6740bfe1d59f3dd47dd55e76"",""673b7bbfadf4719199cdf6eb"",""673b7bc2adf4719199cdf742"",""673f6ee4038d008079f2a946""],""current affairs"":[""67407cb1d59f3dd47dcf2806"",""67407cbad59f3dd47dcf29b1"",""67407cb6d59f3dd47dcf28ea"",""67407cbbd59f3dd47dcf29bd"",""67407cb8d59f3dd47dcf28fd"",""67407cafd59f3dd47dcf27f4"",""67407cb6d59f3dd47dcf28e4"",""67407cb3d59f3dd47dcf286f"",""67407cb4d59f3dd47dcf2881"",""67407cb3d59f3dd47dcf2875""]}",,"{""sports"":45,""entertainment"":10,""world"":32,""current affairs"":62}",,"2024-11-22T06:03:24.268Z",149,false,"67401eac038d0080790d8ce1",12
"6613f4a0ce72abb1ce9abe10","673a5248adf4719199a6bef4","[""education"",""health"",""entertainment"",""current affairs""]","[]","{}",,"{}",,"{}",,"2024-11-22T06:30:05.888Z",0,true,"674024ed038d0080790d9c3f",0
"6613f4bbce72abb1ce9abe70","673a5248adf4719199a6bef4","[""science"",""tourism"",""health"",""current affairs""]","[]","{""science"":1}",,"{""science"":[""673b7c2cadf4719199cdf88b"",""673f70b8038d008079f2aebb"",""673b7c2badf4719199cdf86d"",""673e211cd93f8c441d245b50"",""673f70b9038d008079f2aed3""]}",,"{""science"":17}",,"2024-11-22T06:30:07.899Z",17,true,"674024ef038d0080790d9c4c",1
"6613f498ce72abb1ce9abdef","673a5248adf4719199a6bef4","[""sports"",""lifestyle"",""science"",""current affairs""]","[]","{""sports"":1}",,"{""sports"":[""673f6fa5038d008079f2ac52"",""6740c0b4d59f3dd47dd561e6"",""673ccc44d93f8c441df8fd3d"",""6740c0b4d59f3dd47dd561e0"",""673e1f36d93f8c441d2457f1""]}",,"{""sports"":2}",,"2024-11-22T06:30:04.315Z",2,true,"674024ec038d0080790d9c35",1
"6613f4bdce72abb1ce9abe76","673a5248adf4719199a6bef4","[""crime"",""world"",""science"",""current affairs""]","[]","{""crime"":1}",,"{""crime"":[""673ccdacd93f8c441df90067"",""6740c18ed59f3dd47dd564ff"",""673b7df6adf4719199cdfc3c"",""673ccdafd93f8c441df900a3"",""673ccdaed93f8c441df90085""]}",,"{""crime"":14}",,"2024-11-22T06:30:04.758Z",14,true,"674024ec038d0080790d9c38",1
"6613f4b4ce72abb1ce9abe55","673a5248adf4719199a6bef4","[""environment"",""food"",""science"",""current affairs""]","[]","{}",,"{}",,"{}",,"2024-11-22T06:30:07.011Z",0,true,"674024ef038d0080790d9c46",0
"6613f4a8ce72abb1ce9abe2b","673a5248adf4719199a6bef4","[""politics"",""crime"",""world"",""current affairs""]","[""politics""]","{""politics"":2}",,"{""politics"":[""673f6f15038d008079f2a9db"",""673f6f15038d008079f2a9e7"",""673b7a41adf4719199cdf2a1"",""6740c020d59f3dd47dd55fa9"",""673ccba8d93f8c441df8fc6a"",""6740c020d59f3dd47dd55fc1"",""6740c01fd59f3dd47dd55f9d"",""673f6f14038d008079f2a9d5"",""673e1e9bd93f8c441d2456ff"",""673e1e9ad93f8c441d2456e7""]}",,"{""politics"":7}",,"2024-11-22T06:30:05.224Z",7,true,"674024ed038d0080790d9c3b",2
"6613f4d9ce72abb1ce9abee8","673a5248adf4719199a6bef4","[""lifestyle"",""environment"",""crime"",""current affairs""]","[]","{}",,"{}",,"{}",,"2024-11-22T06:30:06.559Z",0,true,"674024ee038d0080790d9c43",0
"6613f4d1ce72abb1ce9abeca","673a5248adf4719199a6bef4","[""politics"",""technology"",""world"",""current affairs""]","[]","{""politics"":1}",,"{""politics"":[""6740c022d59f3dd47dd55ff1"",""6740c020d59f3dd47dd55fbb"",""673e1e99d93f8c441d2456db"",""673b7a43adf4719199cdf2ce"",""6740c022d59f3dd47dd55fe5""]}",,"{""politics"":18}",,"2024-11-22T06:30:07.456Z",18,true,"674024ef038d0080790d9c49",1
"6613f4afce72abb1ce9abe43","673a5248adf4719199a6bef4","[""business"",""technology"",""environment"",""current affairs""]","[]","{}",,"{}",,"{}",,"2024-11-22T06:30:03.423Z",0,true,"674024eb038d0080790d9c30",0
"65b1ebbc90ba2e3794e9696d","67438cc9209bcb47ea985fe3","[""world"",""health"",""science"",""current affairs""]","[]","{""current affairs"":1,""science"":1,""health"":1,""world"":1}",,"{""current affairs"":[""6749b3f94f939aa0187f77b6"",""6749b4034f939aa0187f9dc5"",""6749b3fa4f939aa0187f7b09"",""6749b4054f939aa0187fa1b5"",""6749b4004f939aa0187f95d5""],""science"":[""6744b6a9ebdcef3dc9bea2d1"",""6748aabd718ee22bb5ea0ff4"",""6744b6a9ebdcef3dc9bea2bf"",""6749fd354f939aa018874687"",""6748aabc718ee22bb5ea0fd6""],""health"":[""6744b68febdcef3dc9bea278"",""6749fc8e4f939aa0188744c6"",""6748aa7a718ee22bb5ea0f2b"",""6747588e6435a67fa9050ada"",""6744b68debdcef3dc9bea23a""],""world"":[""6744b4adebdcef3dc9be9c17"",""6748a91c718ee22bb5ea0adc"",""6749fe384f939aa018874834"",""674757996435a67fa905076b"",""6746065cec495caac444ef86""]}",,"{""current affairs"":67,""science"":55,""health"":22,""world"":16}",,"2024-11-25T05:24:51.554Z",160,false,"67440a23209bcb47eaae673f",4
"6613f4c4ce72abb1ce9abe94","67438cc9209bcb47ea985fe3","[""entertainment"",""science"",""business"",""current affairs""]","[]","{}",,"{}",,"{}",,"2024-11-25T06:30:06.574Z",0,true,"6744196e209bcb47eaae7648",0
"6613f4d0ce72abb1ce9abec4","67438cc9209bcb47ea985fe3","[""entertainment"",""environment"",""food"",""current affairs""]","[]","{""entertainment"":1}",,"{""entertainment"":[""6748ac4e718ee22bb5ea14b2"",""6749fb104f939aa018873f41"",""6749fb104f939aa018873f50"",""6749fb0f4f939aa018873f2e"",""674759df6435a67fa9050ed6""]}",,"{""entertainment"":0}",,"2024-11-25T06:30:07.881Z",0,true,"6744196f209bcb47eaae7651",1
"6613f4d3ce72abb1ce9abed3","67438cc9209bcb47ea985fe3","[""lifestyle"",""entertainment"",""sports"",""current affairs""]","[""lifestyle""]","{""lifestyle"":2}",,"{""lifestyle"":[""6749fdd64f939aa0188747fb"",""6748ac9b718ee22bb5ea155d"",""67460a3fec495caac444f908"",""6748ac9c718ee22bb5ea157b"",""6748ac9c718ee22bb5ea1569"",""67475a3d6435a67fa905105c"",""6748ac9d718ee22bb5ea1587"",""6749fdd44f939aa0188747d1"",""6749fdd54f939aa0188747e9"",""67460a40ec495caac444f926""]}",,"{""lifestyle"":2}",,"2024-11-25T06:30:08.317Z",2,true,"67441970209bcb47eaae7654",2
"6613f4dece72abb1ce9abefd","67438cc9209bcb47ea985fe3","[""environment"",""world"",""entertainment"",""current affairs""]","[]","{""environment"":1}",,"{""environment"":[""6749fc634f939aa018874420"",""6744b6dbebdcef3dc9bea378"",""67460928ec495caac444f5e4"",""6749fc604f939aa0188743d0"",""674759446435a67fa9050cd4""]}",,"{""environment"":17}",,"2024-11-25T06:30:07.009Z",17,true,"6744196f209bcb47eaae764b",1
"6613f4cece72abb1ce9abebb","67438cc9209bcb47ea985fe3","[""world"",""food"",""politics"",""current affairs""]","[]","{}",,"{}",,"{}",,"2024-11-25T06:30:02.638Z",0,true,"6744196a209bcb47eaae762d",0
"6613f4d7ce72abb1ce9abee2","67438cc9209bcb47ea985fe3","[""entertainment"",""environment"",""food"",""current affairs""]","[""entertainment""]","{""entertainment"":2}",,"{""entertainment"":[""6749fb114f939aa018873f6e"",""6749fb0f4f939aa018873f2e"",""674609ebec495caac444f849"",""6748ac4c718ee22bb5ea14a0"",""6749fb0f4f939aa018873f34"",""674609eaec495caac444f82b"",""674609ebec495caac444f837"",""6749fb124f939aa018873f7f"",""6748ac4e718ee22bb5ea14ac"",""674759df6435a67fa9050edc""]}",,"{""entertainment"":6}",,"2024-11-25T06:30:07.446Z",6,true,"6744196f209bcb47eaae764e",2
"6613f4dfce72abb1ce9abf03","67438cc9209bcb47ea985fe3","[""business"",""health"",""science"",""current affairs""]","[""business"",""health""]","{""business"":2,""health"":2}",,"{""business"":[""6748a9f1718ee22bb5ea0d19"",""6748a9f0718ee22bb5ea0cef"",""674757f56435a67fa90508ce"",""674757f66435a67fa90508ef"",""6748a9f1718ee22bb5ea0d1f"",""674757f76435a67fa9050907"",""6749fb474f939aa01887404e"",""6749fb474f939aa01887403c"",""6748a9ef718ee22bb5ea0cdd"",""6748a9f2718ee22bb5ea0d25""],""health"":[""6744b68febdcef3dc9bea27e"",""6748aa79718ee22bb5ea0f1f"",""6747588e6435a67fa9050ad4"",""674607c9ec495caac444f2e9"",""674758906435a67fa9050b10"",""6744b68debdcef3dc9bea228"",""674607c6ec495caac444f293"",""674758916435a67fa9050b22"",""6749fc8b4f939aa01887448a"",""674607c6ec495caac444f29f""]}",,"{""business"":0,""health"":0}",,"2024-11-25T06:30:04.385Z",0,true,"6744196c209bcb47eaae7639",4
"6613f4d4ce72abb1ce9abed6","67438cc9209bcb47ea985fe3","[""sports"",""lifestyle"",""food"",""current affairs""]","[]","{""sports"":1}",,"{""sports"":[""6746078dec495caac444f226"",""6746078cec495caac444f21a"",""6744b63bebdcef3dc9bea125"",""6746078bec495caac444f202"",""6747583e6435a67fa9050a1f""]}",,"{""sports"":15}",,"2024-11-25T06:30:03.079Z",15,true,"6744196b209bcb47eaae7630",1
"6613f4c7ce72abb1ce9abea0","67438cc9209bcb47ea985fe3","[""technology"",""environment"",""health"",""current affairs""]","[]","{""technology"":1}",,"{""technology"":[""67460760ec495caac444f1d5"",""674758196435a67fa9050988"",""674758166435a67fa9050950"",""67460760ec495caac444f1cf"",""6744b601ebdcef3dc9bea058""]}",,"{""technology"":27}",,"2024-11-25T06:30:06.139Z",27,true,"6744196e209bcb47eaae7645",1
"6613f49bce72abb1ce9abdfb","67438cc9209bcb47ea985fe3","[""world"",""food"",""business"",""current affairs""]","[]","{}",,"{}",,"{}",,"2024-11-25T06:30:04.820Z",0,true,"6744196c209bcb47eaae763c",0
"6613f4c6ce72abb1ce9abe9d","67438cc9209bcb47ea985fe3","[""entertainment"",""environment"",""business"",""current affairs""]","[]","{}",,"{}",,"{}",,"2024-11-25T06:30:05.255Z",0,true,"6744196d209bcb47eaae763f",0
"6613f4cace72abb1ce9abeac","67438cc9209bcb47ea985fe3","[""entertainment"",""food"",""technology"",""current affairs""]","[""entertainment""]","{""entertainment"":2}",,"{""entertainment"":[""674609eaec495caac444f825"",""674759df6435a67fa9050edc"",""674609e9ec495caac444f807"",""6748ac46718ee22bb5ea1488"",""674609ebec495caac444f837"",""674759df6435a67fa9050ee3"",""6749fb104f939aa018873f41"",""6748ac4f718ee22bb5ea14ca"",""6749fb124f939aa018873f85"",""674609eaec495caac444f819""]}",,"{""entertainment"":6}",,"2024-11-25T06:30:03.950Z",6,true,"6744196b209bcb47eaae7636",2
"6613f4d9ce72abb1ce9abee8","67438cc9209bcb47ea985fe3","[""education"",""sports"",""lifestyle"",""current affairs""]","[""education""]","{""education"":2}",,"{""education"":[""6749fcdc4f939aa01887459b"",""6744b77aebdcef3dc9bea5ce"",""6744b77aebdcef3dc9bea5c2"",""674609b5ec495caac444f7ac"",""674759a26435a67fa9050e0b"",""674609b3ec495caac444f76e"",""674609b3ec495caac444f783"",""674609b5ec495caac444f7b8"",""674609b2ec495caac444f755"",""6749fcde4f939aa0188745cb""]}",,"{""education"":3}",,"2024-11-25T06:30:03.514Z",3,true,"6744196b209bcb47eaae7633",2
"6613f4c1ce72abb1ce9abe88","67438cc9209bcb47ea985fe3","[""entertainment"",""environment"",""sports"",""current affairs""]","[]","{""entertainment"":1}",,"{""entertainment"":[""6748ac4e718ee22bb5ea14b2"",""674759e06435a67fa9050efe"",""674759df6435a67fa9050ee3"",""674759dd6435a67fa9050eab"",""6749fb104f939aa018873f56""]}",,"{""entertainment"":3}",,"2024-11-25T06:30:05.693Z",3,true,"6744196d209bcb47eaae7642",1
"661d1c43d3779bd18c70c9aa","67438cc9209bcb47ea985fe3","[""world"",""business"",""politics"",""current affairs""]","[]","{}",,"{}",,"{}",,"2024-11-25T07:03:45.143Z",0,true,"67442151209bcb47eab132a3",0
"6680d5060ac30fd7f0a09733","67438cc9209bcb47ea985fe3","[""science"",""environment"",""crime"",""current affairs""]","[]","{}",,"{}",,"{}",,"2024-11-25T10:01:45.132Z",0,true,"67444b09209bcb47eab44c35",0
"673ff536038d0080790a95be","67438cc9209bcb47ea985fe3","[""world"",""business"",""technology"",""current affairs""]","[""world"",""business"",""technology"",""current affairs""]","{""world"":2,""business"":2,""technology"":2,""current affairs"":2}",,"{""world"":[""6746065bec495caac444ef67"",""674757976435a67fa9050741"",""6744b4adebdcef3dc9be9c17"",""6748a91b718ee22bb5ea0ad0"",""674757976435a67fa9050747"",""674757986435a67fa9050753"",""6748a919718ee22bb5ea0aa0"",""6749fe364f939aa01887480a"",""6748a91b718ee22bb5ea0ad6"",""6749fe384f939aa01887482e""],""business"":[""674757f46435a67fa90508c1"",""6744b598ebdcef3dc9be9f5c"",""674757f46435a67fa90508bb"",""6749fb464f939aa01887402a"",""674757f36435a67fa90508a9"",""6746072eec495caac444f14a"",""67460730ec495caac444f180"",""6744b596ebdcef3dc9be9f1b"",""6746072eec495caac444f144"",""6748a9f0718ee22bb5ea0cf5""],""technology"":[""6746075eec495caac444f1a5"",""6746075dec495caac444f18d"",""6749fb8d4f939aa018874127"",""6748aa1c718ee22bb5ea0d9a"",""6746075eec495caac444f199"",""6749fb8c4f939aa018874109"",""674758196435a67fa905098e"",""6746075fec495caac444f1c3"",""6748aa1b718ee22bb5ea0d8e"",""6749fb8e4f939aa018874146""],""current affairs"":[""6749b4044f939aa0187fa09a"",""6749b3fa4f939aa0187f7b09"",""6749b4064f939aa0187fa71c"",""6749b3fe4f939aa0187f8b78"",""6749b3ff4f939aa0187f95cb"",""6749b3f94f939aa0187f77b6"",""6749b3ff4f939aa0187f92a7"",""6749b3fb4f939aa0187f8020"",""6749b3fc4f939aa0187f82a7"",""6749b4054f939aa0187fa1b5""]}",,"{""world"":13,""business"":11,""technology"":9,""current affairs"":56}",,"2024-11-25T11:34:26.264Z",89,false,"674460c2ebdcef3dc9b5c6fa",12
"65fe496b205cf6d5f81e91fb","67438cc9209bcb47ea985fe3","[""crime"",""lifestyle"",""food"",""current affairs""]","[""crime"",""lifestyle"",""food"",""current affairs""]","{""crime"":2,""lifestyle"":2,""food"":2,""current affairs"":2}",,"{""crime"":[""6744b707ebdcef3dc9bea451"",""6746095aec495caac444f6ac"",""6747597f6435a67fa9050d5f"",""6744b707ebdcef3dc9bea44b"",""6749fd614f939aa0188746ca"",""6746095bec495caac444f6be"",""6748ab27718ee22bb5ea1164"",""6744b706ebdcef3dc9bea436"",""6749fd604f939aa0188746b8"",""6747597e6435a67fa9050d53""],""lifestyle"":[""67460a40ec495caac444f914"",""6748ac9b718ee22bb5ea155d"",""6748ac9b718ee22bb5ea1557"",""6749fdd54f939aa0188747e3"",""6744b911ebdcef3dc9bea690"",""6749fdd44f939aa0188747d7"",""6744b913ebdcef3dc9bea6ba"",""6744b910ebdcef3dc9bea66c"",""6748ac9d718ee22bb5ea1587"",""67475a3b6435a67fa9051027""],""food"":[""6749fbc64f939aa01887424a"",""6749fbc54f939aa018874244"",""67475a1d6435a67fa9050fa7"",""67460a13ec495caac444f869"",""6744b8d9ebdcef3dc9bea61c"",""6744b8dbebdcef3dc9bea64c"",""6749fbc34f939aa018874214"",""67460a15ec495caac444f89f"",""6748ac73718ee22bb5ea1507"",""67475a1e6435a67fa9050fc9""],""current affairs"":[""6749b4044f939aa0187fa09a"",""6749b3fa4f939aa0187f7b09"",""6749b4074f939aa0187faafe"",""6749b3fb4f939aa0187f8020"",""6749b3f94f939aa0187f77b6"",""6749b4054f939aa0187fa1b5"",""6749b4064f939aa0187fa71c"",""6749b3fc4f939aa0187f802d"",""6749b4004f939aa0187f95e0"",""6749b4024f939aa0187f985b""]}",,"{""crime"":25,""lifestyle"":19,""food"":26,""current affairs"":82}",,"2024-11-25T14:40:11.188Z",152,false,"67448c4bebdcef3dc9b8e49e",12
"661d1b2215323b828c65ac04","67438cc9209bcb47ea985fe3","[""crime"",""education"",""environment"",""current affairs""]","[""crime"",""education"",""environment"",""current affairs""]","{""crime"":2,""education"":2,""environment"":2,""current affairs"":2}",,"{""crime"":[""6748ab26718ee22bb5ea1155"",""6748ab29718ee22bb5ea1195"",""6744b706ebdcef3dc9bea424"",""6747597e6435a67fa9050d53"",""6746095aec495caac444f6ac"",""6744b708ebdcef3dc9bea469"",""6749fd614f939aa0188746dc"",""67460958ec495caac444f676"",""6747597f6435a67fa9050d6b"",""674759806435a67fa9050d71""],""education"":[""674759a26435a67fa9050e13"",""6748ab93718ee22bb5ea130a"",""674759a36435a67fa9050e25"",""674759a36435a67fa9050e19"",""6749fcdc4f939aa01887459b"",""674759a16435a67fa9050de1"",""6748ab93718ee22bb5ea1304"",""6748ab94718ee22bb5ea131d"",""6748ab94718ee22bb5ea1329"",""674609b5ec495caac444f7b2""],""environment"":[""6748aaff718ee22bb5ea10f8"",""674759446435a67fa9050cd4"",""6744b6daebdcef3dc9bea357"",""67460928ec495caac444f5f0"",""6749fc604f939aa0188743ca"",""674759446435a67fa9050cc5"",""6748aafc718ee22bb5ea1092"",""674759436435a67fa9050cbd"",""674759426435a67fa9050c98"",""67460926ec495caac444f5ba""],""current affairs"":[""6749b3f94f939aa0187f79e5"",""6749b3fe4f939aa0187f8b78"",""6749b3fe4f939aa0187f8df1"",""6749b3ff4f939aa0187f95cb"",""6749b4024f939aa0187f985b"",""6749b3fa4f939aa0187f7b09"",""6749b4004f939aa0187f95e0"",""6749b3fb4f939aa0187f8020"",""6749b4054f939aa0187fa1b5"",""6749b3fd4f939aa0187f8920""]}",,"{""crime"":30,""education"":92,""environment"":31,""current affairs"":42}",,"2024-11-25T16:36:37.538Z",195,false,"6744a795ebdcef3dc9bbe32c",12
"6613f494ce72abb1ce9abddf","67438cc9209bcb47ea985fe3","[""sports"",""science"",""world"",""current affairs""]","[""sports""]","{""sports"":2,""science"":1}",,"{""sports"":[""6748aa4c718ee22bb5ea0e32"",""6746078bec495caac444f202"",""6744b63bebdcef3dc9bea12b"",""6748aa4d718ee22bb5ea0e50"",""6744b63cebdcef3dc9bea14c"",""6748aa4e718ee22bb5ea0e7b"",""6744b63cebdcef3dc9bea146"",""6744b63debdcef3dc9bea167"",""6749fd884f939aa018874726"",""6744b63bebdcef3dc9bea125""],""science"":[""674607fbec495caac444f354"",""6748aabd718ee22bb5ea0fe2"",""674758ae6435a67fa9050b6b"",""674758b06435a67fa9050ba1"",""6749fd344f939aa01887467a""]}",,"{""sports"":15,""science"":5}",,"2024-11-26T06:30:03.472Z",20,true,"67456aeb1aa40e11445f6f1c",3
"6613f4b6ce72abb1ce9abe5b","67438cc9209bcb47ea985fe3","[""environment"",""technology"",""world"",""current affairs""]","[]","{""environment"":1}",,"{""environment"":[""6744b6dbebdcef3dc9bea370"",""674759426435a67fa9050ca5"",""67460929ec495caac444f602"",""67460928ec495caac444f5f0"",""6749fc614f939aa0188743dd""]}",,"{""environment"":9}",,"2024-11-26T06:30:03.919Z",9,true,"67456aeb1aa40e11445f6f1f",1
"6613f495ce72abb1ce9abde6","67438cc9209bcb47ea985fe3","[""entertainment"",""world"",""health"",""current affairs""]","[]","{}",,"{}",,"{}",,"2024-11-26T06:30:04.357Z",0,true,"67456aec1aa40e11445f6f22",0
"6613f4abce72abb1ce9abe34","67438cc9209bcb47ea985fe3","[""technology"",""lifestyle"",""crime"",""current affairs""]","[""technology""]","{""technology"":2}",,"{""technology"":[""6749fb8e4f939aa01887414c"",""6746075eec495caac444f19f"",""674758196435a67fa905098e"",""674758176435a67fa9050969"",""6748aa1b718ee22bb5ea0d82"",""6744b602ebdcef3dc9bea06b"",""6746075eec495caac444f1a5"",""6744b600ebdcef3dc9bea02e"",""674758176435a67fa9050957"",""674758186435a67fa905097c""]}",,"{""technology"":20}",,"2024-11-26T06:30:04.794Z",20,true,"67456aec1aa40e11445f6f25",2
"6613f4b9ce72abb1ce9abe67","67438cc9209bcb47ea985fe3","[""food"",""science"",""technology"",""current affairs""]","[]","{""food"":1}",,"{""food"":[""67460a12ec495caac444f863"",""67475a1e6435a67fa9050fd1"",""67475a1c6435a67fa9050f95"",""67475a1d6435a67fa9050fc2"",""67475a1e6435a67fa9050fda""]}",,"{""food"":0}",,"2024-11-26T06:30:05.231Z",0,true,"67456aed1aa40e11445f6f28",1
"6613f4bdce72abb1ce9abe76","67438cc9209bcb47ea985fe3","[""tourism"",""environment"",""entertainment"",""current affairs""]","[]","{}",,"{}",,"{}",,"2024-11-26T06:30:05.668Z",0,true,"67456aed1aa40e11445f6f2b",0
"6613f49fce72abb1ce9abe0d","67438cc9209bcb47ea985fe3","[""food"",""tourism"",""science"",""current affairs""]","[]","{}",,"{}",,"{}",,"2024-11-26T06:30:06.105Z",0,true,"67456aee1aa40e11445f6f2e",0
"6613f4c3ce72abb1ce9abe8e","67438cc9209bcb47ea985fe3","[""food"",""crime"",""politics"",""current affairs""]","[]","{}",,"{}",,"{}",,"2024-11-26T06:30:06.542Z",0,true,"67456aee1aa40e11445f6f31",0
"6613f4b5ce72abb1ce9abe58","67438cc9209bcb47ea985fe3","[""education"",""food"",""health"",""current affairs""]","[]","{""education"":1}",,"{""education"":[""6748ab94718ee22bb5ea1323"",""6748ab94718ee22bb5ea1329"",""674609b3ec495caac444f783"",""6744b777ebdcef3dc9bea57d"",""674609b3ec495caac444f77b""]}",,"{""education"":3}",,"2024-11-26T06:30:06.980Z",3,true,"67456aee1aa40e11445f6f34",1
"6613f4d2ce72abb1ce9abecd","67438cc9209bcb47ea985fe3","[""politics"",""entertainment"",""education"",""current affairs""]","[]","{}",,"{}",,"{}",,"2024-11-26T06:30:07.636Z",0,true,"67456aef1aa40e11445f6f38",0
"6613f4d5ce72abb1ce9abed9","67438cc9209bcb47ea985fe3","[""business"",""health"",""sports"",""current affairs""]","[""business""]","{""business"":2}",,"{""business"":[""6744b598ebdcef3dc9be9f56"",""6749fb454f939aa01887400c"",""6744b595ebdcef3dc9be9f15"",""6748a9f1718ee22bb5ea0d19"",""6744b596ebdcef3dc9be9f2e"",""6748a9ef718ee22bb5ea0ce9"",""67460730ec495caac444f174"",""6749fb454f939aa01887401e"",""6746072fec495caac444f162"",""674757f76435a67fa9050907""]}",,"{""business"":2}",,"2024-11-26T06:30:08.073Z",2,true,"67456af01aa40e11445f6f3b",2
"6613f4a6ce72abb1ce9abe22","67438cc9209bcb47ea985fe3","[""sports"",""politics"",""environment"",""current affairs""]","[""sports""]","{""sports"":2}",,"{""sports"":[""6749fd894f939aa018874744"",""6746078cec495caac444f21a"",""6746078dec495caac444f232"",""6744b63aebdcef3dc9bea119"",""6747583f6435a67fa9050a2b"",""6748aa4d718ee22bb5ea0e69"",""6748aa4c718ee22bb5ea0e44"",""6744b63bebdcef3dc9bea125"",""6747583e6435a67fa9050a1f"",""6746078bec495caac444f1f0""]}",,"{""sports"":3}",,"2024-11-26T06:30:08.728Z",3,true,"67456af01aa40e11445f6f3f",2
"6613f496ce72abb1ce9abde9","67438cc9209bcb47ea985fe3","[""lifestyle"",""technology"",""entertainment"",""current affairs""]","[]","{}",,"{}",,"{}",,"2024-11-27T06:30:03.207Z",0,true,"6746bc6bec495caac45eae5f",0
"6613f49ece72abb1ce9abe0a","67438cc9209bcb47ea985fe3","[""sports"",""health"",""tourism"",""current affairs""]","[""sports""]","{""sports"":2}",,"{""sports"":[""6744b63debdcef3dc9bea167"",""6746078bec495caac444f208"",""6747583e6435a67fa9050a19"",""6746078bec495caac444f202"",""6747583d6435a67fa90509f8"",""6747583d6435a67fa90509f2"",""6747583d6435a67fa9050a05"",""6748aa4b718ee22bb5ea0e2c"",""6744b63cebdcef3dc9bea152"",""6746078cec495caac444f220""]}",,"{""sports"":0}",,"2024-11-27T06:30:03.647Z",0,true,"6746bc6bec495caac45eae62",2
"6613f497ce72abb1ce9abdec","67438cc9209bcb47ea985fe3","[""lifestyle"",""sports"",""entertainment"",""current affairs""]","[""lifestyle""]","{""lifestyle"":2}",,"{""lifestyle"":[""6749fdd34f939aa0188747ad"",""67460a40ec495caac444f91a"",""6748ac9c718ee22bb5ea1575"",""67475a3d6435a67fa905105c"",""6749fdd44f939aa0188747d1"",""67475a3c6435a67fa905102d"",""6744b912ebdcef3dc9bea69c"",""6744b912ebdcef3dc9bea696"",""6748ac9a718ee22bb5ea153f"",""6749fdd44f939aa0188747c5""]}",,"{""lifestyle"":6}",,"2024-11-27T06:30:04.091Z",6,true,"6746bc6cec495caac45eae65",2
"6613f4bece72abb1ce9abe79","67438cc9209bcb47ea985fe3","[""world"",""tourism"",""business"",""current affairs""]","[""world""]","{""world"":2}",,"{""world"":[""674757986435a67fa9050753"",""6744b4adebdcef3dc9be9c17"",""6748a91a718ee22bb5ea0aa6"",""6746065eec495caac444efc3"",""6748a91a718ee22bb5ea0aac"",""6744b4afebdcef3dc9be9c57"",""6746065cec495caac444ef7a"",""6748a91a718ee22bb5ea0ab2"",""6749fe364f939aa01887480a"",""6749fe394f939aa01887484c""]}",,"{""world"":19}",,"2024-11-27T06:30:04.526Z",19,true,"6746bc6cec495caac45eae68",2
"6613f4a3ce72abb1ce9abe19","67438cc9209bcb47ea985fe3","[""politics"",""health"",""sports"",""current affairs""]","[]","{""politics"":1}",,"{""politics"":[""6749fa444f939aa018873c42"",""6749fa434f939aa018873c26"",""6744b565ebdcef3dc9be9e2f"",""674757ba6435a67fa9050822"",""674606acec495caac444f08e""]}",,"{""politics"":20}",,"2024-11-27T06:30:05.186Z",20,true,"6746bc6dec495caac45eae6c",1
"6613f4aece72abb1ce9abe40","67438cc9209bcb47ea985fe3","[""business"",""sports"",""world"",""current affairs""]","[]","{}",,"{}",,"{}",,"2024-11-27T06:30:05.839Z",0,true,"6746bc6dec495caac45eae70",0
"6613f4a7ce72abb1ce9abe28","67438cc9209bcb47ea985fe3","[""world"",""health"",""tourism"",""current affairs""]","[]","{}",,"{}",,"{}",,"2024-11-27T06:30:06.277Z",0,true,"6746bc6eec495caac45eae73",0
"6613f49bce72abb1ce9abdfe","67438cc9209bcb47ea985fe3","[""technology"",""food"",""science"",""current affairs""]","[]","{""technology"":1}",,"{""technology"":[""674758166435a67fa905094a"",""6748aa1c718ee22bb5ea0d9a"",""6749fb8e4f939aa018874146"",""674758196435a67fa905099a"",""6744b601ebdcef3dc9bea058""]}",,"{""technology"":2}",,"2024-11-27T06:30:06.711Z",2,true,"6746bc6eec495caac45eae76",1
"6613f4b1ce72abb1ce9abe49","67438cc9209bcb47ea985fe3","[""sports"",""health"",""science"",""current affairs""]","[]","{""sports"":1}",,"{""sports"":[""6749fd874f939aa018874708"",""6746078cec495caac444f21a"",""6749fd894f939aa018874732"",""6746078bec495caac444f202"",""6746078cec495caac444f214""]}",,"{""sports"":7}",,"2024-11-27T06:30:07.146Z",7,true,"6746bc6fec495caac45eae79",1
"6613f4adce72abb1ce9abe3d","67438cc9209bcb47ea985fe3","[""crime"",""health"",""world"",""current affairs""]","[]","{""crime"":1}",,"{""crime"":[""6749fd614f939aa0188746dc"",""6748ab29718ee22bb5ea1195"",""6749fd624f939aa0188746f4"",""6749fd604f939aa0188746c4"",""6748ab2a718ee22bb5ea11bf""]}",,"{""crime"":13}",,"2024-11-27T06:30:07.581Z",13,true,"6746bc6fec495caac45eae7c",1
"6613f49cce72abb1ce9abe01","67438cc9209bcb47ea985fe3","[""health"",""crime"",""science"",""current affairs""]","[]","{""health"":1}",,"{""health"":[""674758916435a67fa9050b16"",""6749fc8d4f939aa0188744b4"",""6744b68debdcef3dc9bea23a"",""6748aa79718ee22bb5ea0f25"",""6749fc8e4f939aa0188744cd""]}",,"{""health"":7}",,"2024-11-27T06:30:08.016Z",7,true,"6746bc70ec495caac45eae7f",1
"6613f4a5ce72abb1ce9abe1f","67438cc9209bcb47ea985fe3","[""food"",""technology"",""science"",""current affairs""]","[""food""]","{""food"":2}",,"{""food"":[""67475a1b6435a67fa9050f78"",""6744b8dbebdcef3dc9bea65e"",""67460a13ec495caac444f881"",""6744b8dbebdcef3dc9bea64c"",""6744b8d9ebdcef3dc9bea61c"",""67460a15ec495caac444f8ab"",""6748ac73718ee22bb5ea1501"",""67460a15ec495caac444f8b7"",""6748ac75718ee22bb5ea152b"",""6744b8d9ebdcef3dc9bea622""]}",,"{""food"":2}",,"2024-11-27T06:30:08.451Z",2,true,"6746bc70ec495caac45eae82",2
"65f300509edbd593b5293db2","67438cc9209bcb47ea985fe3","[""politics"",""lifestyle"",""sports"",""current affairs""]","[""politics"",""lifestyle"",""sports"",""current affairs""]","{""current affairs"":2,""lifestyle"":2,""sports"":2,""politics"":2}",,"{""current affairs"":[""6749b4044f939aa0187fa09a"",""6749b3fc4f939aa0187f82a7"",""6749b4064f939aa0187fa71c"",""6749b3f94f939aa0187f79e5"",""6749b3fe4f939aa0187f8df1"",""6749b4004f939aa0187f95d5"",""6749b4044f939aa0187f9dd1"",""6749b4014f939aa0187f984c"",""6749b3f94f939aa0187f77b6"",""6749b3fb4f939aa0187f8020""],""lifestyle"":[""6748ac9a718ee22bb5ea154b"",""6748ac9c718ee22bb5ea1575"",""67475a3c6435a67fa905102d"",""6749fdd54f939aa0188747e3"",""6748ac9a718ee22bb5ea1545"",""67475a3c6435a67fa905103a"",""67460a3dec495caac444f8d8"",""6744b912ebdcef3dc9bea69c"",""67475a3b6435a67fa9051015"",""67475a3e6435a67fa9051072""],""sports"":[""6749fd884f939aa01887472c"",""6749fd874f939aa018874708"",""6744b63aebdcef3dc9bea113"",""6746078eec495caac444f23e"",""6746078bec495caac444f1f6"",""6748aa4c718ee22bb5ea0e38"",""6748aa4e718ee22bb5ea0e75"",""6748aa4e718ee22bb5ea0e6f"",""6749fd874f939aa018874714"",""6744b63bebdcef3dc9bea131""],""politics"":[""6749fa444f939aa018873c50"",""674757b96435a67fa90507fd"",""674757ba6435a67fa9050822"",""674606abec495caac444f07c"",""6744b567ebdcef3dc9be9e60"",""6748a9bb718ee22bb5ea0c16"",""6744b566ebdcef3dc9be9e54"",""6744b568ebdcef3dc9be9e6d"",""6744b567ebdcef3dc9be9e67"",""674757b86435a67fa90507f0""]}",,"{""current affairs"":49,""lifestyle"":19,""sports"":19,""politics"":33}",,"2024-11-27T14:13:33.835Z",120,false,"6747290d6435a67fa9ff2399",12
"667d9d31ede918c194e96af9","67438cc9209bcb47ea985fe3","[""health"",""food"",""entertainment"",""current affairs""]","[""food"",""health"",""current affairs"",""entertainment""]","{""food"":2,""health"":2,""current affairs"":2,""entertainment"":2}",,"{""food"":[""6744b8d9ebdcef3dc9bea628"",""6749fbc64f939aa01887425d"",""6744b8daebdcef3dc9bea634"",""6748ac74718ee22bb5ea1519"",""67475a1d6435a67fa9050fb6"",""67475a1b6435a67fa9050f7e"",""67475a1d6435a67fa9050fae"",""6748ac74718ee22bb5ea1513"",""6744b8dbebdcef3dc9bea65e"",""6748ac75718ee22bb5ea152b""],""health"":[""6747588f6435a67fa9050ae6"",""6744b68cebdcef3dc9bea21c"",""6748aa78718ee22bb5ea0ef5"",""674607c8ec495caac444f2c5"",""674758906435a67fa9050afe"",""6749fc8c4f939aa0188744a8"",""6748aa78718ee22bb5ea0f01"",""6747588e6435a67fa9050abf"",""6744b68febdcef3dc9bea27e"",""6748aa77718ee22bb5ea0eef""],""current affairs"":[""6749b4034f939aa0187f9dc5"",""6749b3fb4f939aa0187f8020"",""6749b4024f939aa0187f985b"",""6749b4064f939aa0187fa71c"",""6749b3fc4f939aa0187f802d"",""6749b3fa4f939aa0187f79f1"",""6749b3fe4f939aa0187f8df1"",""6749b3fc4f939aa0187f82a7"",""6749b3ff4f939aa0187f92a7"",""6749b3fd4f939aa0187f86ad""],""entertainment"":[""6748ac4f718ee22bb5ea14c4"",""6748ac46718ee22bb5ea1488"",""6748ac46718ee22bb5ea147c"",""674609e9ec495caac444f813"",""6749fb104f939aa018873f49"",""6749fb0f4f939aa018873f22"",""674609ebec495caac444f849"",""6749fb104f939aa018873f41"",""6749fb0f4f939aa018873f28"",""674759dd6435a67fa9050eb1""]}",,"{""food"":10,""health"":24,""current affairs"":94,""entertainment"":4}",,"2024-11-27T16:40:49.167Z",132,false,"67474b916435a67fa9023fab",12
"6613f4ccce72abb1ce9abeb5","67438cc9209bcb47ea985fe3","[""world"",""environment"",""politics"",""current affairs""]","[]","{""world"":1}",,"{""world"":[""6746065cec495caac444ef74"",""674757986435a67fa9050753"",""6744b4aeebdcef3dc9be9c3a"",""6748a91b718ee22bb5ea0ad0"",""6749fe384f939aa018874840""]}",,"{""world"":6}",,"2024-11-28T06:30:03.634Z",6,true,"67480deb6435a67fa91ef574",1
"6613f4a6ce72abb1ce9abe25","67438cc9209bcb47ea985fe3","[""tourism"",""business"",""world"",""current affairs""]","[]","{""tourism"":1}",,"{""tourism"":[""67460a94ec495caac444f970"",""6749fdb04f939aa018874782"",""67475a7b6435a67fa905112c"",""6748acdc718ee22bb5ea15e3"",""6749fdb04f939aa01887477c""]}",,"{""tourism"":0}",,"2024-11-28T06:30:04.086Z",0,true,"67480dec6435a67fa91ef577",1
"6613f4a1ce72abb1ce9abe13","67438cc9209bcb47ea985fe3","[""health"",""tourism"",""world"",""current affairs""]","[""health""]","{""health"":2}",,"{""health"":[""674607c6ec495caac444f293"",""6748aa79718ee22bb5ea0f13"",""6744b68febdcef3dc9bea26c"",""674607c9ec495caac444f2e3"",""674607c7ec495caac444f2a5"",""6749fc8c4f939aa0188744a8"",""6747588e6435a67fa9050ace"",""6744b68eebdcef3dc9bea260"",""674607c8ec495caac444f2bf"",""6748aa78718ee22bb5ea0f07""]}",,"{""health"":41}",,"2024-11-28T06:30:04.534Z",41,true,"67480dec6435a67fa91ef57a",2
"6613f4cece72abb1ce9abebe","67438cc9209bcb47ea985fe3","[""entertainment"",""sports"",""politics"",""current affairs""]","[]","{}",,"{}",,"{}",,"2024-11-28T06:30:06.100Z",0,true,"67480dee6435a67fa91ef582",0
"6613f4b8ce72abb1ce9abe61","67438cc9209bcb47ea985fe3","[""tourism"",""health"",""sports"",""current affairs""]","[]","{""tourism"":1}",,"{""tourism"":[""67460a94ec495caac444f97c"",""67460a91ec495caac444f92e"",""6744b9afebdcef3dc9bea70b"",""67460a92ec495caac444f940"",""67475a796435a67fa90510ea""]}",,"{""tourism"":0}",,"2024-11-28T06:30:06.549Z",0,true,"67480dee6435a67fa91ef585",1
"6613f4a0ce72abb1ce9abe10","67438cc9209bcb47ea985fe3","[""world"",""sports"",""lifestyle"",""current affairs""]","[]","{""world"":1}",,"{""world"":[""6747579a6435a67fa905078a"",""6748a91a718ee22bb5ea0ab8"",""6744b4adebdcef3dc9be9c28"",""6744b4aeebdcef3dc9be9c48"",""6749fe384f939aa01887482e""]}",,"{""world"":3}",,"2024-11-28T06:30:06.996Z",3,true,"67480dee6435a67fa91ef588",1
"6613f495ce72abb1ce9abde3","67438cc9209bcb47ea985fe3","[""sports"",""entertainment"",""education"",""current affairs""]","[]","{""sports"":1}",,"{""sports"":[""6744b63cebdcef3dc9bea158"",""6744b63aebdcef3dc9bea113"",""6749fd874f939aa018874708"",""6749fd8a4f939aa01887474a"",""6749fd874f939aa01887470e""]}",,"{""sports"":0}",,"2024-11-28T06:30:07.892Z",0,true,"67480def6435a67fa91ef58d",1
"653548118a2815874166fa66","67438cc9209bcb47ea985fe3","[""world"",""sports"",""entertainment"",""current affairs""]","[""world""]","{""world"":2,""sports"":1,""entertainment"":1,""current affairs"":1}",,"{""world"":[""6748a91a718ee22bb5ea0aa6"",""6749fe374f939aa018874828"",""6748a91b718ee22bb5ea0aca"",""6748a91a718ee22bb5ea0ab8"",""6744b4adebdcef3dc9be9c28"",""6748a91b718ee22bb5ea0ad0"",""6744b4aeebdcef3dc9be9c3a"",""6749fe374f939aa01887481c"",""6747579a6435a67fa905077e"",""674757986435a67fa905074d""],""sports"":[""6749fd8a4f939aa01887474a"",""6744b639ebdcef3dc9bea107"",""6748aa4c718ee22bb5ea0e3e"",""6744b63cebdcef3dc9bea146"",""6746078bec495caac444f1f6""],""entertainment"":[""6748ac4e718ee22bb5ea14b2"",""6748ac4f718ee22bb5ea14ca"",""674759df6435a67fa9050edc"",""674609eaec495caac444f81f"",""6749fb104f939aa018873f3a""],""current affairs"":[""6749b4004f939aa0187f95e0"",""6749b3f94f939aa0187f79e5"",""6749b4034f939aa0187f9dc5"",""6749b4054f939aa0187fa1b5"",""6749b4024f939aa0187f985b""]}",,"{""world"":13,""sports"":32,""entertainment"":13,""current affairs"":20}",,"2024-11-29T04:46:03.097Z",78,false,"6749470b718ee22bb503e802",6
"6613f4cbce72abb1ce9abeb2","67438cc9209bcb47ea985fe3","[""science"",""environment"",""lifestyle"",""current affairs""]","[]","{""science"":1}",,"{""science"":[""674607fcec495caac444f366"",""674607fcec495caac444f372"",""6744b6a8ebdcef3dc9bea2a4"",""674758b06435a67fa9050b8f"",""674607fcec495caac444f378""]}",,"{""science"":10}",,"2024-11-29T06:30:02.755Z",10,true,"67495f6a4f939aa018760caf",1
"6613f49ace72abb1ce9abdf8","67438cc9209bcb47ea985fe3","[""tourism"",""health"",""world"",""current affairs""]","[]","{}",,"{}",,"{}",,"2024-11-29T06:30:03.640Z",0,true,"67495f6b4f939aa018760cb4",0
"6613f4b1ce72abb1ce9abe4c","67438cc9209bcb47ea985fe3","[""world"",""politics"",""crime"",""current affairs""]","[]","{""world"":1}",,"{""world"":[""6746065dec495caac444ef92"",""6744b4afebdcef3dc9be9c64"",""6746065eec495caac444efc3"",""6744b4adebdcef3dc9be9c0f"",""6747579a6435a67fa905078a""]}",,"{""world"":0}",,"2024-11-29T06:30:04.292Z",0,true,"67495f6c4f939aa018760cb8",1
"6613f4b4ce72abb1ce9abe55","67438cc9209bcb47ea985fe3","[""world"",""sports"",""entertainment"",""current affairs""]","[""world""]","{""world"":2}",,"{""world"":[""674757976435a67fa9050741"",""6744b4aeebdcef3dc9be9c3a"",""674757976435a67fa9050735"",""6749fe374f939aa018874816"",""6746065eec495caac444efb1"",""6749fe384f939aa018874834"",""674757986435a67fa9050759"",""6746065dec495caac444ef98"",""6748a91a718ee22bb5ea0ab8"",""674757986435a67fa905075f""]}",,"{""world"":9}",,"2024-11-29T06:30:04.727Z",9,true,"67495f6c4f939aa018760cbb",2
"6613f4c8ce72abb1ce9abea3","67438cc9209bcb47ea985fe3","[""world"",""sports"",""science"",""current affairs""]","[]","{""world"":1}",,"{""world"":[""6749fe374f939aa018874822"",""674757976435a67fa9050747"",""6749fe384f939aa018874840"",""6746065cec495caac444ef80"",""6749fe374f939aa018874828""]}",,"{""world"":25}",,"2024-11-29T06:30:05.165Z",25,true,"67495f6d4f939aa018760cbe",1
"6613f4c3ce72abb1ce9abe91","67438cc9209bcb47ea985fe3","[""politics"",""entertainment"",""business"",""current affairs""]","[]","{}",,"{}",,"{}",,"2024-11-29T06:30:06.469Z",0,true,"67495f6e4f939aa018760cc5",0
"673ff536038d0080790a95be","674cc7491f7a0ce6674c0834","[""entertainment"",""business"",""health"",""current affairs""]","[""entertainment"",""business"",""health"",""current affairs""]","{""entertainment"":2,""business"":2,""health"":2,""current affairs"":2}",,"{""entertainment"":[""674f41fb4ee59fc986da0858"",""6753395c9b12e14fac75eb56"",""67509528fd06c1a6eea7e1e9"",""6753395b9b12e14fac75eb50"",""674def8f1f7a0ce667740791"",""674f41fb4ee59fc986da085e"",""6753395c9b12e14fac75eb62"",""674f41fd4ee59fc986da089b"",""67509529fd06c1a6eea7e201"",""6753395d9b12e14fac75eb7a""],""business"":[""6751e42603f9aa2f15f818b5"",""6750929dfd06c1a6eea7dadc"",""674f43914ee59fc986da1f90"",""674f43924ee59fc986da1f96"",""6751e42703f9aa2f15f81923"",""674df1791f7a0ce667741205"",""6753354a9b12e14fac75e41b"",""675335499b12e14fac75e415"",""674f43924ee59fc986da1fa2"",""675335499b12e14fac75e40e""],""health"":[""675337749b12e14fac75e88d"",""674f41644ee59fc986d9fe4c"",""675093e8fd06c1a6eea7de9e"",""675093e7fd06c1a6eea7de98"",""675093e9fd06c1a6eea7dec8"",""674df0f61f7a0ce6677410bd"",""6751e4bd03f9aa2f15f8209c"",""674f41654ee59fc986d9fe66"",""674df0f81f7a0ce6677410e1"",""675337759b12e14fac75e89f""],""current affairs"":[""6752f26c9b12e14fac6d2765"",""6752f2649b12e14fac6d26e2"",""6752f26c9b12e14fac6d2770"",""6752f2689b12e14fac6d2725"",""6752f2669b12e14fac6d270c"",""6752f2699b12e14fac6d273e"",""6752f2659b12e14fac6d26f3"",""6752f2619b12e14fac6d26b8"",""6752f2679b12e14fac6d2714"",""6752f2659b12e14fac6d26fb""]}",,"{""entertainment"":39,""business"":45,""health"":17,""current affairs"":45}",,"2024-12-01T20:53:04.216Z",146,false,"674cccb01f7a0ce6674ef2e9",12
"6613f49bce72abb1ce9abdfb","674cc7491f7a0ce6674c0834","[""technology"",""education"",""environment"",""current affairs""]","[""technology""]","{""technology"":2,""education"":1}",,"{""technology"":[""674df0781f7a0ce667740d67"",""6750933afd06c1a6eea7dc8d"",""674f44d24ee59fc986da219d"",""674f44d24ee59fc986da21a9"",""67509339fd06c1a6eea7dc67"",""6751e45303f9aa2f15f81af6"",""6750933afd06c1a6eea7dc95"",""674f44d34ee59fc986da21cd"",""674f44d34ee59fc986da21c1"",""6750933bfd06c1a6eea7dca1""],""education"":[""674f40df4ee59fc986d9f19b"",""675339039b12e14fac75eaff"",""674f40e04ee59fc986d9f1b9"",""675339049b12e14fac75eb11"",""674df0c51f7a0ce667740f42""]}",,"{""technology"":7,""education"":3}",,"2024-12-02T06:30:03.274Z",10,true,"674d53eb1f7a0ce66763104a",3
"6613f4a5ce72abb1ce9abe1f","674cc7491f7a0ce6674c0834","[""education"",""entertainment"",""lifestyle"",""current affairs""]","[]","{}",,"{}",,"{}",,"2024-12-02T06:30:03.723Z",0,true,"674d53eb1f7a0ce66763104d",0
"6613f4b0ce72abb1ce9abe46","674cc7491f7a0ce6674c0834","[""science"",""crime"",""food"",""current affairs""]","[""science""]","{""science"":2}",,"{""science"":[""674f43604ee59fc986da1f24"",""6751e4ef03f9aa2f15f82322"",""674df1fd1f7a0ce667741460"",""674df1fa1f7a0ce667741418"",""675338089b12e14fac75e9d2"",""674f435f4ee59fc986da1eee"",""6751e4ed03f9aa2f15f822db"",""674f43614ee59fc986da1f36"",""6751e4ec03f9aa2f15f822bd"",""674f435e4ee59fc986da1ed5""]}",,"{""science"":21}",,"2024-12-02T06:30:04.173Z",21,true,"674d53ec1f7a0ce667631050",2
"6613f4a4ce72abb1ce9abe1c","674cc7491f7a0ce6674c0834","[""tourism"",""education"",""health"",""current affairs""]","[""tourism""]","{""tourism"":2}",,"{""tourism"":[""675339f59b12e14fac75ec81"",""675339f39b12e14fac75ec3f"",""6751e7b103f9aa2f15f834c4"",""67509686fd06c1a6eea7e28c"",""674f43304ee59fc986da1e43"",""675339f49b12e14fac75ec69"",""674defe71f7a0ce6677408fa"",""675339f49b12e14fac75ec5d"",""6751e7b203f9aa2f15f834d6"",""6751e7b003f9aa2f15f8349a""]}",,"{""tourism"":7}",,"2024-12-02T06:30:04.617Z",7,true,"674d53ec1f7a0ce667631053",2
"6613f4b7ce72abb1ce9abe5e","674cc7491f7a0ce6674c0834","[""health"",""lifestyle"",""tourism"",""current affairs""]","[]","{}",,"{}",,"{}",,"2024-12-02T06:30:05.078Z",0,true,"674d53ed1f7a0ce667631056",0
"6613f4b6ce72abb1ce9abe5b","674cc7491f7a0ce6674c0834","[""tourism"",""food"",""entertainment"",""current affairs""]","[""tourism""]","{""tourism"":2}",,"{""tourism"":[""674f43324ee59fc986da1e7f"",""6751e7b203f9aa2f15f834d6"",""67509687fd06c1a6eea7e2a4"",""6751e7b103f9aa2f15f834be"",""674f43314ee59fc986da1e50"",""674defe91f7a0ce66774092a"",""674f43304ee59fc986da1e31"",""674f43334ee59fc986da1e85"",""675339f69b12e14fac75ec8d"",""67509685fd06c1a6eea7e26e""]}",,"{""tourism"":0}",,"2024-12-02T06:30:05.522Z",0,true,"674d53ed1f7a0ce667631059",2
"6613f4b2ce72abb1ce9abe4f","674cc7491f7a0ce6674c0834","[""crime"",""health"",""technology"",""current affairs""]","[]","{}",,"{}",,"{}",,"2024-12-02T06:30:05.966Z",0,true,"674d53ed1f7a0ce66763105c",0
"6613f4aace72abb1ce9abe31","674cc7491f7a0ce6674c0834","[""sports"",""environment"",""world"",""current affairs""]","[]","{}",,"{}",,"{}",,"2024-12-02T06:30:06.416Z",0,true,"674d53ee1f7a0ce66763105f",0
"6613f495ce72abb1ce9abde6","674cc7491f7a0ce6674c0834","[""sports"",""business"",""crime"",""current affairs""]","[]","{""sports"":1}",,"{""sports"":[""6751e47e03f9aa2f15f81d52"",""674f40804ee59fc986d9ed1c"",""67509392fd06c1a6eea7dda8"",""6751e48003f9aa2f15f81d76"",""67509390fd06c1a6eea7dd84""]}",,"{""sports"":34}",,"2024-12-02T06:30:06.859Z",34,true,"674d53ee1f7a0ce667631062",1
"6613f4b1ce72abb1ce9abe49","674cc7491f7a0ce6674c0834","[""technology"",""education"",""sports"",""current affairs""]","[""technology""]","{""technology"":2}",,"{""technology"":[""6751e45303f9aa2f15f81b0f"",""6751e45403f9aa2f15f81b21"",""674df0781f7a0ce667740d61"",""6751e45303f9aa2f15f81afc"",""6751e45203f9aa2f15f81ae9"",""674f44d34ee59fc986da21bb"",""674df0781f7a0ce667740d5b"",""674df0791f7a0ce667740d7b"",""674f44d44ee59fc986da21d9"",""6750933bfd06c1a6eea7dca7""]}",,"{""technology"":0}",,"2024-12-02T06:30:07.307Z",0,true,"674d53ef1f7a0ce667631065",2
"6613f4bcce72abb1ce9abe73","674cc7491f7a0ce6674c0834","[""entertainment"",""politics"",""health"",""current affairs""]","[]","{""entertainment"":1}",,"{""entertainment"":[""674def8f1f7a0ce667740791"",""67509526fd06c1a6eea7e1bf"",""6751e6b903f9aa2f15f83232"",""6753395b9b12e14fac75eb50"",""674def8d1f7a0ce66774075b""]}",,"{""entertainment"":17}",,"2024-12-02T06:30:07.757Z",17,true,"674d53ef1f7a0ce667631068",1
"6613f4acce72abb1ce9abe3a","674cc7491f7a0ce6674c0834","[""crime"",""education"",""tourism"",""current affairs""]","[""crime""]","{""crime"":2}",,"{""crime"":[""675338839b12e14fac75ea9c"",""6751e61f03f9aa2f15f830ee"",""67509473fd06c1a6eea7e0fe"",""674df1b31f7a0ce6677412e5"",""674df1b31f7a0ce6677412df"",""674f45314ee59fc986da21ee"",""674df1b21f7a0ce6677412cc"",""67509470fd06c1a6eea7e0b6"",""674df1b21f7a0ce6677412c6"",""675338859b12e14fac75eac0""]}",,"{""crime"":30}",,"2024-12-02T06:30:08.246Z",30,true,"674d53f01f7a0ce66763106b",2
"6613f4c0ce72abb1ce9abe82","674cc7491f7a0ce6674c0834","[""environment"",""entertainment"",""lifestyle"",""current affairs""]","[]","{""environment"":1}",,"{""environment"":[""674deef91f7a0ce667740589"",""674f44294ee59fc986da20ea"",""674deef81f7a0ce66774055e"",""674f442a4ee59fc986da211a"",""675338529b12e14fac75ea2e""]}",,"{""environment"":20}",,"2024-12-02T06:30:08.690Z",20,true,"674d53f01f7a0ce66763106e",1
"6613f4bbce72abb1ce9abe6d","674cc7491f7a0ce6674c0834","[""sports"",""environment"",""food"",""current affairs""]","[]","{""sports"":1}",,"{""sports"":[""674deecc1f7a0ce6677404dd"",""674f40814ee59fc986d9ed40"",""6751e47f03f9aa2f15f81d70"",""675336d19b12e14fac75e74b"",""67509392fd06c1a6eea7ddae""]}",,"{""sports"":31}",,"2024-12-02T06:30:09.133Z",31,true,"674d53f11f7a0ce667631071",1
"661d1b2215323b828c65ac04","674cc7491f7a0ce6674c0834","[""science"",""environment"",""health"",""current affairs""]","[""science"",""environment"",""health"",""current affairs""]","{""science"":2,""environment"":2,""health"":2,""current affairs"":2}",,"{""science"":[""675338079b12e14fac75e9ba"",""674df1fc1f7a0ce66774143c"",""674df1fa1f7a0ce667741406"",""67509418fd06c1a6eea7df65"",""6751e4ee03f9aa2f15f8230d"",""67509419fd06c1a6eea7df71"",""674df1fa1f7a0ce66774140c"",""675338099b12e14fac75e9f6"",""674df1fc1f7a0ce667741448"",""674f43604ee59fc986da1f24""],""environment"":[""675338529b12e14fac75ea2e"",""674deef91f7a0ce667740583"",""6751e5b503f9aa2f15f82df5"",""674deef71f7a0ce667740550"",""674f442a4ee59fc986da211a"",""675338529b12e14fac75ea28"",""6750943efd06c1a6eea7dfeb"",""6751e5b403f9aa2f15f82dd9"",""674f44294ee59fc986da20ea"",""6751e5b503f9aa2f15f82dee""],""health"":[""675093e9fd06c1a6eea7dece"",""674f41634ee59fc986d9fe3a"",""674f41614ee59fc986d9fe09"",""674df0f51f7a0ce667741099"",""675093e9fd06c1a6eea7dec8"",""6751e4bc03f9aa2f15f82096"",""675093e8fd06c1a6eea7de9e"",""674df0f61f7a0ce6677410ab"",""6751e4bd03f9aa2f15f820b4"",""6751e4bc03f9aa2f15f8208a""],""current affairs"":[""6752f2679b12e14fac6d2714"",""6752f2629b12e14fac6d26c0"",""6752f2659b12e14fac6d26f3"",""6752f26b9b12e14fac6d275b"",""6752f26a9b12e14fac6d2746"",""6752f2619b12e14fac6d26b0"",""6752f2689b12e14fac6d272d"",""6752f26c9b12e14fac6d2765"",""6752f26d9b12e14fac6d277b"",""6752f2649b12e14fac6d26ea""]}",,"{""science"":18,""environment"":23,""health"":21,""current affairs"":71}",,"2024-12-02T16:46:22.803Z",133,false,"674de45e1f7a0ce667714cbb",12
"6613f4d3ce72abb1ce9abed3","674cc7491f7a0ce6674c0834","[""world"",""health"",""politics"",""current affairs""]","[""world""]","{""world"":2}",,"{""world"":[""674f43f64ee59fc986da2089"",""674defbe1f7a0ce667740871"",""67509236fd06c1a6eea7d96f"",""67509235fd06c1a6eea7d94a"",""674defbd1f7a0ce66774084b"",""675334ec9b12e14fac75e233"",""675334ee9b12e14fac75e272"",""675334ee9b12e14fac75e278"",""675334ec9b12e14fac75e21e"",""67509236fd06c1a6eea7d95c""]}",,"{""world"":23}",,"2024-12-03T06:30:03.364Z",23,true,"674ea56b4ee59fc986c7ee22",2
"6613f4d0ce72abb1ce9abec4","674cc7491f7a0ce6674c0834","[""world"",""technology"",""health"",""current affairs""]","[]","{}",,"{}",,"{}",,"2024-12-03T06:30:03.816Z",0,true,"674ea56b4ee59fc986c7ee25",0
"6613f4dece72abb1ce9abefd","674cc7491f7a0ce6674c0834","[""tourism"",""world"",""crime"",""current affairs""]","[]","{""tourism"":1}",,"{""tourism"":[""675339f59b12e14fac75ec75"",""674defe81f7a0ce667740924"",""674defe91f7a0ce66774093d"",""675339f39b12e14fac75ec3f"",""67509686fd06c1a6eea7e286""]}",,"{""tourism"":3}",,"2024-12-03T06:30:04.267Z",3,true,"674ea56c4ee59fc986c7ee28",1
"6613f498ce72abb1ce9abdef","674cc7491f7a0ce6674c0834","[""food"",""entertainment"",""crime"",""current affairs""]","[]","{}",,"{}",,"{}",,"2024-12-03T06:30:04.711Z",0,true,"674ea56c4ee59fc986c7ee2b",0
"6613f4d3ce72abb1ce9abed0","674cc7491f7a0ce6674c0834","[""lifestyle"",""politics"",""crime"",""current affairs""]","[]","{""lifestyle"":1}",,"{""lifestyle"":[""675339dc9b12e14fac75ec38"",""6751e72403f9aa2f15f833a8"",""675339da9b12e14fac75ebf6"",""675339d99b12e14fac75ebe4"",""674df2661f7a0ce667741603""]}",,"{""lifestyle"":0}",,"2024-12-03T06:30:05.162Z",0,true,"674ea56d4ee59fc986c7ee2e",1
"6613f4dcce72abb1ce9abef4","674cc7491f7a0ce6674c0834","[""tourism"",""food"",""sports"",""current affairs""]","[]","{""tourism"":1}",,"{""tourism"":[""6751e7b003f9aa2f15f8349a"",""674defe81f7a0ce667740924"",""67509687fd06c1a6eea7e2a4"",""675339f69b12e14fac75ec99"",""674defe61f7a0ce6677408e7""]}",,"{""tourism"":3}",,"2024-12-03T06:30:05.606Z",3,true,"674ea56d4ee59fc986c7ee31",1
"6613f4ccce72abb1ce9abeb5","674cc7491f7a0ce6674c0834","[""politics"",""entertainment"",""business"",""current affairs""]","[]","{}",,"{}",,"{}",,"2024-12-03T06:30:06.049Z",0,true,"674ea56e4ee59fc986c7ee34",0
"6613f4dcce72abb1ce9abef7","674cc7491f7a0ce6674c0834","[""politics"",""crime"",""food"",""current affairs""]","[]","{}",,"{}",,"{}",,"2024-12-03T06:30:06.493Z",0,true,"674ea56e4ee59fc986c7ee37",0
"6613f4c9ce72abb1ce9abea9","674cc7491f7a0ce6674c0834","[""health"",""tourism"",""crime"",""current affairs""]","[""health""]","{""health"":2}",,"{""health"":[""674df0f61f7a0ce6677410ab"",""674f41644ee59fc986d9fe58"",""674df0f71f7a0ce6677410d5"",""674df0f81f7a0ce6677410db"",""675093e8fd06c1a6eea7de9e"",""6751e4bd03f9aa2f15f820b4"",""675093eafd06c1a6eea7dee6"",""675093e9fd06c1a6eea7debf"",""675093e8fd06c1a6eea7deaa"",""675337759b12e14fac75e8ab""]}",,"{""health"":3}",,"2024-12-03T06:30:06.938Z",3,true,"674ea56e4ee59fc986c7ee3a",2
"6613f4ddce72abb1ce9abefa","674cc7491f7a0ce6674c0834","[""crime"",""entertainment"",""world"",""current affairs""]","[]","{}",,"{}",,"{}",,"2024-12-03T06:30:07.383Z",0,true,"674ea56f4ee59fc986c7ee3d",0
"6613f4cbce72abb1ce9abeb2","674cc7491f7a0ce6674c0834","[""sports"",""technology"",""crime"",""current affairs""]","[]","{""sports"":1}",,"{""sports"":[""674f407f4ee59fc986d9ed0a"",""674f407f4ee59fc986d9ed01"",""67509391fd06c1a6eea7dd90"",""674deecb1f7a0ce6677404ad"",""674f40804ee59fc986d9ed22""]}",,"{""sports"":2}",,"2024-12-03T06:30:07.827Z",2,true,"674ea56f4ee59fc986c7ee40",1
"6613f4cbce72abb1ce9abeaf","674cc7491f7a0ce6674c0834","[""world"",""business"",""politics"",""current affairs""]","[]","{}",,"{}",,"{}",,"2024-12-03T06:30:08.271Z",0,true,"674ea5704ee59fc986c7ee43",0
"6613f4aece72abb1ce9abe40","674cc7491f7a0ce6674c0834","[""world"",""food"",""health"",""current affairs""]","[""world""]","{""world"":2}",,"{""world"":[""675334ee9b12e14fac75e26b"",""674defbc1f7a0ce667740833"",""675334ee9b12e14fac75e272"",""67509236fd06c1a6eea7d95c"",""6751e34903f9aa2f15f81190"",""674defbd1f7a0ce667740851"",""674defbe1f7a0ce667740865"",""67509237fd06c1a6eea7d981"",""674defbd1f7a0ce667740857"",""67509238fd06c1a6eea7d999""]}",,"{""world"":0}",,"2024-12-03T06:30:08.718Z",0,true,"674ea5704ee59fc986c7ee46",2
"6613f49bce72abb1ce9abdfe","674cc7491f7a0ce6674c0834","[""sports"",""education"",""health"",""current affairs""]","[]","{""sports"":1}",,"{""sports"":[""6751e47f03f9aa2f15f81d5e"",""674deecc1f7a0ce6677404d1"",""67509391fd06c1a6eea7dd90"",""6751e47f03f9aa2f15f81d70"",""67509392fd06c1a6eea7dda8""]}",,"{""sports"":29}",,"2024-12-03T06:30:09.163Z",29,true,"674ea5714ee59fc986c7ee49",1
"667d9d31ede918c194e96af9","674cc7491f7a0ce6674c0834","[""health"",""food"",""entertainment"",""current affairs""]","[""food"",""health"",""entertainment"",""current affairs""]","{""food"":2,""health"":2,""entertainment"":2,""current affairs"":2}",,"{""food"":[""6750955bfd06c1a6eea7e22d"",""674def3c1f7a0ce667740674"",""674f43064ee59fc986da1bb0"",""674def3a1f7a0ce66774064a"",""6753397f9b12e14fac75ebb7"",""6751e6f703f9aa2f15f832f2"",""6751e6f903f9aa2f15f8333b"",""6753397d9b12e14fac75eb99"",""6753397d9b12e14fac75eb81"",""6753397f9b12e14fac75ebc3""],""health"":[""674df0f61f7a0ce6677410b7"",""675093e9fd06c1a6eea7dec8"",""6751e4bd03f9aa2f15f8209c"",""674f41624ee59fc986d9fe15"",""675093eafd06c1a6eea7dee0"",""675337749b12e14fac75e893"",""675093e9fd06c1a6eea7debf"",""675093e8fd06c1a6eea7de9e"",""6751e4bb03f9aa2f15f8207e"",""675337759b12e14fac75e89f""],""entertainment"":[""6753395d9b12e14fac75eb6e"",""674def8d1f7a0ce667740761"",""6753395b9b12e14fac75eb3e"",""67509527fd06c1a6eea7e1d1"",""67509529fd06c1a6eea7e201"",""6751e6ba03f9aa2f15f83250"",""6751e6ba03f9aa2f15f8324a"",""6751e6b903f9aa2f15f83238"",""674f41fc4ee59fc986da087d"",""674def8e1f7a0ce66774078b""],""current affairs"":[""6752f2689b12e14fac6d2725"",""6752f2699b12e14fac6d2735"",""6752f2629b12e14fac6d26c9"",""6752f2679b12e14fac6d2714"",""6752f2669b12e14fac6d270c"",""6752f2639b12e14fac6d26d1"",""6752f26d9b12e14fac6d277b"",""6752f2639b12e14fac6d26d9"",""6752f2659b12e14fac6d26f3"",""6752f2619b12e14fac6d26b0""]}",,"{""food"":50,""health"":10,""entertainment"":47,""current affairs"":24}",,"2024-12-03T13:21:44.296Z",131,false,"674f05e84ee59fc986d36e1f",12
"65b1ebbc90ba2e3794e9696d","674cc7491f7a0ce6674c0834","[""technology"",""health"",""science"",""current affairs""]","[""current affairs"",""science"",""health"",""technology""]","{""current affairs"":2,""technology"":2,""science"":2,""health"":2}",,"{""current affairs"":[""6752f2669b12e14fac6d270c"",""6752f2689b12e14fac6d2725"",""6752f2699b12e14fac6d2735"",""6752f2639b12e14fac6d26d9"",""6752f2649b12e14fac6d26e2"",""6752f2619b12e14fac6d26b8"",""6752f26a9b12e14fac6d2746"",""6752f2679b12e14fac6d2714"",""6752f2629b12e14fac6d26c0"",""6752f26d9b12e14fac6d277b""],""technology"":[""6751e45203f9aa2f15f81ae3"",""674f44d44ee59fc986da21d9"",""6750933bfd06c1a6eea7dca1"",""6750933bfd06c1a6eea7dc9b"",""6751e45203f9aa2f15f81ad6"",""6751e45403f9aa2f15f81b21"",""6750933afd06c1a6eea7dc85"",""6750933afd06c1a6eea7dc8d"",""674f44d24ee59fc986da219d"",""674df0761f7a0ce667740d30""],""science"":[""675338089b12e14fac75e9d2"",""6753380a9b12e14fac75ea02"",""6751e4ef03f9aa2f15f8231b"",""67509417fd06c1a6eea7df47"",""674df1fc1f7a0ce667741442"",""674df1fb1f7a0ce66774142a"",""674f435e4ee59fc986da1edb"",""674f435f4ee59fc986da1efa"",""675338089b12e14fac75e9cc"",""674df1fb1f7a0ce667741430""],""health"":[""674df0f61f7a0ce6677410b1"",""675337769b12e14fac75e8bd"",""675093e8fd06c1a6eea7deb1"",""674df0f71f7a0ce6677410cf"",""6751e4bd03f9aa2f15f820b4"",""674f41644ee59fc986d9fe52"",""6751e4bd03f9aa2f15f820a2"",""675093eafd06c1a6eea7deda"",""674f41614ee59fc986d9fe03"",""674f41624ee59fc986d9fe28""]}",,"{""current affairs"":21,""technology"":37,""science"":29,""health"":87}",,"2024-12-03T16:15:25.354Z",174,false,"674f2e9d4ee59fc986d68abd",12
"674e7cdd1f7a0ce6678bd1f1","674cc7491f7a0ce6674c0834","[""lifestyle"",""politics"",""education"",""current affairs""]","[]","{}",,"{}",,"{}",,"2024-12-04T02:23:23.344Z",0,true,"674fbd1b4ee59fc986ef8abc",0
"6613f4d1ce72abb1ce9abec7","674cc7491f7a0ce6674c0834","[""lifestyle"",""technology"",""education"",""current affairs""]","[]","{""lifestyle"":1}",,"{""lifestyle"":[""674f44594ee59fc986da2164"",""675339da9b12e14fac75ebfc"",""674df2661f7a0ce667741653"",""6751e72303f9aa2f15f83385"",""675339dc9b12e14fac75ec32""]}",,"{""lifestyle"":0}",,"2024-12-04T06:30:03.560Z",0,true,"674ff6eb4ee59fc986f5519a",1
"6613f4d9ce72abb1ce9abee8","674cc7491f7a0ce6674c0834","[""science"",""crime"",""world"",""current affairs""]","[]","{}",,"{}",,"{}",,"2024-12-04T06:30:04.005Z",0,true,"674ff6ec4ee59fc986f5519d",0
"6613f49ece72abb1ce9abe0a","674cc7491f7a0ce6674c0834","[""politics"",""tourism"",""business"",""current affairs""]","[""politics""]","{""politics"":2}",,"{""politics"":[""67509269fd06c1a6eea7da37"",""674f41d74ee59fc986da064e"",""67509268fd06c1a6eea7da1f"",""6751e3b403f9aa2f15f813f2"",""674df1231f7a0ce66774111a"",""674df1241f7a0ce66774113f"",""67509267fd06c1a6eea7da00"",""674df1221f7a0ce667741102"",""675335179b12e14fac75e352"",""674f41d94ee59fc986da067e""]}",,"{""politics"":0}",,"2024-12-04T06:30:04.448Z",0,true,"674ff6ec4ee59fc986f551a0",2
"6613f4a2ce72abb1ce9abe16","674cc7491f7a0ce6674c0834","[""tourism"",""world"",""environment"",""current affairs""]","[]","{""tourism"":1}",,"{""tourism"":[""674f43304ee59fc986da1e3d"",""67509687fd06c1a6eea7e2a4"",""674f43324ee59fc986da1e68"",""674defe81f7a0ce66774091e"",""6751e7b203f9aa2f15f834dc""]}",,"{""tourism"":9}",,"2024-12-04T06:30:04.890Z",9,true,"674ff6ec4ee59fc986f551a3",1
"6613f4c0ce72abb1ce9abe85","674cc7491f7a0ce6674c0834","[""crime"",""technology"",""lifestyle"",""current affairs""]","[]","{}",,"{}",,"{}",,"2024-12-04T06:30:05.334Z",0,true,"674ff6ed4ee59fc986f551a6",0
"6613f4d5ce72abb1ce9abed9","674cc7491f7a0ce6674c0834","[""education"",""health"",""entertainment"",""current affairs""]","[]","{""education"":1}",,"{""education"":[""675094cffd06c1a6eea7e157"",""6751e63e03f9aa2f15f8315b"",""674f40e04ee59fc986d9f1cb"",""674df0c71f7a0ce667740f6c"",""675339029b12e14fac75eadb""]}",,"{""education"":0}",,"2024-12-04T06:30:05.776Z",0,true,"674ff6ed4ee59fc986f551a9",1
"6613f4cdce72abb1ce9abeb8","674cc7491f7a0ce6674c0834","[""science"",""technology"",""sports"",""current affairs""]","[]","{""science"":1}",,"{""science"":[""67509417fd06c1a6eea7df53"",""674f435f4ee59fc986da1ee8"",""674df1fc1f7a0ce667741448"",""674df1fd1f7a0ce667741454"",""675338089b12e14fac75e9d8""]}",,"{""science"":29}",,"2024-12-04T06:30:06.218Z",29,true,"674ff6ee4ee59fc986f551ac",1
"6613f4b3ce72abb1ce9abe52","674cc7491f7a0ce6674c0834","[""science"",""sports"",""environment"",""current affairs""]","[]","{""science"":1}",,"{""science"":[""674f43614ee59fc986da1f2a"",""675338089b12e14fac75e9c6"",""675338079b12e14fac75e9ae"",""6751e4ed03f9aa2f15f822d5"",""6751e4ec03f9aa2f15f822cf""]}",,"{""science"":2}",,"2024-12-04T06:30:06.661Z",2,true,"674ff6ee4ee59fc986f551af",1
"6613f495ce72abb1ce9abde3","674cc7491f7a0ce6674c0834","[""business"",""technology"",""entertainment"",""current affairs""]","[]","{""business"":1}",,"{""business"":[""6751e42703f9aa2f15f81915"",""675335499b12e14fac75e415"",""674df1781f7a0ce6677411f9"",""6750929efd06c1a6eea7dafa"",""6753354c9b12e14fac75e452""]}",,"{""business"":8}",,"2024-12-04T06:30:07.325Z",8,true,"674ff6ef4ee59fc986f551b3",1
"6613f4a3ce72abb1ce9abe19","674cc7491f7a0ce6674c0834","[""politics"",""crime"",""lifestyle"",""current affairs""]","[]","{}",,"{}",,"{}",,"2024-12-04T06:30:07.769Z",0,true,"674ff6ef4ee59fc986f551b6",0
"6613f4a6ce72abb1ce9abe25","674cc7491f7a0ce6674c0834","[""sports"",""tourism"",""food"",""current affairs""]","[""sports""]","{""sports"":2}",,"{""sports"":[""675336cf9b12e14fac75e721"",""674deecd1f7a0ce6677404ef"",""6751e47f03f9aa2f15f81d5e"",""67509391fd06c1a6eea7dda2"",""674deecb1f7a0ce6677404b9"",""675336d19b12e14fac75e752"",""67509392fd06c1a6eea7ddba"",""67509391fd06c1a6eea7dd96"",""6751e47f03f9aa2f15f81d70"",""674f407f4ee59fc986d9ecf9""]}",,"{""sports"":0}",,"2024-12-04T06:30:08.211Z",0,true,"674ff6f04ee59fc986f551b9",2
"6613f4e0ce72abb1ce9abf06","674cc7491f7a0ce6674c0834","[""education"",""world"",""crime"",""current affairs""]","[]","{""education"":1}",,"{""education"":[""675339029b12e14fac75eae1"",""674f40e04ee59fc986d9f1b9"",""674f40e14ee59fc986d9f1d7"",""675094d0fd06c1a6eea7e169"",""674f40df4ee59fc986d9f1b3""]}",,"{""education"":21}",,"2024-12-04T06:30:08.654Z",21,true,"674ff6f04ee59fc986f551bc",1
"6613f4dfce72abb1ce9abf03","674cc7491f7a0ce6674c0834","[""business"",""politics"",""education"",""current affairs""]","[]","{""business"":1}",,"{""business"":[""6753354b9b12e14fac75e439"",""674f43934ee59fc986da1fae"",""674df1761f7a0ce6677411b9"",""674f43924ee59fc986da1f9c"",""6751e42903f9aa2f15f81942""]}",,"{""business"":10}",,"2024-12-04T06:30:09.098Z",10,true,"674ff6f14ee59fc986f551bf",1
"6613f4bfce72abb1ce9abe7f","674cc7491f7a0ce6674c0834","[""food"",""health"",""business"",""current affairs""]","[]","{""food"":1}",,"{""food"":[""674f43064ee59fc986da1bbc"",""6753397f9b12e14fac75ebc3"",""6750955dfd06c1a6eea7e257"",""674def3b1f7a0ce667740662"",""674def3a1f7a0ce667740631""]}",,"{""food"":7}",,"2024-12-05T06:30:03.439Z",7,true,"6751486bfd06c1a6eec334c1",1
"6613f4dbce72abb1ce9abef1","674cc7491f7a0ce6674c0834","[""world"",""sports"",""entertainment"",""current affairs""]","[""world""]","{""world"":2}",,"{""world"":[""675334eb9b12e14fac75e216"",""6751e34703f9aa2f15f81172"",""674f43f84ee59fc986da20b9"",""675334ec9b12e14fac75e225"",""6751e34903f9aa2f15f8119c"",""674f43f64ee59fc986da2077"",""674f43f64ee59fc986da207d"",""674defbe1f7a0ce667740865"",""6751e34903f9aa2f15f81196"",""675334ec9b12e14fac75e233""]}",,"{""world"":14}",,"2024-12-05T06:30:04.111Z",14,true,"6751486cfd06c1a6eec334c5",2
"6613f4d6ce72abb1ce9abedc","674cc7491f7a0ce6674c0834","[""business"",""science"",""lifestyle"",""current affairs""]","[]","{""business"":1}",,"{""business"":[""6751e42603f9aa2f15f818c3"",""675092a0fd06c1a6eea7db2b"",""674df1791f7a0ce667741205"",""6751e42603f9aa2f15f818b5"",""6751e42803f9aa2f15f8193c""]}",,"{""business"":0}",,"2024-12-05T06:30:04.555Z",0,true,"6751486cfd06c1a6eec334c8",1
"6613f4b8ce72abb1ce9abe61","674cc7491f7a0ce6674c0834","[""business"",""sports"",""science"",""current affairs""]","[]","{}",,"{}",,"{}",,"2024-12-05T06:30:05.219Z",0,true,"6751486dfd06c1a6eec334cc",0
"6613f4cfce72abb1ce9abec1","674cc7491f7a0ce6674c0834","[""food"",""environment"",""crime"",""current affairs""]","[]","{""food"":1}",,"{""food"":[""6750955afd06c1a6eea7e20f"",""674def3c1f7a0ce66774066e"",""6750955afd06c1a6eea7e215"",""6751e6f803f9aa2f15f83310"",""6753397e9b12e14fac75eb9f""]}",,"{""food"":0}",,"2024-12-05T06:30:06.327Z",0,true,"6751486efd06c1a6eec334d2",1
"6613f4c5ce72abb1ce9abe97","674cc7491f7a0ce6674c0834","[""entertainment"",""technology"",""environment"",""current affairs""]","[]","{""entertainment"":1}",,"{""entertainment"":[""6753395c9b12e14fac75eb56"",""6751e6bb03f9aa2f15f8325c"",""674def8f1f7a0ce6677407ac"",""67509526fd06c1a6eea7e1c5"",""674f41fb4ee59fc986da0858""]}",,"{""entertainment"":2}",,"2024-12-05T06:30:06.992Z",2,true,"6751486efd06c1a6eec334d6",1
"6613f4c1ce72abb1ce9abe88","674cc7491f7a0ce6674c0834","[""crime"",""food"",""health"",""current affairs""]","[""crime""]","{""crime"":2}",,"{""crime"":[""674df1b11f7a0ce6677412b4"",""675338849b12e14fac75eaba"",""67509470fd06c1a6eea7e0b6"",""674df1b11f7a0ce6677412ae"",""675338829b12e14fac75ea7e"",""674df1b01f7a0ce66774128e"",""674df1b31f7a0ce6677412d9"",""67509471fd06c1a6eea7e0c8"",""675338859b12e14fac75eac6"",""675338849b12e14fac75eaae""]}",,"{""crime"":3}",,"2024-12-05T06:30:07.435Z",3,true,"6751486ffd06c1a6eec334d9",2
"65fe496b205cf6d5f81e91fb","674cc7491f7a0ce6674c0834","[""food"",""lifestyle"",""health"",""current affairs""]","[""food"",""lifestyle"",""health"",""current affairs""]","{""food"":2,""lifestyle"":2,""health"":2,""current affairs"":2}",,"{""food"":[""6753397f9b12e14fac75ebc9"",""6751e6f703f9aa2f15f832fe"",""674f43064ee59fc986da1ba4"",""674f43064ee59fc986da1bb0"",""6751e6f903f9aa2f15f8333b"",""674def3b1f7a0ce66774065c"",""674def3a1f7a0ce667740644"",""6750955dfd06c1a6eea7e251"",""6753397e9b12e14fac75ebab"",""6751e6f803f9aa2f15f83310""],""lifestyle"":[""675339db9b12e14fac75ec14"",""674df2671f7a0ce66774166b"",""674f44584ee59fc986da215e"",""674f44594ee59fc986da216a"",""674df2671f7a0ce667741678"",""674f44594ee59fc986da2164"",""674df2651f7a0ce6677415e0"",""6751e72503f9aa2f15f833ba"",""674df2631f7a0ce6677415bc"",""6751e72303f9aa2f15f8337f""],""health"":[""675093e8fd06c1a6eea7de9e"",""674f41644ee59fc986d9fe5f"",""674df0f71f7a0ce6677410c3"",""674df0f81f7a0ce6677410e1"",""674df0f81f7a0ce6677410e7"",""675093e8fd06c1a6eea7deaa"",""674f41634ee59fc986d9fe46"",""674df0f61f7a0ce6677410ab"",""6751e4bc03f9aa2f15f8208a"",""674f41634ee59fc986d9fe34""],""current affairs"":[""6752f2629b12e14fac6d26c0"",""6752f26d9b12e14fac6d277b"",""6752f2649b12e14fac6d26ea"",""6752f26b9b12e14fac6d275b"",""6752f2679b12e14fac6d271c"",""6752f2639b12e14fac6d26d9"",""6752f2659b12e14fac6d26f3"",""6752f2699b12e14fac6d2735"",""6752f2639b12e14fac6d26d1"",""6752f2669b12e14fac6d270c""]}",,"{""food"":18,""lifestyle"":33,""health"":81,""current affairs"":27}",,"2024-12-05T08:45:20.964Z",159,false,"67516820fd06c1a6eec61fce",12
"65f300509edbd593b5293db2","674cc7491f7a0ce6674c0834","[""politics"",""lifestyle"",""entertainment"",""current affairs""]","[""entertainment"",""current affairs"",""lifestyle"",""politics""]","{""politics"":2,""lifestyle"":2,""entertainment"":2,""current affairs"":2}",,"{""politics"":[""675335199b12e14fac75e388"",""674f41d74ee59fc986da0641"",""674df1231f7a0ce66774111a"",""6751e3b403f9aa2f15f813e6"",""67509268fd06c1a6eea7da31"",""6751e3b103f9aa2f15f8139b"",""674df1241f7a0ce667741146"",""674f41da4ee59fc986da068a"",""675335199b12e14fac75e382"",""674f41da4ee59fc986da0690""],""lifestyle"":[""674f44594ee59fc986da2176"",""675339da9b12e14fac75ebfc"",""675339db9b12e14fac75ec08"",""674df2671f7a0ce66774166b"",""6751e72403f9aa2f15f83399"",""674f44594ee59fc986da2164"",""675339db9b12e14fac75ec14"",""674f44574ee59fc986da212e"",""674f44584ee59fc986da2152"",""6751e72303f9aa2f15f8338b""],""entertainment"":[""67509527fd06c1a6eea7e1cb"",""6753395b9b12e14fac75eb50"",""67509528fd06c1a6eea7e1ef"",""6753395a9b12e14fac75eb32"",""67509528fd06c1a6eea7e1f5"",""67509528fd06c1a6eea7e1e9"",""674def8d1f7a0ce667740767"",""6753395c9b12e14fac75eb62"",""6751e6b903f9aa2f15f83232"",""674f41fb4ee59fc986da0858""],""current affairs"":[""6752f2629b12e14fac6d26c9"",""6752f2689b12e14fac6d272d"",""6752f2649b12e14fac6d26e2"",""6752f2699b12e14fac6d2735"",""6752f2679b12e14fac6d2714"",""6752f2639b12e14fac6d26d9"",""6752f26b9b12e14fac6d2750"",""6752f2629b12e14fac6d26c0"",""6752f2689b12e14fac6d2725"",""6752f26d9b12e14fac6d277b""]}",,"{""politics"":38,""lifestyle"":39,""entertainment"":14,""current affairs"":17}",,"2024-12-05T16:55:40.484Z",108,false,"6751db0c03f9aa2f15f59a1f",12
"6613f4afce72abb1ce9abe43","674cc7491f7a0ce6674c0834","[""health"",""sports"",""technology"",""current affairs""]","[]","{}",,"{}",,"{}",,"2024-12-06T06:30:04.116Z",0,true,"675299ec03f9aa2f151ce205",0
"6613f497ce72abb1ce9abdec","674cc7491f7a0ce6674c0834","[""crime"",""tourism"",""food"",""current affairs""]","[""crime""]","{""crime"":2}",,"{""crime"":[""675338829b12e14fac75ea78"",""674f45324ee59fc986da2206"",""675338829b12e14fac75ea6c"",""674df1b01f7a0ce66774128e"",""674df1b41f7a0ce6677412f1"",""674df1b21f7a0ce6677412c0"",""675338849b12e14fac75eab4"",""67509472fd06c1a6eea7e0e6"",""6751e61f03f9aa2f15f830e2"",""67509470fd06c1a6eea7e0aa""]}",,"{""crime"":20}",,"2024-12-06T06:30:04.565Z",20,true,"675299ec03f9aa2f151ce22b",2
"6613f4a0ce72abb1ce9abe10","674cc7491f7a0ce6674c0834","[""business"",""entertainment"",""technology"",""current affairs""]","[""business""]","{""business"":2,""entertainment"":1}",,"{""business"":[""674f43944ee59fc986da1fee"",""6751e42903f9aa2f15f8194e"",""674df1781f7a0ce6677411e9"",""674f43954ee59fc986da1ff4"",""675335499b12e14fac75e415"",""674df1781f7a0ce6677411e3"",""675092a0fd06c1a6eea7db2b"",""6750929ffd06c1a6eea7db19"",""6751e42803f9aa2f15f81930"",""674df1781f7a0ce6677411dd""],""entertainment"":[""6753395b9b12e14fac75eb4a"",""674f41fd4ee59fc986da08a2"",""6753395c9b12e14fac75eb5c"",""6751e6bb03f9aa2f15f83262"",""674f41fc4ee59fc986da0883""]}",,"{""business"":3,""entertainment"":12}",,"2024-12-06T06:30:05.008Z",15,true,"675299ed03f9aa2f151ce254",3
"6613f49dce72abb1ce9abe04","674cc7491f7a0ce6674c0834","[""sports"",""politics"",""science"",""current affairs""]","[]","{""sports"":1}",,"{""sports"":[""674deecc1f7a0ce6677404dd"",""675336d19b12e14fac75e74b"",""675336d09b12e14fac75e73f"",""6750938ffd06c1a6eea7dd67"",""6751e48003f9aa2f15f81d76""]}",,"{""sports"":6}",,"2024-12-06T06:30:05.895Z",6,true,"675299ed03f9aa2f151ce2a4",1
"6613f4b1ce72abb1ce9abe4c","674cc7491f7a0ce6674c0834","[""tourism"",""technology"",""environment"",""current affairs""]","[]","{}",,"{}",,"{}",,"2024-12-06T06:30:06.561Z",0,true,"675299ee03f9aa2f151ce2cb",0
"661d1c43d3779bd18c70c9aa","674cc7491f7a0ce6674c0834","[""world"",""politics"",""business"",""current affairs""]","[""world"",""politics"",""business""]","{""world"":2,""politics"":2,""business"":2,""current affairs"":1}",,"{""world"":[""675334ed9b12e14fac75e248"",""674defbd1f7a0ce667740857"",""675334ec9b12e14fac75e233"",""6751e34903f9aa2f15f81196"",""675334ec9b12e14fac75e21e"",""674f43f84ee59fc986da20b9"",""674defbe1f7a0ce66774086b"",""6751e34703f9aa2f15f81172"",""67509235fd06c1a6eea7d94a"",""675334ed9b12e14fac75e256""],""politics"":[""6751e3b403f9aa2f15f813e6"",""674df1241f7a0ce667741138"",""67509268fd06c1a6eea7da1f"",""675335179b12e14fac75e33f"",""67509269fd06c1a6eea7da43"",""674f41da4ee59fc986da0696"",""675335179b12e14fac75e352"",""674df1231f7a0ce66774112c"",""67509267fd06c1a6eea7da13"",""675335189b12e14fac75e36a""],""business"":[""6751e42803f9aa2f15f81936"",""674f43944ee59fc986da1fd6"",""675335499b12e14fac75e415"",""675335499b12e14fac75e40e"",""674df1791f7a0ce6677411ff"",""675335499b12e14fac75e402"",""6751e42803f9aa2f15f8192a"",""675335499b12e14fac75e408"",""6750929ffd06c1a6eea7db19"",""674df1761f7a0ce6677411b9""],""current affairs"":[""6752f2649b12e14fac6d26ea"",""6752f2679b12e14fac6d271c"",""6752f2669b12e14fac6d2703"",""6752f2619b12e14fac6d26b8"",""6752f2659b12e14fac6d26fb""]}",,"{""world"":19,""politics"":39,""business"":60,""current affairs"":73}",,"2024-12-06T14:31:28.815Z",191,false,"67530ac09b12e14fac6e58b1",10
"661d1c43d3779bd18c70c9aa","675601c84b5708e8cab90442","[""world"",""politics"",""business"",""current affairs""]","[]","{}",,"{}",,"{}",,"2024-12-09T04:19:50.320Z",0,true,"67566fe64b5708e8cad31687",0
"661d1b2215323b828c65ac04","675601c84b5708e8cab90442","[""science"",""environment"",""crime"",""current affairs""]","[]","{}",,"{}",,"{}",,"2024-12-09T04:21:29.967Z",0,true,"675670494b5708e8cad33bd8",0
"6613f4acce72abb1ce9abe37","675601c84b5708e8cab90442","[""tourism"",""environment"",""world"",""current affairs""]","[]","{""tourism"":1}",,"{""tourism"":[""6759cf183eb800fe6a005400"",""675c73d475bdfb2efcbb9fa2"",""6759cf193eb800fe6a00540c"",""67572cb6a08124bfdf36aca3"",""67587dec3eb800fe6ac23211""]}",,"{""tourism"":7}",,"2024-12-09T06:30:03.669Z",7,true,"67568e6b4b5708e8cad82d6b",1
"6613f4c8ce72abb1ce9abea3","675601c84b5708e8cab90442","[""sports"",""education"",""food"",""current affairs""]","[]","{""sports"":1}",,"{""sports"":[""67587bd23eb800fe6ac22cd3"",""67587bd03eb800fe6ac22c9d"",""6759cd883eb800fe6a004f11"",""67587bcf3eb800fe6ac22c97"",""67572a5da08124bfdf36a578""]}",,"{""sports"":5}",,"2024-12-09T06:30:04.125Z",5,true,"67568e6c4b5708e8cad82d91",1
"6613f498ce72abb1ce9abdf2","675601c84b5708e8cab90442","[""sports"",""entertainment"",""crime"",""current affairs""]","[""sports""]","{""sports"":2,""entertainment"":1}",,"{""sports"":[""67587bcf3eb800fe6ac22c8b"",""67587bcf3eb800fe6ac22c97"",""67587bd23eb800fe6ac22ccd"",""6759cd873eb800fe6a004f05"",""6759cd893eb800fe6a004f37"",""675c6fff75bdfb2efcbb97dc"",""67572a5ca08124bfdf36a56c"",""6759cd8a3eb800fe6a004f62"",""6759cd883eb800fe6a004f1d"",""67572a5da08124bfdf36a584""],""entertainment"":[""675c72c075bdfb2efcbb9df0"",""675c72c075bdfb2efcbb9dfc"",""6759cd533eb800fe6a004e86"",""67587cfe3eb800fe6ac22f8a"",""6759cd553eb800fe6a004eb6""]}",,"{""sports"":16,""entertainment"":9}",,"2024-12-09T06:30:04.574Z",25,true,"67568e6c4b5708e8cad82db9",3
"6613f498ce72abb1ce9abdef","675601c84b5708e8cab90442","[""politics"",""crime"",""health"",""current affairs""]","[""politics""]","{""politics"":2,""crime"":1}",,"{""politics"":[""675729e7a08124bfdf36a433"",""675c6f8e75bdfb2efcbb95f6"",""675729e7a08124bfdf36a42d"",""675729e6a08124bfdf36a40f"",""67587b193eb800fe6ac22ba1"",""67587b193eb800fe6ac22bb3"",""67587b163eb800fe6ac22b5f"",""67587b173eb800fe6ac22b6b"",""675729e6a08124bfdf36a415"",""6759d2733eb800fe6a005543""],""crime"":[""67587c8c3eb800fe6ac22e84"",""67572b66a08124bfdf36a86b"",""6759d2a73eb800fe6a0055b1"",""67587c8a3eb800fe6ac22e48"",""67572b68a08124bfdf36a896""]}",,"{""politics"":2,""crime"":8}",,"2024-12-09T06:30:05.022Z",10,true,"67568e6d4b5708e8cad82de3",3
"6613f4d1ce72abb1ce9abec7","675601c84b5708e8cab90442","[""sports"",""health"",""environment"",""current affairs""]","[""sports"",""health""]","{""sports"":2,""health"":2}",,"{""sports"":[""6759cd883eb800fe6a004f0b"",""675c700175bdfb2efcbb980c"",""67587bd23eb800fe6ac22cd3"",""67587bd23eb800fe6ac22ccd"",""67572a5ea08124bfdf36a5a3"",""6759cd8b3eb800fe6a004f68"",""67572a5da08124bfdf36a584"",""6759cd883eb800fe6a004f17"",""6759cd893eb800fe6a004f30"",""67572a5fa08124bfdf36a5c6""],""health"":[""675c705875bdfb2efcbb98cb"",""67572ae7a08124bfdf36a735"",""67587bf43eb800fe6ac22d22"",""67572ae8a08124bfdf36a753"",""675c705675bdfb2efcbb98a1"",""67572ae6a08124bfdf36a729"",""6759cea53eb800fe6a005249"",""675c705875bdfb2efcbb98d1"",""6759cea83eb800fe6a005291"",""675c705975bdfb2efcbb98e9""]}",,"{""sports"":0,""health"":10}",,"2024-12-09T06:30:05.476Z",10,true,"67568e6d4b5708e8cad82e0c",4
"6613f4c3ce72abb1ce9abe91","675601c84b5708e8cab90442","[""education"",""environment"",""entertainment"",""current affairs""]","[]","{}",,"{}",,"{}",,"2024-12-09T06:30:05.922Z",0,true,"67568e6d4b5708e8cad82e33",0
"6613f4abce72abb1ce9abe34","675601c84b5708e8cab90442","[""lifestyle"",""tourism"",""science"",""current affairs""]","[]","{""lifestyle"":1}",,"{""lifestyle"":[""6759cedc3eb800fe6a005368"",""67587d923eb800fe6ac230e9"",""675c739775bdfb2efcbb9f46"",""67572c93a08124bfdf36ac3b"",""67587d923eb800fe6ac230ef""]}",,"{""lifestyle"":2}",,"2024-12-09T06:30:06.373Z",2,true,"67568e6e4b5708e8cad82e5e",1
"6613f4c3ce72abb1ce9abe8e","675601c84b5708e8cab90442","[""lifestyle"",""tourism"",""sports"",""current affairs""]","[""lifestyle""]","{""lifestyle"":2}",,"{""lifestyle"":[""67587d8f3eb800fe6ac230a0"",""67587d913eb800fe6ac230c5"",""67587d933eb800fe6ac230f5"",""67572c94a08124bfdf36ac50"",""6759ceda3eb800fe6a005338"",""6759ceda3eb800fe6a00533e"",""67572c93a08124bfdf36ac42"",""675c739975bdfb2efcbb9f76"",""675c739875bdfb2efcbb9f6a"",""6759ceda3eb800fe6a00532c""]}",,"{""lifestyle"":27}",,"2024-12-09T06:30:06.815Z",27,true,"67568e6e4b5708e8cad82e86",2
"6613f4c4ce72abb1ce9abe94","675601c84b5708e8cab90442","[""lifestyle"",""tourism"",""business"",""current affairs""]","[]","{}",,"{}",,"{}",,"2024-12-09T06:30:07.261Z",0,true,"67568e6f4b5708e8cad82eb1",0
"6613f4adce72abb1ce9abe3d","675601c84b5708e8cab90442","[""food"",""entertainment"",""sports"",""current affairs""]","[]","{}",,"{}",,"{}",,"2024-12-09T06:30:07.704Z",0,true,"67568e6f4b5708e8cad82ed7",0
"6613f495ce72abb1ce9abde6","675601c84b5708e8cab90442","[""entertainment"",""sports"",""business"",""current affairs""]","[]","{}",,"{}",,"{}",,"2024-12-09T06:30:08.154Z",0,true,"67568e704b5708e8cad82f00",0
"6613f4cace72abb1ce9abeac","675601c84b5708e8cab90442","[""business"",""sports"",""politics"",""current affairs""]","[""business""]","{""business"":2}",,"{""business"":[""67587b383eb800fe6ac22bba"",""67587b393eb800fe6ac22bc0"",""67572a0ea08124bfdf36a495"",""67572a0ca08124bfdf36a459"",""67587b3a3eb800fe6ac22bea"",""67572a0ba08124bfdf36a447"",""675c6fb775bdfb2efcbb96a0"",""675c6fb975bdfb2efcbb96cc"",""6759cdcb3eb800fe6a005006"",""67587b3b3eb800fe6ac22c02""]}",,"{""business"":20}",,"2024-12-09T06:30:08.596Z",20,true,"67568e704b5708e8cad82f26",2
"6613f49dce72abb1ce9abe07","675601c84b5708e8cab90442","[""tourism"",""science"",""crime"",""current affairs""]","[""tourism""]","{""tourism"":2}",,"{""tourism"":[""67587dec3eb800fe6ac23217"",""67587dec3eb800fe6ac23223"",""6759cf183eb800fe6a005406"",""6759cf163eb800fe6a0053bb"",""6759cf193eb800fe6a005412"",""67572cb8a08124bfdf36acdf"",""67587deb3eb800fe6ac231ff"",""6759cf163eb800fe6a0053cd"",""675c73d675bdfb2efcbb9fde"",""67587dea3eb800fe6ac231db""]}",,"{""tourism"":2}",,"2024-12-09T06:30:09.041Z",2,true,"67568e714b5708e8cad82f4e",2
"6613f4cfce72abb1ce9abec1","675601c84b5708e8cab90442","[""crime"",""education"",""politics"",""current affairs""]","[""crime""]","{""crime"":2}",,"{""crime"":[""675c71ba75bdfb2efcbb9b99"",""67587c8c3eb800fe6ac22e84"",""675c71bc75bdfb2efcbb9bbd"",""67587c8c3eb800fe6ac22e6c"",""6759d2a83eb800fe6a0055bd"",""67587c8c3eb800fe6ac22e72"",""6759d2a93eb800fe6a0055e1"",""6759d2a73eb800fe6a0055b7"",""6759d2a83eb800fe6a0055cf"",""67572b66a08124bfdf36a878""]}",,"{""crime"":6}",,"2024-12-09T06:30:09.491Z",6,true,"67568e714b5708e8cad82f77",2
"65fe496b205cf6d5f81e91fb","675601c84b5708e8cab90442","[""health"",""food"",""lifestyle"",""current affairs""]","[""health"",""food"",""lifestyle"",""current affairs""]","{""health"":2,""food"":2,""lifestyle"":2,""current affairs"":2}",,"{""health"":[""675c705875bdfb2efcbb98dd"",""675c705775bdfb2efcbb98b3"",""675c705675bdfb2efcbb98a1"",""6759cea73eb800fe6a00528b"",""6759cea83eb800fe6a00529d"",""67587bf43eb800fe6ac22d28"",""67572ae5a08124bfdf36a705"",""675c705775bdfb2efcbb98c5"",""67587bf43eb800fe6ac22d1c"",""67572ae6a08124bfdf36a729""],""food"":[""6759ce053eb800fe6a00512a"",""67572c73a08124bfdf36abd9"",""67587d3b3eb800fe6ac22fff"",""67587d3a3eb800fe6ac22fdb"",""675c733375bdfb2efcbb9f37"",""675c733275bdfb2efcbb9f0d"",""67587d3a3eb800fe6ac22fed"",""675c733175bdfb2efcbb9f01"",""67587d3c3eb800fe6ac2301d"",""67587d3b3eb800fe6ac22ff3""],""lifestyle"":[""6759cedb3eb800fe6a005350"",""67572c94a08124bfdf36ac4a"",""6759cedb3eb800fe6a005344"",""6759cedb3eb800fe6a005356"",""67587d923eb800fe6ac230ef"",""675c739975bdfb2efcbb9f76"",""6759cedc3eb800fe6a00536e"",""67572c94a08124bfdf36ac5c"",""67572c93a08124bfdf36ac3b"",""675c739875bdfb2efcbb9f6a""],""current affairs"":[""675c2fb8f114fa52aee7212d"",""675c2fc2f114fa52aee721fb"",""675c2fbaf114fa52aee72145"",""675c2fbcf114fa52aee72157"",""675c2fc1f114fa52aee721f4"",""675c2fb7f114fa52aee7211b"",""675c2fc0f114fa52aee721e8"",""675c2fbff114fa52aee721dc"",""675c2fb7f114fa52aee72121"",""675c2fb9f114fa52aee72133""]}",,"{""health"":36,""food"":29,""lifestyle"":18,""current affairs"":32}",,"2024-12-09T07:35:06.693Z",115,false,"67569daa4b5708e8cadb9e8f",12
"673ff536038d0080790a95be","675601c84b5708e8cab90442","[""sports"",""business"",""tourism"",""current affairs""]","[""sports"",""business"",""tourism"",""current affairs""]","{""sports"":2,""business"":2,""current affairs"":2,""tourism"":2}",,"{""sports"":[""67587bd03eb800fe6ac22ca3"",""67572a5ca08124bfdf36a56c"",""67572a5fa08124bfdf36a5b5"",""67587bcf3eb800fe6ac22c8b"",""6759cd893eb800fe6a004f29"",""67572a5fa08124bfdf36a5bd"",""6759cd893eb800fe6a004f3f"",""675c700075bdfb2efcbb9800"",""67587bd13eb800fe6ac22cc7"",""675c6fff75bdfb2efcbb97ee""],""business"":[""675c6fb975bdfb2efcbb96cc"",""67587b3c3eb800fe6ac22c14"",""67587b3a3eb800fe6ac22bde"",""67587b3a3eb800fe6ac22bea"",""6759cdcc3eb800fe6a00501e"",""675c6fb875bdfb2efcbb96b8"",""67572a0ca08124bfdf36a471"",""675c6fb775bdfb2efcbb968e"",""67572a0ba08124bfdf36a44d"",""67572a0da08124bfdf36a47d""],""current affairs"":[""675c2fb6f114fa52aee72115"",""675c2fc1f114fa52aee721f4"",""675c2fb8f114fa52aee72127"",""675c2fbbf114fa52aee72151"",""675c2fbaf114fa52aee7213f"",""675c2fc2f114fa52aee72201"",""675c2fbdf114fa52aee721c4"",""675c2fb9f114fa52aee72139"",""675c2fb8f114fa52aee7212d"",""675c2fbff114fa52aee721dc""],""tourism"":[""67587dec3eb800fe6ac23223"",""6759cf173eb800fe6a0053e8"",""67587dec3eb800fe6ac2321d"",""6759cf193eb800fe6a00540c"",""67587dea3eb800fe6ac231d5"",""67572cb6a08124bfdf36aca9"",""675c73d675bdfb2efcbb9fd8"",""6759cf193eb800fe6a005412"",""67572cb9a08124bfdf36acf1"",""67587dea3eb800fe6ac231ed""]}",,"{""sports"":30,""business"":12,""current affairs"":84,""tourism"":48}",,"2024-12-09T10:35:38.010Z",174,false,"6756c7fa4b5708e8cae1321c",12
"6613f499ce72abb1ce9abdf5","675601c84b5708e8cab90442","[""business"",""sports"",""education"",""current affairs""]","[]","{}",,"{}",,"{}",,"2024-12-10T06:30:03.110Z",0,true,"6757dfeba08124bfdf5c6a63",0
"6613f49ace72abb1ce9abdf8","675601c84b5708e8cab90442","[""tourism"",""politics"",""lifestyle"",""current affairs""]","[""tourism""]","{""tourism"":2}",,"{""tourism"":[""67587dec3eb800fe6ac2321d"",""67587dec3eb800fe6ac2320b"",""675c73d675bdfb2efcbb9fcc"",""675c73d475bdfb2efcbb9f9c"",""675c73d675bdfb2efcbb9fd8"",""6759cf183eb800fe6a0053fa"",""67587deb3eb800fe6ac231ff"",""67572cb7a08124bfdf36acc7"",""67572cb9a08124bfdf36acf1"",""67572cb8a08124bfdf36ace5""]}",,"{""tourism"":25}",,"2024-12-10T06:30:03.553Z",25,true,"6757dfeba08124bfdf5c6a8c",2
"6613f4b4ce72abb1ce9abe55","675601c84b5708e8cab90442","[""world"",""lifestyle"",""technology"",""current affairs""]","[]","{""world"":1}",,"{""world"":[""6759cfbc3eb800fe6a005432"",""6759cfbc3eb800fe6a005426"",""67587aee3eb800fe6ac22b49"",""6759cfbe3eb800fe6a005456"",""6759cfbe3eb800fe6a00545c""]}",,"{""world"":8}",,"2024-12-10T06:30:04.018Z",8,true,"6757dfeca08124bfdf5c6ab7",1
"6613f4a6ce72abb1ce9abe25","675601c84b5708e8cab90442","[""sports"",""world"",""lifestyle"",""current affairs""]","[]","{}",,"{}",,"{}",,"2024-12-10T06:30:04.469Z",0,true,"6757dfeca08124bfdf5c6add",0
"6613f4c0ce72abb1ce9abe85","675601c84b5708e8cab90442","[""education"",""environment"",""lifestyle"",""current affairs""]","[""education"",""environment""]","{""education"":2,""environment"":2}",,"{""education"":[""675c721b75bdfb2efcbb9cca"",""6759cc7d3eb800fe6a004c44"",""6759cc7d3eb800fe6a004c4c"",""67587ce03eb800fe6ac22eb7"",""67572bcca08124bfdf36a99c"",""67587ce13eb800fe6ac22ecf"",""67572bcca08124bfdf36a990"",""6759cc7e3eb800fe6a004c58"",""6759cc7b3eb800fe6a004c04"",""67572bcea08124bfdf36a9da""],""environment"":[""67587c3d3eb800fe6ac22dc2"",""6759d1a33eb800fe6a0054fc"",""6759d1a33eb800fe6a0054ea"",""67587c3e3eb800fe6ac22de6"",""67587c3f3eb800fe6ac22df8"",""67587c3c3eb800fe6ac22db6"",""67587c3e3eb800fe6ac22df2"",""6759d1a43eb800fe6a005514"",""67587c3c3eb800fe6ac22daa"",""67587c3d3eb800fe6ac22dda""]}",,"{""education"":0,""environment"":24}",,"2024-12-10T06:30:04.906Z",24,true,"6757dfeca08124bfdf5c6b03",4
"6613f494ce72abb1ce9abddf","675601c84b5708e8cab90442","[""education"",""lifestyle"",""crime"",""current affairs""]","[]","{""education"":1}",,"{""education"":[""675c721b75bdfb2efcbb9cc4"",""6759cc7d3eb800fe6a004c3e"",""67572bcea08124bfdf36a9c7"",""6759cc7e3eb800fe6a004c5e"",""675c721a75bdfb2efcbb9cb2""]}",,"{""education"":13}",,"2024-12-10T06:30:05.347Z",13,true,"6757dfeda08124bfdf5c6b2c",1
"6613f4a3ce72abb1ce9abe19","675601c84b5708e8cab90442","[""entertainment"",""crime"",""technology"",""current affairs""]","[]","{}",,"{}",,"{}",,"2024-12-10T06:30:05.784Z",0,true,"6757dfeda08124bfdf5c6b52",0
"6613f4bbce72abb1ce9abe6d","675601c84b5708e8cab90442","[""science"",""education"",""health"",""current affairs""]","[]","{""science"":1}",,"{""science"":[""675c70b075bdfb2efcbb99d0"",""675c70af75bdfb2efcbb99ca"",""67572b07a08124bfdf36a799"",""6759cd193eb800fe6a004d98"",""675c70af75bdfb2efcbb99b7""]}",,"{""science"":24}",,"2024-12-10T06:30:06.238Z",24,true,"6757dfeea08124bfdf5c6b7c",1
"6613f4d2ce72abb1ce9abecd","675601c84b5708e8cab90442","[""world"",""health"",""politics"",""current affairs""]","[]","{}",,"{}",,"{}",,"2024-12-10T06:30:06.893Z",0,true,"6757dfeea08124bfdf5c6baa",0
"6613f4dbce72abb1ce9abef1","675601c84b5708e8cab90442","[""business"",""food"",""crime"",""current affairs""]","[]","{}",,"{}",,"{}",,"2024-12-10T06:30:07.331Z",0,true,"6757dfefa08124bfdf5c6bd5",0
"6613f4bfce72abb1ce9abe7f","675601c84b5708e8cab90442","[""education"",""politics"",""business"",""current affairs""]","[]","{}",,"{}",,"{}",,"2024-12-10T06:30:07.769Z",0,true,"6757dfefa08124bfdf5c6bf9",0
"6613f4bcce72abb1ce9abe73","675601c84b5708e8cab90442","[""tourism"",""business"",""technology"",""current affairs""]","[]","{""tourism"":1}",,"{""tourism"":[""675c73d675bdfb2efcbb9fde"",""67572cb7a08124bfdf36acb5"",""67572cb7a08124bfdf36acc7"",""67572cb7a08124bfdf36acbb"",""67587de93eb800fe6ac231c9""]}",,"{""tourism"":2}",,"2024-12-10T06:30:08.487Z",2,true,"6757dff0a08124bfdf5c6c47",1
"6613f4a5ce72abb1ce9abe1f","675601c84b5708e8cab90442","[""environment"",""tourism"",""technology"",""current affairs""]","[]","{""environment"":1}",,"{""environment"":[""67572b26a08124bfdf36a7f5"",""67587c3d3eb800fe6ac22dc8"",""67572b26a08124bfdf36a7fb"",""67587c3c3eb800fe6ac22db0"",""67587c3e3eb800fe6ac22dec""]}",,"{""environment"":19}",,"2024-12-11T06:30:03.440Z",19,true,"6759316b3eb800fe6ae6ec45",1
"6613f4a4ce72abb1ce9abe1c","675601c84b5708e8cab90442","[""food"",""technology"",""science"",""current affairs""]","[]","{}",,"{}",,"{}",,"2024-12-11T06:30:03.893Z",0,true,"6759316b3eb800fe6ae6ec6b",0
"6613f49ece72abb1ce9abe0a","675601c84b5708e8cab90442","[""education"",""politics"",""health"",""current affairs""]","[]","{""education"":1}",,"{""education"":[""67587ce03eb800fe6ac22eb7"",""6759cc7c3eb800fe6a004c19"",""6759cc7b3eb800fe6a004c13"",""67587ce03eb800fe6ac22eac"",""6759cc7d3eb800fe6a004c44""]}",,"{""education"":8}",,"2024-12-11T06:30:04.363Z",8,true,"6759316c3eb800fe6ae6ec95",1
"6613f49fce72abb1ce9abe0d","675601c84b5708e8cab90442","[""technology"",""science"",""health"",""current affairs""]","[]","{""technology"":1}",,"{""technology"":[""67572a31a08124bfdf36a4b0"",""67587bac3eb800fe6ac22c3b"",""6759d0d23eb800fe6a0054e0"",""67587bac3eb800fe6ac22c35"",""6759d0d23eb800fe6a0054da""]}",,"{""technology"":2}",,"2024-12-11T06:30:04.808Z",2,true,"6759316c3eb800fe6ae6ecc0",1
"6613f4b8ce72abb1ce9abe61","675601c84b5708e8cab90442","[""entertainment"",""environment"",""politics"",""current affairs""]","[]","{""entertainment"":1}",,"{""entertainment"":[""67572c50a08124bfdf36ab20"",""675c72c175bdfb2efcbb9e1b"",""6759cd553eb800fe6a004eaa"",""675c72c375bdfb2efcbb9e4a"",""6759cd543eb800fe6a004e9e""]}",,"{""entertainment"":8}",,"2024-12-11T06:30:05.268Z",8,true,"6759316d3eb800fe6ae6ece6",1
"6613f4b1ce72abb1ce9abe49","675601c84b5708e8cab90442","[""sports"",""world"",""health"",""current affairs""]","[]","{}",,"{}",,"{}",,"2024-12-11T06:30:05.933Z",0,true,"6759316d3eb800fe6ae6ed31",0
"6613f4b5ce72abb1ce9abe58","675601c84b5708e8cab90442","[""lifestyle"",""sports"",""technology"",""current affairs""]","[]","{""lifestyle"":1}",,"{""lifestyle"":[""675c739775bdfb2efcbb9f46"",""675c739875bdfb2efcbb9f52"",""67572c93a08124bfdf36ac35"",""67587d913eb800fe6ac230cb"",""6759cedb3eb800fe6a005356""]}",,"{""lifestyle"":11}",,"2024-12-11T06:30:06.378Z",11,true,"6759316e3eb800fe6ae6ed5c",1
"6613f4afce72abb1ce9abe43","675601c84b5708e8cab90442","[""politics"",""education"",""environment"",""current affairs""]","[]","{""politics"":1}",,"{""politics"":[""67587b193eb800fe6ac22bb3"",""67587b163eb800fe6ac22b59"",""675c6f8e75bdfb2efcbb95f0"",""6759d2753eb800fe6a00558b"",""675729e7a08124bfdf36a433""]}",,"{""politics"":2}",,"2024-12-11T06:30:06.828Z",2,true,"6759316e3eb800fe6ae6ed87",1
"6613f4b1ce72abb1ce9abe4c","675601c84b5708e8cab90442","[""food"",""environment"",""technology"",""current affairs""]","[""food""]","{""food"":2,""environment"":1}",,"{""food"":[""6759ce053eb800fe6a00512a"",""675c733075bdfb2efcbb9eef"",""675c733375bdfb2efcbb9f37"",""67587d393eb800fe6ac22fcf"",""67572c70a08124bfdf36ab97"",""67572c71a08124bfdf36abb5"",""67572c72a08124bfdf36abc7"",""6759ce033eb800fe6a0050db"",""6759ce033eb800fe6a0050fa"",""675c733275bdfb2efcbb9f0d""],""environment"":[""67587c3c3eb800fe6ac22db0"",""67572b27a08124bfdf36a81f"",""6759d1a33eb800fe6a0054ea"",""67587c3e3eb800fe6ac22df2"",""67572b27a08124bfdf36a813""]}",,"{""food"":8,""environment"":16}",,"2024-12-11T06:30:07.501Z",24,true,"6759316f3eb800fe6ae6edb2",3
"6613f4b7ce72abb1ce9abe5e","675601c84b5708e8cab90442","[""environment"",""food"",""lifestyle"",""current affairs""]","[]","{""environment"":1}",,"{""environment"":[""67587c3e3eb800fe6ac22de0"",""67587c3d3eb800fe6ac22dc2"",""67587c3d3eb800fe6ac22dda"",""67572b25a08124bfdf36a7d7"",""67587c3e3eb800fe6ac22de6""]}",,"{""environment"":22}",,"2024-12-11T06:30:07.945Z",22,true,"6759316f3eb800fe6ae6edd8",1
"6613f495ce72abb1ce9abde3","675601c84b5708e8cab90442","[""education"",""science"",""entertainment"",""current affairs""]","[]","{}",,"{}",,"{}",,"2024-12-11T06:30:08.609Z",0,true,"675931703eb800fe6ae6ee03",0
"667d9d31ede918c194e96af9","675601c84b5708e8cab90442","[""food"",""entertainment"",""health"",""current affairs""]","[""entertainment"",""food"",""current affairs""]","{""entertainment"":2,""food"":2,""current affairs"":2,""health"":1}",,"{""entertainment"":[""67572c52a08124bfdf36ab5a"",""67572c4fa08124bfdf36ab14"",""67587cff3eb800fe6ac22fa3"",""6759cd553eb800fe6a004ea4"",""675c72c275bdfb2efcbb9e2e"",""675c72c175bdfb2efcbb9e09"",""675c72c275bdfb2efcbb9e36"",""675c72c175bdfb2efcbb9e15"",""67587cfc3eb800fe6ac22f51"",""6759cd543eb800fe6a004e92""],""food"":[""6759ce043eb800fe6a005112"",""67587d3c3eb800fe6ac2301d"",""67587d3a3eb800fe6ac22fe7"",""6759ce043eb800fe6a00510c"",""675c733175bdfb2efcbb9ef5"",""67572c72a08124bfdf36abcd"",""67587d3c3eb800fe6ac23011"",""6759ce023eb800fe6a0050d5"",""675c733175bdfb2efcbb9f01"",""67587d393eb800fe6ac22fcf""],""current affairs"":[""675c2fbff114fa52aee721dc"",""675c2fbcf114fa52aee72157"",""675c2fc0f114fa52aee721e8"",""675c2fbaf114fa52aee72145"",""675c2fc1f114fa52aee721ee"",""675c2fb9f114fa52aee72133"",""675c2fb8f114fa52aee7212d"",""675c2fbaf114fa52aee7213f"",""675c2fbdf114fa52aee721c4"",""675c2fb8f114fa52aee72127""],""health"":[""67587bf23eb800fe6ac22cf2"",""6759cea73eb800fe6a00528b"",""675c705675bdfb2efcbb98a7"",""6759cea53eb800fe6a005255"",""675c705675bdfb2efcbb9895""]}",,"{""entertainment"":32,""food"":22,""current affairs"":76,""health"":0}",,"2024-12-11T07:48:55.828Z",130,false,"675943e73eb800fe6aea6a22",10
"65b1ebbc90ba2e3794e9696d","675601c84b5708e8cab90442","[""world"",""politics"",""technology"",""current affairs""]","[""current affairs"",""technology"",""politics"",""world""]","{""current affairs"":2,""technology"":2,""politics"":2,""world"":2}",,"{""current affairs"":[""675c2fc1f114fa52aee721f4"",""675c2fbdf114fa52aee721c4"",""675c2fb9f114fa52aee72133"",""675c2fb6f114fa52aee72115"",""675c2fc0f114fa52aee721e8"",""675c2fbcf114fa52aee72157"",""675c2fb8f114fa52aee7212d"",""675c2fbff114fa52aee721dc"",""675c2fb7f114fa52aee7211b"",""675c2fbef114fa52aee721d0""],""technology"":[""6759d0d13eb800fe6a0054b6"",""67572a33a08124bfdf36a4f2"",""675c6fdc75bdfb2efcbb9753"",""67587bac3eb800fe6ac22c2f"",""67587bac3eb800fe6ac22c41"",""6759d0d03eb800fe6a0054aa"",""675c6fdd75bdfb2efcbb9771"",""67587bad3eb800fe6ac22c47"",""6759d0d23eb800fe6a0054ce"",""6759d0cf3eb800fe6a005492""],""politics"":[""6759d2733eb800fe6a005543"",""675c6f8d75bdfb2efcbb95ea"",""675c6f8e75bdfb2efcbb9608"",""67587b193eb800fe6ac22ba1"",""675c6f8d75bdfb2efcbb95e4"",""67587b173eb800fe6ac22b77"",""675c6f8f75bdfb2efcbb960e"",""67587b173eb800fe6ac22b71"",""675c6f9075bdfb2efcbb962c"",""675c6f8e75bdfb2efcbb95f6""],""world"":[""675c6f3b75bdfb2efcbb940d"",""6757293fa08124bfdf36a30b"",""675c6f3a75bdfb2efcbb93f4"",""675c6f3c75bdfb2efcbb941f"",""6759cfbe3eb800fe6a005456"",""6759cfbd3eb800fe6a00543e"",""67587aeb3eb800fe6ac22b02"",""6759cfbc3eb800fe6a00542c"",""67572940a08124bfdf36a323"",""67587aed3eb800fe6ac22b2f""]}",,"{""current affairs"":32,""technology"":24,""politics"":57,""world"":64}",,"2024-12-12T06:09:33.337Z",177,false,"675a7e1d3eb800fe6a24b6e3",12
"6613f4b6ce72abb1ce9abe5b","675601c84b5708e8cab90442","[""lifestyle"",""technology"",""environment"",""current affairs""]","[]","{""lifestyle"":1}",,"{""lifestyle"":[""67587d913eb800fe6ac230d7"",""67587d923eb800fe6ac230e3"",""675c739775bdfb2efcbb9f40"",""67587d923eb800fe6ac230e9"",""67572c93a08124bfdf36ac25""]}",,"{""lifestyle"":2}",,"2024-12-12T06:30:04.792Z",2,true,"675a82ec3eb800fe6a2558b7",1
"6613f4b3ce72abb1ce9abe52","675601c84b5708e8cab90442","[""business"",""food"",""tourism"",""current affairs""]","[]","{}",,"{}",,"{}",,"2024-12-12T06:30:05.281Z",0,true,"675a82ed3eb800fe6a2558db",0
"6613f4c0ce72abb1ce9abe82","675601c84b5708e8cab90442","[""business"",""tourism"",""lifestyle"",""current affairs""]","[]","{""business"":1}",,"{""business"":[""675c6fb975bdfb2efcbb96cc"",""6759cdcc3eb800fe6a005018"",""67572a0ea08124bfdf36a48f"",""675c6fb975bdfb2efcbb96d8"",""6759cdcd3eb800fe6a005040""]}",,"{""business"":0}",,"2024-12-12T06:30:05.732Z",0,true,"675a82ed3eb800fe6a2558e0",1
"6613f4d3ce72abb1ce9abed3","675601c84b5708e8cab90442","[""world"",""business"",""tourism"",""current affairs""]","[]","{""world"":1}",,"{""world"":[""67587aed3eb800fe6ac22b2f"",""67587aeb3eb800fe6ac22af6"",""675c6f3b75bdfb2efcbb9400"",""675c6f3a75bdfb2efcbb93e8"",""675c6f3b75bdfb2efcbb9406""]}",,"{""world"":2}",,"2024-12-12T06:30:06.217Z",2,true,"675a82ee3eb800fe6a255908",1
"6613f49dce72abb1ce9abe04","675601c84b5708e8cab90442","[""entertainment"",""science"",""world"",""current affairs""]","[]","{""entertainment"":1}",,"{""entertainment"":[""67587cfd3eb800fe6ac22f60"",""67587cfe3eb800fe6ac22f7e"",""67572c51a08124bfdf36ab48"",""67587cff3eb800fe6ac22fa9"",""6759cd523eb800fe6a004e62""]}",,"{""entertainment"":6}",,"2024-12-12T06:30:07.252Z",6,true,"675a82ef3eb800fe6a255930",1
"6613f4acce72abb1ce9abe3a","675601c84b5708e8cab90442","[""entertainment"",""science"",""lifestyle"",""current affairs""]","[]","{""entertainment"":1}",,"{""entertainment"":[""67587cfe3eb800fe6ac22f90"",""6759cd543eb800fe6a004e92"",""67587cfd3eb800fe6ac22f72"",""67587cfe3eb800fe6ac22f7e"",""675c72c375bdfb2efcbb9e44""]}",,"{""entertainment"":23}",,"2024-12-12T06:30:07.779Z",23,true,"675a82ef3eb800fe6a255935",1
"6613f4c6ce72abb1ce9abe9d","675601c84b5708e8cab90442","[""education"",""tourism"",""science"",""current affairs""]","[]","{}",,"{}",,"{}",,"2024-12-12T06:30:08.255Z",0,true,"675a82f03eb800fe6a25595b",0
"6613f4a0ce72abb1ce9abe10","675601c84b5708e8cab90442","[""science"",""entertainment"",""technology"",""current affairs""]","[""science""]","{""science"":2}",,"{""science"":[""67587c113eb800fe6ac22d48"",""675c70af75bdfb2efcbb99ab"",""675c70af75bdfb2efcbb99b7"",""67572b09a08124bfdf36a7c9"",""67572b08a08124bfdf36a79f"",""67587c143eb800fe6ac22d90"",""67572b07a08124bfdf36a793"",""67572b08a08124bfdf36a7b1"",""67587c143eb800fe6ac22d96"",""675c70af75bdfb2efcbb99ca""]}",,"{""science"":6}",,"2024-12-12T06:30:08.707Z",6,true,"675a82f03eb800fe6a25595e",2
"6613f4a2ce72abb1ce9abe16","675601c84b5708e8cab90442","[""food"",""politics"",""tourism"",""current affairs""]","[]","{}",,"{}",,"{}",,"2024-12-12T06:30:09.450Z",0,true,"675a82f13eb800fe6a255964",0
"6613f4dace72abb1ce9abeee","675601c84b5708e8cab90442","[""tourism"",""politics"",""food"",""current affairs""]","[]","{}",,"{}",,"{}",,"2024-12-12T06:30:09.971Z",0,true,"675a82f13eb800fe6a255988",0
"653548118a2815874166fa66","675601c84b5708e8cab90442","[""world"",""sports"",""entertainment"",""current affairs""]","[""world"",""sports"",""entertainment"",""current affairs""]","{""world"":2,""sports"":2,""entertainment"":2,""current affairs"":2}",,"{""world"":[""6759cfbf3eb800fe6a005474"",""6757293fa08124bfdf36a311"",""675c6f3d75bdfb2efcbb9432"",""67572940a08124bfdf36a32f"",""67587aeb3eb800fe6ac22b02"",""6759cfbf3eb800fe6a005480"",""67572940a08124bfdf36a329"",""675c6f3a75bdfb2efcbb93ee"",""67587aec3eb800fe6ac22b1d"",""67572942a08124bfdf36a360""],""sports"":[""67587bcf3eb800fe6ac22c85"",""67587bd23eb800fe6ac22cd3"",""67587bd03eb800fe6ac22c9d"",""6759cd893eb800fe6a004f23"",""67572a5ea08124bfdf36a597"",""6759cd8a3eb800fe6a004f5c"",""675c6fff75bdfb2efcbb97d6"",""675c700075bdfb2efcbb9800"",""67572a5fa08124bfdf36a5bd"",""67572a5ca08124bfdf36a572""],""entertainment"":[""6759cd533eb800fe6a004e80"",""675c72c275bdfb2efcbb9e22"",""67587cfd3eb800fe6ac22f58"",""67572c4fa08124bfdf36ab01"",""67572c50a08124bfdf36ab26"",""67572c4fa08124bfdf36ab14"",""675c72c375bdfb2efcbb9e4a"",""675c72c175bdfb2efcbb9e1b"",""675c72c275bdfb2efcbb9e2e"",""67587cff3eb800fe6ac22fa3""],""current affairs"":[""675c2fb7f114fa52aee7211b"",""675c2fbcf114fa52aee7215e"",""675c2fbff114fa52aee721d6"",""675c2fbdf114fa52aee721c4"",""675c2fc0f114fa52aee721e8"",""675c2fb9f114fa52aee72133"",""675c2fc1f114fa52aee721f4"",""675c2fb8f114fa52aee72127"",""675c2fbcf114fa52aee72157"",""675c2fb7f114fa52aee72121""]}",,"{""world"":42,""sports"":72,""entertainment"":20,""current affairs"":57}",,"2024-12-12T06:47:57.364Z",191,false,"675a871d3eb800fe6a262704",12
"6613f4ccce72abb1ce9abeb5","675601c84b5708e8cab90442","[""technology"",""environment"",""politics"",""current affairs""]","[]","{""technology"":1}",,"{""technology"":[""675c6fdd75bdfb2efcbb976b"",""6759d0d03eb800fe6a00549e"",""67587bae3eb800fe6ac22c71"",""6759d0cf3eb800fe6a005492"",""6759d0cf3eb800fe6a00548c""]}",,"{""technology"":2}",,"2024-12-13T06:30:03.317Z",2,true,"675bd46bf114fa52aed68927",1
"6613f497ce72abb1ce9abdec","675601c84b5708e8cab90442","[""health"",""sports"",""science"",""current affairs""]","[]","{""health"":1}",,"{""health"":[""67587bf33eb800fe6ac22d0a"",""67572ae5a08124bfdf36a70b"",""6759cea63eb800fe6a005261"",""67587bf23eb800fe6ac22cfe"",""675c705875bdfb2efcbb98d7""]}",,"{""health"":7}",,"2024-12-13T06:30:04.228Z",7,true,"675bd46cf114fa52aed68976",1
"6613f4aece72abb1ce9abe40","675601c84b5708e8cab90442","[""crime"",""food"",""technology"",""current affairs""]","[]","{""crime"":1}",,"{""crime"":[""6759d2a93eb800fe6a0055e1"",""675c71bc75bdfb2efcbb9bcf"",""67587c8a3eb800fe6ac22e3c"",""6759d2a83eb800fe6a0055c3"",""67587c8b3eb800fe6ac22e60""]}",,"{""crime"":0}",,"2024-12-13T06:30:04.668Z",0,true,"675bd46cf114fa52aed6899c",1
"6613f4cbce72abb1ce9abeaf","675601c84b5708e8cab90442","[""politics"",""education"",""science"",""current affairs""]","[]","{}",,"{}",,"{}",,"2024-12-13T06:30:05.774Z",0,true,"675bd46df114fa52aed689eb",0
"6613f4c9ce72abb1ce9abea9","675601c84b5708e8cab90442","[""world"",""business"",""lifestyle"",""current affairs""]","[]","{""world"":1}",,"{""world"":[""67587aeb3eb800fe6ac22af0"",""675c6f3c75bdfb2efcbb9426"",""67587aec3eb800fe6ac22b0f"",""67572942a08124bfdf36a360"",""6757293fa08124bfdf36a317""]}",,"{""world"":2}",,"2024-12-13T06:30:06.219Z",2,true,"675bd46ef114fa52aed68a14",1
"6613f4cece72abb1ce9abebb","675601c84b5708e8cab90442","[""business"",""entertainment"",""world"",""current affairs""]","[]","{""business"":1}",,"{""business"":[""67572a0ca08124bfdf36a45f"",""67587b3a3eb800fe6ac22bf0"",""675c6fb875bdfb2efcbb96a8"",""6759cdcc3eb800fe6a005018"",""6759cdcb3eb800fe6a005012""]}",,"{""business"":0}",,"2024-12-13T06:30:06.657Z",0,true,"675bd46ef114fa52aed68a3f",1
"6613f49bce72abb1ce9abdfe","675601c84b5708e8cab90442","[""lifestyle"",""food"",""education"",""current affairs""]","[]","{""lifestyle"":1}",,"{""lifestyle"":[""67587d8f3eb800fe6ac230a0"",""67587d903eb800fe6ac230b3"",""67572c94a08124bfdf36ac4a"",""675c739875bdfb2efcbb9f64"",""67572c94a08124bfdf36ac50""]}",,"{""lifestyle"":0}",,"2024-12-13T06:30:07.323Z",0,true,"675bd46ff114fa52aed68a8e",1
"6613f498ce72abb1ce9abdef","675f3c4875bdfb2efc3f1b8f","[""science"",""world"",""politics"",""current affairs""]","[""science""]","{""science"":2}",,"{""science"":[""6760676c03a5fed920480d98"",""67645a989634f2d1b19dd00f"",""6765abfdf1fdcafbb635471c"",""67645a959634f2d1b19dcfca"",""6765abf9f1fdcafbb63546ce"",""67630874f9f0b6014258dca1"",""67645a969634f2d1b19dcfd0"",""6760676d03a5fed920480d9e"",""6760676f03a5fed920480dd4"",""67645a969634f2d1b19dcfe5""]}",,"{""science"":2}",,"2024-12-16T06:30:36.757Z",2,true,"675fc90c03a5fed9202e29c2",2
"6613f4a8ce72abb1ce9abe2b","675f3c4875bdfb2efc3f1b8f","[""politics"",""entertainment"",""tourism"",""current affairs""]","[]","{""politics"":1}",,"{""politics"":[""676306eef9f0b6014258d8a2"",""6761b5f453f489edf6ecce62"",""676459729634f2d1b19dcc12"",""676306ebf9f0b6014258d85a"",""676306edf9f0b6014258d884""]}",,"{""politics"":22}",,"2024-12-16T06:30:37.241Z",22,true,"675fc90d03a5fed9202e29ca",1
"6613f4bbce72abb1ce9abe70","675f3c4875bdfb2efc3f1b8f","[""politics"",""environment"",""technology"",""current affairs""]","[""politics""]","{""politics"":2}",,"{""politics"":[""676459729634f2d1b19dcc18"",""6761b5f553f489edf6ecce70"",""6760667a03a5fed920480b13"",""6760667c03a5fed920480b5b"",""676306eef9f0b6014258d8a8"",""676459749634f2d1b19dcc36"",""676306ecf9f0b6014258d872"",""676459749634f2d1b19dcc42"",""676306edf9f0b6014258d884"",""676459739634f2d1b19dcc24""]}",,"{""politics"":17}",,"2024-12-16T06:30:37.696Z",17,true,"675fc90d03a5fed9202e29ec",2
"6613f496ce72abb1ce9abde9","675f3c4875bdfb2efc3f1b8f","[""education"",""entertainment"",""politics"",""current affairs""]","[]","{""education"":1}",,"{""education"":[""6761b8d653f489edf6ecd519"",""6761b8d653f489edf6ecd52b"",""67645bf19634f2d1b19dd2cb"",""676063cf03a5fed9204803d3"",""676063cc03a5fed920480381""]}",,"{""education"":14}",,"2024-12-16T06:30:38.165Z",14,true,"675fc90e03a5fed9202e29f4",1
"6613f4b0ce72abb1ce9abe46","675f3c4875bdfb2efc3f1b8f","[""education"",""world"",""science"",""current affairs""]","[]","{}",,"{}",,"{}",,"2024-12-16T06:30:38.649Z",0,true,"675fc90e03a5fed9202e2a17",0
"6613f4a0ce72abb1ce9abe10","675f3c4875bdfb2efc3f1b8f","[""education"",""lifestyle"",""food"",""current affairs""]","[]","{""education"":1}",,"{""education"":[""6765ad7df1fdcafbb6354a08"",""6761b8d553f489edf6ecd4fb"",""676063cc03a5fed920480387"",""676063cf03a5fed9204803d3"",""6765ad7cf1fdcafbb63549f6""]}",,"{""education"":6}",,"2024-12-16T06:30:39.105Z",6,true,"675fc90f03a5fed9202e2a20",1
"6613f4a9ce72abb1ce9abe2e","675f3c4875bdfb2efc3f1b8f","[""tourism"",""technology"",""education"",""current affairs""]","[""tourism""]","{""tourism"":2}",,"{""tourism"":[""67630aa0f9f0b6014258e21c"",""6761b9f253f489edf6ecd788"",""6765aeaaf1fdcafbb6354b74"",""67645dc89634f2d1b19dd469"",""6765aeaef1fdcafbb6354bc8"",""67645dca9634f2d1b19dd493"",""67630a9ff9f0b6014258e1f2"",""67630a9ef9f0b6014258e1ec"",""6760674a03a5fed920480d70"",""6765aeacf1fdcafbb6354b9e""]}",,"{""tourism"":12}",,"2024-12-16T06:30:39.576Z",12,true,"675fc90f03a5fed9202e2a3f",2
"6613f4bfce72abb1ce9abe7f","675f3c4875bdfb2efc3f1b8f","[""food"",""lifestyle"",""politics"",""current affairs""]","[]","{""food"":1}",,"{""food"":[""6761b97753f489edf6ecd67b"",""6761b97653f489edf6ecd663"",""6761b97953f489edf6ecd6ab"",""6761b97853f489edf6ecd68d"",""67645d0a9634f2d1b19dd3c1""]}",,"{""food"":2}",,"2024-12-16T06:30:40.034Z",2,true,"675fc91003a5fed9202e2a4a",1
"6613f494ce72abb1ce9abddf","675f3c4875bdfb2efc3f1b8f","[""food"",""lifestyle"",""politics"",""current affairs""]","[""food""]","{""food"":2,""lifestyle"":1}",,"{""food"":[""67645d089634f2d1b19dd397"",""67630a44f9f0b6014258e13a"",""6765adcff1fdcafbb6354af0"",""67645d099634f2d1b19dd3af"",""67645d099634f2d1b19dd3a9"",""67630a46f9f0b6014258e182"",""67630a46f9f0b6014258e176"",""67630a44f9f0b6014258e146"",""6761b97753f489edf6ecd675"",""6761b97753f489edf6ecd67b""],""lifestyle"":[""67645d8f9634f2d1b19dd425"",""6765ae5cf1fdcafbb6354b4d"",""67630a70f9f0b6014258e196"",""67630a70f9f0b6014258e190"",""676066f003a5fed920480c66""]}",,"{""food"":29,""lifestyle"":8}",,"2024-12-16T06:30:40.499Z",37,true,"675fc91003a5fed9202e2a6a",3
"6613f49bce72abb1ce9abdfe","675f3c4875bdfb2efc3f1b8f","[""food"",""education"",""crime"",""current affairs""]","[""food""]","{""food"":2}",,"{""food"":[""67645d099634f2d1b19dd3af"",""67630a44f9f0b6014258e13a"",""6765adcef1fdcafbb6354aea"",""6765adccf1fdcafbb6354ac0"",""67630a46f9f0b6014258e176"",""6761b97653f489edf6ecd65d"",""6765adcff1fdcafbb6354af0"",""67645d089634f2d1b19dd39d"",""67630a44f9f0b6014258e140"",""6765adcff1fdcafbb6354afc""]}",,"{""food"":0}",,"2024-12-16T06:30:40.956Z",0,true,"675fc91003a5fed9202e2a75",2
"6613f4b3ce72abb1ce9abe52","675f3c4875bdfb2efc3f1b8f","[""environment"",""politics"",""sports"",""current affairs""]","[""environment""]","{""environment"":2}",,"{""environment"":[""676308bff9f0b6014258ddc5"",""676308bef9f0b6014258dda7"",""676308c0f9f0b6014258ddd7"",""6760651703a5fed9204806fd"",""676308bdf9f0b6014258dd95"",""676308c0f9f0b6014258ddd1"",""67645b1d9634f2d1b19dd158"",""67645b1d9634f2d1b19dd160"",""6761b86c53f489edf6ecd3f3"",""67645b1c9634f2d1b19dd13e""]}",,"{""environment"":17}",,"2024-12-16T06:30:41.421Z",17,true,"675fc91103a5fed9202e2a95",2
"6613f4b8ce72abb1ce9abe64","675f3c4875bdfb2efc3f1b8f","[""sports"",""tourism"",""world"",""current affairs""]","[]","{}",,"{}",,"{}",,"2024-12-16T06:30:41.879Z",0,true,"675fc91103a5fed9202e2aa1",0
"6613f49fce72abb1ce9abe0d","675f3c4875bdfb2efc3f1b8f","[""world"",""environment"",""sports"",""current affairs""]","[]","{""world"":1}",,"{""world"":[""6765a9c8f1fdcafbb63541e8"",""6765a9caf1fdcafbb6354220"",""6761b5c153f489edf6ecce0e"",""676306c0f9f0b6014258d816"",""676306bff9f0b6014258d7f7""]}",,"{""world"":7}",,"2024-12-16T06:30:42.351Z",7,true,"675fc91203a5fed9202e2ac0",1
"6613f4aace72abb1ce9abe31","675f3c4875bdfb2efc3f1b8f","[""education"",""sports"",""entertainment"",""current affairs""]","[""education""]","{""education"":2,""sports"":1}",,"{""education"":[""67630994f9f0b6014258dfbe"",""6765ad7df1fdcafbb6354a0e"",""6765ad7ef1fdcafbb6354a20"",""6761b8d553f489edf6ecd507"",""6761b8d453f489edf6ecd4f5"",""676063cb03a5fed920480375"",""6761b8d653f489edf6ecd51f"",""67630995f9f0b6014258dfdc"",""67645bf19634f2d1b19dd2d1"",""67645bf39634f2d1b19dd301""],""sports"":[""6760641a03a5fed920480475"",""6761b7a453f489edf6ecd1bd"",""676307f7f9f0b6014258dadd"",""6761b7a253f489edf6ecd18d"",""676307f8f9f0b6014258db01""]}",,"{""education"":3,""sports"":2}",,"2024-12-16T06:30:42.808Z",5,true,"675fc91203a5fed9202e2acb",3
"673ff536038d0080790a95be","675f3c4875bdfb2efc3f1b8f","[""world"",""politics"",""sports"",""current affairs""]","[""world"",""politics"",""sports"",""current affairs""]","{""world"":2,""politics"":2,""sports"":2,""current affairs"":2}",,"{""world"":[""6765a9cbf1fdcafbb635422e"",""6765a9caf1fdcafbb6354212"",""6765a9c9f1fdcafbb635420b"",""676458b49634f2d1b19dcad1"",""676306bff9f0b6014258d7fd"",""676306bef9f0b6014258d7e5"",""676306bff9f0b6014258d7f7"",""676458b39634f2d1b19dcabf"",""676458b29634f2d1b19dcaa1"",""6765a9caf1fdcafbb6354227""],""politics"":[""6760667a03a5fed920480b19"",""6761b5f753f489edf6ecceba"",""6760667b03a5fed920480b3d"",""676459729634f2d1b19dcc12"",""676306eef9f0b6014258d8a8"",""676306eef9f0b6014258d89c"",""6761b5f453f489edf6ecce6a"",""676459719634f2d1b19dcbf0"",""6760667903a5fed920480af9"",""6761b5f653f489edf6ecce8a""],""sports"":[""676307f7f9f0b6014258dad7"",""6761b7a453f489edf6ecd1c3"",""6765aba5f1fdcafbb63545cc"",""67645a329634f2d1b19dce62"",""676307f9f9f0b6014258db1f"",""676307f8f9f0b6014258daef"",""676307f8f9f0b6014258db01"",""6760641903a5fed920480454"",""6765aba3f1fdcafbb635459b"",""67645a349634f2d1b19dce9b""],""current affairs"":[""67655afb69930cb639d3369b"",""67655af969930cb639d33685"",""67655aed69930cb639d335cb"",""67655af669930cb639d33645"",""67655af269930cb639d3360d"",""67655afc69930cb639d336af"",""67655af369930cb639d33615"",""67655aeb69930cb639d335a9"",""67655af869930cb639d33665"",""67655af569930cb639d3363b""]}",,"{""world"":67,""politics"":27,""sports"":21,""current affairs"":37}",,"2024-12-16T10:23:50.871Z",152,false,"675fffb603a5fed920368cd6",12
"6613f4a1ce72abb1ce9abe13","675f3c4875bdfb2efc3f1b8f","[""education"",""sports"",""business"",""current affairs""]","[]","{}",,"{}",,"{}",,"2024-12-17T06:30:36.957Z",0,true,"67611a8c03a5fed9206d8a48",0
"6613f4b1ce72abb1ce9abe4c","675f3c4875bdfb2efc3f1b8f","[""entertainment"",""crime"",""food"",""current affairs""]","[""entertainment""]","{""entertainment"":2}",,"{""entertainment"":[""6765ada7f1fdcafbb6354a64"",""6761b94e53f489edf6ecd608"",""6765ada9f1fdcafbb6354a88"",""6765ada8f1fdcafbb6354a7c"",""6761b94f53f489edf6ecd61a"",""676309f3f9f0b6014258e0c6"",""67645ccf9634f2d1b19dd33b"",""676309f3f9f0b6014258e0ba"",""6760647f03a5fed92048054a"",""6761b94c53f489edf6ecd5c0""]}",,"{""entertainment"":0}",,"2024-12-17T06:30:37.429Z",0,true,"67611a8d03a5fed9206d8a56",2
"6613f4a7ce72abb1ce9abe28","675f3c4875bdfb2efc3f1b8f","[""entertainment"",""science"",""politics"",""current affairs""]","[""entertainment""]","{""entertainment"":2}",,"{""entertainment"":[""6760647f03a5fed920480550"",""67645cd09634f2d1b19dd35f"",""6765adaaf1fdcafbb6354a9a"",""6765ada8f1fdcafbb6354a76"",""67645cce9634f2d1b19dd335"",""6760648003a5fed92048056e"",""6760647f03a5fed920480556"",""67645cd19634f2d1b19dd371"",""676309f2f9f0b6014258e09c"",""676309f4f9f0b6014258e0d2""]}",,"{""entertainment"":11}",,"2024-12-17T06:30:37.888Z",11,true,"67611a8d03a5fed9206d8a75",2
"6613f49dce72abb1ce9abe07","675f3c4875bdfb2efc3f1b8f","[""technology"",""food"",""politics"",""current affairs""]","[""technology""]","{""technology"":2}",,"{""technology"":[""6761b6b453f489edf6ecd00e"",""676064e203a5fed920480681"",""676459c89634f2d1b19dcd85"",""676064e003a5fed920480663"",""6761b6b453f489edf6ecd014"",""6765ab1ff1fdcafbb6354494"",""676459c89634f2d1b19dcd7f"",""676459c69634f2d1b19dcd50"",""6765ab1ff1fdcafbb635448e"",""676307ccf9f0b6014258da44""]}",,"{""technology"":6}",,"2024-12-17T06:30:38.352Z",6,true,"67611a8e03a5fed9206d8a81",2
"6613f4b8ce72abb1ce9abe61","675f3c4875bdfb2efc3f1b8f","[""sports"",""technology"",""business"",""current affairs""]","[]","{}",,"{}",,"{}",,"2024-12-17T06:30:38.809Z",0,true,"67611a8e03a5fed9206d8aa0",0
"6613f4bece72abb1ce9abe79","675f3c4875bdfb2efc3f1b8f","[""business"",""education"",""technology"",""current affairs""]","[]","{}",,"{}",,"{}",,"2024-12-17T06:30:39.291Z",0,true,"67611a8f03a5fed9206d8aaa",0
"6613f497ce72abb1ce9abdec","675f3c4875bdfb2efc3f1b8f","[""politics"",""crime"",""health"",""current affairs""]","[]","{""politics"":1}",,"{""politics"":[""6760667903a5fed920480af9"",""676459729634f2d1b19dcc06"",""6761b5f553f489edf6ecce7e"",""6760667a03a5fed920480b1f"",""6761b5f653f489edf6ecce96""]}",,"{""politics"":0}",,"2024-12-17T06:30:39.748Z",0,true,"67611a8f03a5fed9206d8ac9",1
"6613f4d3ce72abb1ce9abed3","675f3c4875bdfb2efc3f1b8f","[""crime"",""health"",""science"",""current affairs""]","[""crime""]","{""crime"":2,""health"":1}",,"{""crime"":[""6761b8a153f489edf6ecd4a1"",""6761b89e53f489edf6ecd450"",""6761b8a053f489edf6ecd48f"",""6761b89f53f489edf6ecd471"",""6761b8a153f489edf6ecd495"",""676308fcf9f0b6014258de64"",""676066c703a5fed920480be1"",""676066c703a5fed920480be7"",""676308fcf9f0b6014258de6a"",""67645b819634f2d1b19dd248""],""health"":[""67645a5e9634f2d1b19dcf16"",""6761b7d053f489edf6ecd221"",""67645a619634f2d1b19dcf6b"",""6765abd2f1fdcafbb635464a"",""676064b603a5fed9204805e1""]}",,"{""crime"":15,""health"":25}",,"2024-12-17T06:30:40.220Z",40,true,"67611a9003a5fed9206d8ad3",3
"6613f4c0ce72abb1ce9abe85","675f3c4875bdfb2efc3f1b8f","[""world"",""business"",""entertainment"",""current affairs""]","[]","{""world"":1}",,"{""world"":[""676306bef9f0b6014258d7f1"",""676458b59634f2d1b19dcae9"",""6760654a03a5fed9204807f0"",""6760654803a5fed9204807c0"",""6765a9cbf1fdcafbb635422e""]}",,"{""world"":0}",,"2024-12-17T06:30:40.676Z",0,true,"67611a9003a5fed9206d8af2",1
"6613f4a6ce72abb1ce9abe25","675f3c4875bdfb2efc3f1b8f","[""world"",""business"",""crime"",""current affairs""]","[]","{""world"":1}",,"{""world"":[""676458b49634f2d1b19dcad1"",""6761b5c153f489edf6ecce1a"",""676458b39634f2d1b19dcab3"",""6760654903a5fed9204807d8"",""6765a9ccf1fdcafbb635424a""]}",,"{""world"":2}",,"2024-12-17T06:30:41.139Z",2,true,"67611a9103a5fed9206d8af7",1
"6613f4abce72abb1ce9abe34","675f3c4875bdfb2efc3f1b8f","[""tourism"",""lifestyle"",""crime"",""current affairs""]","[]","{}",,"{}",,"{}",,"2024-12-17T06:30:41.831Z",0,true,"67611a9103a5fed9206d8b1c",0
"6613f4b5ce72abb1ce9abe58","675f3c4875bdfb2efc3f1b8f","[""sports"",""environment"",""technology"",""current affairs""]","[]","{}",,"{}",,"{}",,"2024-12-17T06:30:42.303Z",0,true,"67611a9203a5fed9206d8b2a",0
"6613f4dace72abb1ce9abeee","675f3c4875bdfb2efc3f1b8f","[""health"",""technology"",""education"",""current affairs""]","[]","{""health"":1}",,"{""health"":[""6763084ef9f0b6014258dc20"",""6761b7d153f489edf6ecd24b"",""6763084ff9f0b6014258dc38"",""6763084df9f0b6014258dbf9"",""6763084ff9f0b6014258dc3e""]}",,"{""health"":32}",,"2024-12-17T06:30:42.759Z",32,true,"67611a9203a5fed9206d8b49",1
"661d1b2215323b828c65ac04","675f3c4875bdfb2efc3f1b8f","[""science"",""environment"",""crime"",""current affairs""]","[]","{}",,"{}",,"{}",,"2024-12-18T02:44:56.894Z",0,true,"6762372853f489edf609f7a5",0
"6613f4bbce72abb1ce9abe6d","675f3c4875bdfb2efc3f1b8f","[""business"",""health"",""sports"",""current affairs""]","[]","{""business"":1}",,"{""business"":[""6764598c9634f2d1b19dcc8b"",""6763075bf9f0b6014258d9b2"",""67630759f9f0b6014258d97c"",""6765aaedf1fdcafbb6354421"",""67630758f9f0b6014258d95e""]}",,"{""business"":3}",,"2024-12-18T06:30:03.831Z",3,true,"67626beb53f489edf611c441",1
"6613f4cdce72abb1ce9abeb8","675f3c4875bdfb2efc3f1b8f","[""sports"",""business"",""health"",""current affairs""]","[]","{}",,"{}",,"{}",,"2024-12-18T06:30:04.705Z",0,true,"67626bec53f489edf611c487",0
"6613f4c9ce72abb1ce9abea6","675f3c4875bdfb2efc3f1b8f","[""business"",""health"",""education"",""current affairs""]","[""business""]","{""business"":2}",,"{""business"":[""6760661e03a5fed920480a02"",""6760661d03a5fed9204809d7"",""6760661d03a5fed9204809dd"",""6764598e9634f2d1b19dccbd"",""6765aaecf1fdcafbb635440f"",""6763075af9f0b6014258d98e"",""6761b62e53f489edf6eccef8"",""6760661e03a5fed920480a0a"",""6761b62f53f489edf6eccf16"",""6761b63053f489edf6eccf28""]}",,"{""business"":25}",,"2024-12-18T06:30:04.268Z",25,true,"67626bec53f489edf611c462",2
"6613f4bdce72abb1ce9abe76","675f3c4875bdfb2efc3f1b8f","[""business"",""health"",""science"",""current affairs""]","[""business""]","{""business"":2}",,"{""business"":[""6765aaecf1fdcafbb6354409"",""6763075af9f0b6014258d982"",""6761b62f53f489edf6eccf10"",""6765aaeef1fdcafbb6354433"",""6761b63053f489edf6eccf28"",""6760661c03a5fed9204809d1"",""67630758f9f0b6014258d95e"",""6760661f03a5fed920480a1c"",""6765aaeef1fdcafbb6354439"",""6764598e9634f2d1b19dccc3""]}",,"{""business"":15}",,"2024-12-18T06:30:03.387Z",15,true,"67626beb53f489edf611c437",2
"6613f4e1ce72abb1ce9abf09","675f3c4875bdfb2efc3f1b8f","[""technology"",""science"",""entertainment"",""current affairs""]","[]","{""technology"":1}",,"{""technology"":[""676307ccf9f0b6014258da50"",""6761b6b553f489edf6ecd02c"",""676064e203a5fed920480681"",""676064e003a5fed920480663"",""6765ab21f1fdcafbb63544b8""]}",,"{""technology"":0}",,"2024-12-18T06:30:06.676Z",0,true,"67626bee53f489edf611c504",1
"6613f4cfce72abb1ce9abec1","675f3c4875bdfb2efc3f1b8f","[""sports"",""business"",""tourism"",""current affairs""]","[]","{""sports"":1}",,"{""sports"":[""6760641803a5fed920480442"",""67645a329634f2d1b19dce5c"",""6760641a03a5fed920480467"",""67645a359634f2d1b19dcea7"",""6760641b03a5fed92048047b""]}",,"{""sports"":0}",,"2024-12-18T06:30:05.144Z",0,true,"67626bed53f489edf611c493",1
"6613f4c1ce72abb1ce9abe88","675f3c4875bdfb2efc3f1b8f","[""tourism"",""science"",""education"",""current affairs""]","[]","{""tourism"":1}",,"{""tourism"":[""6760674903a5fed920480d57"",""6760674a03a5fed920480d5d"",""6765aeacf1fdcafbb6354b98"",""6761b9f253f489edf6ecd782"",""67645dc79634f2d1b19dd457""]}",,"{""tourism"":21}",,"2024-12-18T06:30:05.582Z",21,true,"67626bed53f489edf611c4b4",1
"6613f4c9ce72abb1ce9abea9","675f3c4875bdfb2efc3f1b8f","[""sports"",""science"",""lifestyle"",""current affairs""]","[]","{}",,"{}",,"{}",,"2024-12-18T06:30:07.332Z",0,true,"67626bef53f489edf611c52e",0
"65b1ebbc90ba2e3794e9696d","675f3c4875bdfb2efc3f1b8f","[""technology"",""health"",""science"",""current affairs""]","[""science"",""health"",""technology"",""current affairs""]","{""current affairs"":2,""science"":2,""health"":2,""technology"":2}",,"{""current affairs"":[""67655af769930cb639d3365b"",""67655af969930cb639d3367b"",""67655af669930cb639d33651"",""67655aec69930cb639d335b2"",""67655af669930cb639d33645"",""67655af369930cb639d33615"",""67655aed69930cb639d335c2"",""67655afb69930cb639d336a5"",""67655afc69930cb639d336af"",""67655aef69930cb639d335e3""],""science"":[""67645a989634f2d1b19dd00f"",""67645a979634f2d1b19dcff7"",""6761b80653f489edf6ecd2fd"",""6765abfcf1fdcafbb635470a"",""67630875f9f0b6014258dcb3"",""67630874f9f0b6014258dcad"",""67630875f9f0b6014258dcbf"",""67645a989634f2d1b19dd01b"",""6760677003a5fed920480dec"",""6765abfdf1fdcafbb6354722""],""health"":[""6761b7d153f489edf6ecd251"",""67645a609634f2d1b19dcf4d"",""6765abd4f1fdcafbb6354668"",""6763084ef9f0b6014258dc18"",""6765abd4f1fdcafbb635467a"",""676064b403a5fed9204805a2"",""6765abd4f1fdcafbb6354674"",""6761b7d053f489edf6ecd227"",""676064b603a5fed9204805db"",""6765abd3f1fdcafbb635465c""],""technology"":[""676064e103a5fed92048066f"",""676459c79634f2d1b19dcd73"",""6761b6b253f489edf6eccfd8"",""6765ab1ff1fdcafbb635449a"",""676307cff9f0b6014258da8d"",""6761b6b253f489edf6eccfe4"",""676459c59634f2d1b19dcd32"",""676064e003a5fed920480651"",""676307ccf9f0b6014258da44"",""676064e003a5fed920480663""]}",,"{""current affairs"":89,""science"":21,""health"":64,""technology"":36}",,"2024-12-18T07:12:20.131Z",210,false,"676275d453f489edf61583e7",12
"65fe496b205cf6d5f81e91fb","675f3c4875bdfb2efc3f1b8f","[""health"",""food"",""lifestyle"",""current affairs""]","[""health"",""food"",""lifestyle"",""current affairs""]","{""health"":2,""food"":2,""lifestyle"":2,""current affairs"":2}",,"{""health"":[""6765abd4f1fdcafbb6354668"",""676064b603a5fed9204805db"",""6765abd3f1fdcafbb6354662"",""6765abd5f1fdcafbb6354680"",""6765abd2f1fdcafbb635464a"",""6765abd3f1fdcafbb635465c"",""6763084ef9f0b6014258dc11"",""67645a619634f2d1b19dcf53"",""67645a5f9634f2d1b19dcf22"",""676064b603a5fed9204805e7""],""food"":[""6761b97853f489edf6ecd693"",""6761b97753f489edf6ecd67b"",""67630a45f9f0b6014258e152"",""67630a46f9f0b6014258e182"",""6761b97753f489edf6ecd675"",""67645d0b9634f2d1b19dd3d9"",""67645d079634f2d1b19dd385"",""6765adcff1fdcafbb6354b02"",""67630a44f9f0b6014258e14c"",""6765adcff1fdcafbb6354afc""],""lifestyle"":[""67645d8f9634f2d1b19dd425"",""6761b9b053f489edf6ecd6fc"",""67630a72f9f0b6014258e1cc"",""676066f203a5fed920480c9d"",""67645d8e9634f2d1b19dd413"",""6761b9b053f489edf6ecd708"",""6765ae5df1fdcafbb6354b65"",""67645d8e9634f2d1b19dd40d"",""67630a72f9f0b6014258e1ba"",""67645d8f9634f2d1b19dd41f""],""current affairs"":[""67655af069930cb639d335ec"",""67655af369930cb639d33615"",""67655aec69930cb639d335ba"",""67655aef69930cb639d335db"",""67655af169930cb639d335fc"",""67655afb69930cb639d3369b"",""67655af669930cb639d33651"",""67655aed69930cb639d335cb"",""67655aee69930cb639d335d3"",""67655aeb69930cb639d335a9""]}",,"{""health"":62,""food"":38,""lifestyle"":41,""current affairs"":17}",,"2024-12-18T08:39:44.247Z",158,false,"67628a5053f489edf616c5e0",12
"661d1c43d3779bd18c70c9aa","675f3c4875bdfb2efc3f1b8f","[""world"",""politics"",""business"",""current affairs""]","[""world"",""politics"",""business"",""current affairs""]","{""world"":2,""politics"":2,""business"":2,""current affairs"":2}",,"{""world"":[""6761b5c053f489edf6eccdfc"",""6760654703a5fed9204807a8"",""6760654903a5fed9204807cc"",""6760654903a5fed9204807e4"",""6765a9cbf1fdcafbb635422e"",""6760654803a5fed9204807b4"",""6761b5be53f489edf6eccdc6"",""6760654a03a5fed9204807ea"",""6761b5be53f489edf6eccdcc"",""676306c0f9f0b6014258d81c""],""politics"":[""676459739634f2d1b19dcc2a"",""6760667b03a5fed920480b3d"",""6760667c03a5fed920480b4f"",""676459729634f2d1b19dcc0c"",""6761b5f553f489edf6ecce70"",""676306edf9f0b6014258d878"",""6760667c03a5fed920480b55"",""676459749634f2d1b19dcc42"",""676459739634f2d1b19dcc30"",""676306edf9f0b6014258d884""],""business"":[""6760661c03a5fed9204809c5"",""6763075bf9f0b6014258d9a0"",""6763075af9f0b6014258d98e"",""67630758f9f0b6014258d95e"",""6765aaecf1fdcafbb6354403"",""67630758f9f0b6014258d958"",""6765aaebf1fdcafbb63543fb"",""6763075af9f0b6014258d994"",""6765aaedf1fdcafbb635441b"",""6765aaeaf1fdcafbb63543e1""],""current affairs"":[""67655af869930cb639d33665"",""67655aed69930cb639d335cb"",""67655af069930cb639d335f4"",""67655af869930cb639d33670"",""67655af569930cb639d33631"",""67655aed69930cb639d335c2"",""67655af569930cb639d3363b"",""67655af369930cb639d33615"",""67655aee69930cb639d335d3"",""67655aeb69930cb639d335a9""]}",,"{""world"":0,""politics"":36,""business"":47,""current affairs"":44}",,"2024-12-18T10:58:58.626Z",127,false,"6762aaf253f489edf61e303a",12
"667d9d31ede918c194e96af9","675f3c4875bdfb2efc3f1b8f","[""entertainment"",""food"",""health"",""current affairs""]","[""food"",""entertainment"",""current affairs"",""health""]","{""food"":2,""entertainment"":2,""current affairs"":2,""health"":2}",,"{""food"":[""6765adcdf1fdcafbb6354ad2"",""67630a44f9f0b6014258e134"",""6765adcff1fdcafbb6354b02"",""67630a46f9f0b6014258e17c"",""6761b97853f489edf6ecd68d"",""6761b97653f489edf6ecd65d"",""67630a44f9f0b6014258e140"",""67630a45f9f0b6014258e15e"",""6765adcdf1fdcafbb6354acc"",""67630a45f9f0b6014258e164""],""entertainment"":[""6765adaaf1fdcafbb6354aa6"",""67645cd09634f2d1b19dd365"",""67645cce9634f2d1b19dd32f"",""6765adaaf1fdcafbb6354a94"",""67645ccf9634f2d1b19dd34d"",""676309f2f9f0b6014258e0a2"",""676309f2f9f0b6014258e0a8"",""6765ada7f1fdcafbb6354a5e"",""6760647d03a5fed920480516"",""67645cce9634f2d1b19dd329""],""current affairs"":[""67655afa69930cb639d33691"",""67655af269930cb639d33604"",""67655aec69930cb639d335ba"",""67655af369930cb639d33615"",""67655af769930cb639d3365b"",""67655aec69930cb639d335b2"",""67655afc69930cb639d336af"",""67655aef69930cb639d335e3"",""67655af569930cb639d3363b"",""67655af869930cb639d33665""],""health"":[""6765abd5f1fdcafbb6354686"",""6761b7d153f489edf6ecd24b"",""6763084ff9f0b6014258dc3e"",""67645a5f9634f2d1b19dcf28"",""6765abd2f1fdcafbb635464a"",""67645a619634f2d1b19dcf53"",""676064b603a5fed9204805e1"",""6761b7d153f489edf6ecd23f"",""6763084df9f0b6014258dbff"",""676064b603a5fed9204805e7""]}",,"{""food"":17,""entertainment"":0,""current affairs"":145,""health"":35}",,"2024-12-18T14:07:23.328Z",197,false,"6762d71b0225dc3f0c28b9e5",12
"653548118a2815874166fa66","675f3c4875bdfb2efc3f1b8f","[""world"",""sports"",""entertainment"",""current affairs""]","[""world"",""sports"",""entertainment"",""current affairs""]","{""world"":2,""sports"":2,""entertainment"":2,""current affairs"":2}",,"{""world"":[""6760654903a5fed9204807e4"",""676458b59634f2d1b19dcae3"",""676458b49634f2d1b19dcac5"",""676458b29634f2d1b19dcaa1"",""6761b5bf53f489edf6eccdd8"",""676458b39634f2d1b19dcab3"",""6765a9cbf1fdcafbb6354235"",""6761b5be53f489edf6eccdcc"",""6761b5c053f489edf6ecce02"",""6765a9caf1fdcafbb6354219""],""sports"":[""6760641803a5fed920480436"",""67645a329634f2d1b19dce5c"",""676307f7f9f0b6014258dadd"",""6765aba5f1fdcafbb63545d9"",""6765aba5f1fdcafbb63545c6"",""6765aba4f1fdcafbb63545ae"",""676307f8f9f0b6014258daef"",""676307f7f9f0b6014258dad1"",""67645a329634f2d1b19dce4e"",""6765aba6f1fdcafbb63545df""],""entertainment"":[""6765adabf1fdcafbb6354ab2"",""67645ccf9634f2d1b19dd353"",""6761b94e53f489edf6ecd5fc"",""6761b94d53f489edf6ecd5e4"",""6760648003a5fed92048056e"",""676309f4f9f0b6014258e0d8"",""6761b94d53f489edf6ecd5f0"",""6760647f03a5fed920480544"",""6765ada8f1fdcafbb6354a7c"",""676309f4f9f0b6014258e0de""],""current affairs"":[""67655aec69930cb639d335b2"",""67655af269930cb639d3360d"",""67655af669930cb639d33651"",""67655af869930cb639d33665"",""67655af569930cb639d3363b"",""67655af369930cb639d33615"",""67655af869930cb639d33670"",""67655aee69930cb639d335d3"",""67655aed69930cb639d335c2"",""67655af069930cb639d335ec""]}",,"{""world"":51,""sports"":62,""entertainment"":37,""current affairs"":71}",,"2024-12-18T15:43:28.814Z",221,false,"6762eda00225dc3f0c2d0332",12
"6613f49dce72abb1ce9abe04","675f3c4875bdfb2efc3f1b8f","[""science"",""world"",""entertainment"",""current affairs""]","[]","{}",,"{}",,"{}",,"2024-12-19T06:30:11.158Z",0,true,"6763bd73384b9f43837e879a",0
"6613f4c2ce72abb1ce9abe8b","675f3c4875bdfb2efc3f1b8f","[""politics"",""health"",""lifestyle"",""current affairs""]","[]","{}",,"{}",,"{}",,"2024-12-19T06:30:12.459Z",0,true,"6763bd74384b9f43837e8a6c",0
"6613f4dece72abb1ce9abf00","675f3c4875bdfb2efc3f1b8f","[""lifestyle"",""sports"",""world"",""current affairs""]","[]","{}",,"{}",,"{}",,"2024-12-19T06:30:08.521Z",0,true,"6763bd70384b9f43837e868e",0
"6613f4c8ce72abb1ce9abea3","675f3c4875bdfb2efc3f1b8f","[""entertainment"",""lifestyle"",""health"",""current affairs""]","[""entertainment""]","{""entertainment"":2}",,"{""entertainment"":[""6765ada9f1fdcafbb6354a88"",""67645ccf9634f2d1b19dd33b"",""67645ccf9634f2d1b19dd353"",""6760648003a5fed920480568"",""676309f2f9f0b6014258e0ae"",""6761b94d53f489edf6ecd5f0"",""6761b94d53f489edf6ecd5de"",""6765ada8f1fdcafbb6354a7c"",""6761b94e53f489edf6ecd602"",""67645cce9634f2d1b19dd335""]}",,"{""entertainment"":26}",,"2024-12-19T06:30:09.412Z",26,true,"6763bd71384b9f43837e86d3",2
"6613f4b9ce72abb1ce9abe67","675f3c4875bdfb2efc3f1b8f","[""technology"",""education"",""world"",""current affairs""]","[]","{""technology"":1}",,"{""technology"":[""6761b6b553f489edf6ecd026"",""6761b6b253f489edf6eccfde"",""676064e203a5fed92048068d"",""676307ccf9f0b6014258da44"",""6761b6b453f489edf6ecd014""]}",,"{""technology"":0}",,"2024-12-19T06:30:12.892Z",0,true,"6763bd74384b9f43837e8a90",1
"6613f495ce72abb1ce9abde6","675f3c4875bdfb2efc3f1b8f","[""tourism"",""business"",""crime"",""current affairs""]","[]","{""tourism"":1}",,"{""tourism"":[""6760674803a5fed920480d39"",""6761b9f153f489edf6ecd77c"",""67630a9ff9f0b6014258e20a"",""67645dc89634f2d1b19dd46f"",""6765aeaaf1fdcafbb6354b74""]}",,"{""tourism"":17}",,"2024-12-19T06:30:12.023Z",17,true,"6763bd74384b9f43837e88c6",1
"6613f4cece72abb1ce9abebb","675f3c4875bdfb2efc3f1b8f","[""lifestyle"",""tourism"",""business"",""current affairs""]","[]","{}",,"{}",,"{}",,"2024-12-19T06:30:08.962Z",0,true,"6763bd70384b9f43837e86af",0
"6613f4b6ce72abb1ce9abe5b","675f3c4875bdfb2efc3f1b8f","[""sports"",""politics"",""food"",""current affairs""]","[]","{""sports"":1}",,"{""sports"":[""6765aba5f1fdcafbb63545cc"",""676307f9f9f0b6014258db07"",""6765aba4f1fdcafbb63545ba"",""676307f7f9f0b6014258dad7"",""6761b7a353f489edf6ecd19f""]}",,"{""sports"":8}",,"2024-12-19T06:30:10.507Z",8,true,"6763bd72384b9f43837e876c",1
"6613f4d2ce72abb1ce9abecd","675f3c4875bdfb2efc3f1b8f","[""business"",""crime"",""science"",""current affairs""]","[]","{}",,"{}",,"{}",,"2024-12-19T06:30:11.591Z",0,true,"6763bd73384b9f43837e8830",0
"6613f4dfce72abb1ce9abf03","675f3c4875bdfb2efc3f1b8f","[""crime"",""health"",""tourism"",""current affairs""]","[]","{""crime"":1}",,"{""crime"":[""6761b8a153f489edf6ecd495"",""676308fbf9f0b6014258de52"",""67645b819634f2d1b19dd242"",""6761b8a053f489edf6ecd47d"",""676308fdf9f0b6014258de8e""]}",,"{""crime"":3}",,"2024-12-19T06:30:10.064Z",3,true,"6763bd72384b9f43837e8762",1
"6613f4d7ce72abb1ce9abee2","675f3c4875bdfb2efc3f1b8f","[""crime"",""entertainment"",""lifestyle"",""current affairs""]","[""crime""]","{""crime"":2}",,"{""crime"":[""6761b89f53f489edf6ecd45e"",""6761b8a053f489edf6ecd47d"",""6761b8a153f489edf6ecd4a7"",""6765acf4f1fdcafbb635490a"",""6765acf7f1fdcafbb6354943"",""676066c603a5fed920480bbd"",""6761b89e53f489edf6ecd448"",""67645b7e9634f2d1b19dd1e7"",""6761b89f53f489edf6ecd471"",""676066c603a5fed920480bc3""]}",,"{""crime"":2}",,"2024-12-20T06:30:02.801Z",2,true,"67650eea6abb82bc2b43c5e5",2
"6613f4ddce72abb1ce9abefa","675f3c4875bdfb2efc3f1b8f","[""tourism"",""crime"",""politics"",""current affairs""]","[]","{""tourism"":1}",,"{""tourism"":[""6761b9f353f489edf6ecd79a"",""67630aa0f9f0b6014258e216"",""6760674a03a5fed920480d69"",""67645dc79634f2d1b19dd445"",""6765aeacf1fdcafbb6354b8c""]}",,"{""tourism"":0}",,"2024-12-20T06:30:03.258Z",0,true,"67650eeb6abb82bc2b43c609",1
"6613f4dbce72abb1ce9abef1","675f3c4875bdfb2efc3f1b8f","[""business"",""sports"",""lifestyle"",""current affairs""]","[]","{}",,"{}",,"{}",,"2024-12-20T06:30:04.812Z",0,true,"67650eec6abb82bc2b43c65f",0
"6613f4a2ce72abb1ce9abe16","675f3c4875bdfb2efc3f1b8f","[""politics"",""world"",""health"",""current affairs""]","[]","{}",,"{}",,"{}",,"2024-12-20T06:30:04.370Z",0,true,"67650eec6abb82bc2b43c63e",0
"6613f4d0ce72abb1ce9abec4","675f3c4875bdfb2efc3f1b8f","[""technology"",""science"",""entertainment"",""current affairs""]","[]","{}",,"{}",,"{}",,"2024-12-20T06:30:05.918Z",0,true,"67650eed6abb82bc2b43c6d7",0
"6613f4d6ce72abb1ce9abedc","675f3c4875bdfb2efc3f1b8f","[""business"",""science"",""world"",""current affairs""]","[""business""]","{""business"":2,""science"":1}",,"{""business"":[""6760661c03a5fed9204809d1"",""6760661f03a5fed920480a16"",""6765aaebf1fdcafbb63543e7"",""6761b62f53f489edf6eccf0a"",""6761b63053f489edf6eccf22"",""6764598e9634f2d1b19dccbd"",""6765aaedf1fdcafbb6354427"",""6763075af9f0b6014258d982"",""6764598d9634f2d1b19dccb7"",""6760661e03a5fed920480a10""],""science"":[""6761b80653f489edf6ecd2fd"",""6760676d03a5fed920480da4"",""6765abfbf1fdcafbb63546f2"",""6761b80353f489edf6ecd2b4"",""67630873f9f0b6014258dc89""]}",,"{""business"":9,""science"":2}",,"2024-12-20T06:30:05.256Z",11,true,"67650eed6abb82bc2b43c686",3
"6613f49bce72abb1ce9abdfb","675f3c4875bdfb2efc3f1b8f","[""entertainment"",""business"",""politics"",""current affairs""]","[]","{}",,"{}",,"{}",,"2024-12-20T06:30:07.032Z",0,true,"67650eef6abb82bc2b43c70a",0
"6613f4a8ce72abb1ce9abe2b","676876c92ff2f4658b307390","[""world"",""technology"",""lifestyle"",""current affairs""]","[""world""]","{""world"":2}",,"{""world"":[""676ee4ba5bf888ef09cb29e2"",""676c413cbfc7edab53bdff98"",""67699edd2ff2f4658b695663"",""676c4139bfc7edab53bdff59"",""676af3382ff2f4658ba8a211"",""67699edb2ff2f4658b695639"",""676d92c75bf888ef098c1c82"",""676c413bbfc7edab53bdff86"",""676d92c45bf888ef098c1c36"",""676c413cbfc7edab53bdffab""]}",,"{""world"":9}",,"2024-12-23T06:30:04.568Z",9,true,"6769036c2ff2f4658b5027d4",2
"6613f4b2ce72abb1ce9abe4f","676876c92ff2f4658b307390","[""education"",""health"",""politics"",""current affairs""]","[]","{}",,"{}",,"{}",,"2024-12-23T06:30:05.626Z",0,true,"6769036d2ff2f4658b502809",0
"6613f4cbce72abb1ce9abeaf","676876c92ff2f4658b307390","[""crime"",""health"",""education"",""current affairs""]","[]","{}",,"{}",,"{}",,"2024-12-23T06:30:06.687Z",0,true,"6769036e2ff2f4658b502851",0
"6613f4c8ce72abb1ce9abea3","676876c92ff2f4658b307390","[""food"",""health"",""crime"",""current affairs""]","[""food""]","{""food"":2}",,"{""food"":[""676af4372ff2f4658ba8a3cc"",""676c43cebfc7edab53be0751"",""676d97535bf888ef098c2560"",""67699f352ff2f4658b6956f2"",""676c43d0bfc7edab53be076a"",""676ee7a35bf888ef09cb314b"",""67699f362ff2f4658b69570a"",""676ee7a45bf888ef09cb315d"",""676af4362ff2f4658ba8a3ba"",""67699f382ff2f4658b695734""]}",,"{""food"":0}",,"2024-12-23T06:30:08.292Z",0,true,"676903702ff2f4658b5028a7",2
"6613f4aece72abb1ce9abe40","676876c92ff2f4658b307390","[""education"",""food"",""science"",""current affairs""]","[""education""]","{""education"":2}",,"{""education"":[""676d96705bf888ef098c242a"",""676af1f02ff2f4658ba89f23"",""676af1f22ff2f4658ba89f5b"",""676ee6765bf888ef09cb2ea6"",""676ee6735bf888ef09cb2e5d"",""676af1ee2ff2f4658ba89f03"",""676af1f02ff2f4658ba89f1d"",""676af1f12ff2f4658ba89f43"",""676d966e5bf888ef098c2406"",""676ee6755bf888ef09cb2e93""]}",,"{""education"":9}",,"2024-12-23T06:30:07.756Z",9,true,"6769036f2ff2f4658b50287f",2
"6613f4d1ce72abb1ce9abeca","676876c92ff2f4658b307390","[""sports"",""lifestyle"",""tourism"",""current affairs""]","[]","{}",,"{}",,"{}",,"2024-12-23T06:30:09.354Z",0,true,"676903712ff2f4658b5028d4",0
"6613f4d8ce72abb1ce9abee5","676876c92ff2f4658b307390","[""technology"",""world"",""food"",""current affairs""]","[""technology""]","{""technology"":2}",,"{""technology"":[""676c421ebfc7edab53be01c9"",""67699e622ff2f4658b6955af"",""676ee71c5bf888ef09cb301c"",""676ee71b5bf888ef09cb2fff"",""676d93915bf888ef098c1e56"",""676ee7195bf888ef09cb2fd4"",""67699e602ff2f4658b695585"",""676ee71b5bf888ef09cb2ff3"",""676d93905bf888ef098c1e37"",""676d93925bf888ef098c1e68""]}",,"{""technology"":21}",,"2024-12-23T06:30:10.949Z",21,true,"676903722ff2f4658b502929",2
"6613f4a4ce72abb1ce9abe1c","676876c92ff2f4658b307390","[""business"",""science"",""tourism"",""current affairs""]","[""business""]","{""business"":2}",,"{""business"":[""676ee6525bf888ef09cb2e40"",""676c41d6bfc7edab53be0141"",""676c41d6bfc7edab53be014d"",""676d936b5bf888ef098c1d9a"",""676af2fb2ff2f4658ba8a170"",""676ee64f5bf888ef09cb2e08"",""6769a1622ff2f4658b695b8f"",""676ee64f5bf888ef09cb2e02"",""6769a1632ff2f4658b695bad"",""6769a1632ff2f4658b695bb3""]}",,"{""business"":24}",,"2024-12-23T06:30:03.912Z",24,true,"6769036b2ff2f4658b5027a9",2
"6613f49bce72abb1ce9abdfe","676876c92ff2f4658b307390","[""sports"",""tourism"",""entertainment"",""current affairs""]","[]","{}",,"{}",,"{}",,"2024-12-23T06:30:08.823Z",0,true,"676903702ff2f4658b5028ac",0
"6613f4b6ce72abb1ce9abe5b","676876c92ff2f4658b307390","[""crime"",""education"",""science"",""current affairs""]","[]","{""crime"":1}",,"{""crime"":[""6769a1092ff2f4658b695aba"",""676c4339bfc7edab53be056c"",""676d95a05bf888ef098c22d6"",""676af2772ff2f4658ba8a009"",""676ee46c5bf888ef09cb2809""]}",,"{""crime"":19}",,"2024-12-23T06:30:06.157Z",19,true,"6769036e2ff2f4658b50282a",1
"6613f49dce72abb1ce9abe04","676876c92ff2f4658b307390","[""environment"",""technology"",""entertainment"",""current affairs""]","[]","{}",,"{}",,"{}",,"2024-12-23T06:30:07.226Z",0,true,"6769036f2ff2f4658b50285e",0
"6613f4bece72abb1ce9abe7c","676876c92ff2f4658b307390","[""crime"",""business"",""science"",""current affairs""]","[""crime""]","{""crime"":2,""business"":1}",,"{""crime"":[""676d959f5bf888ef098c22be"",""676d95a05bf888ef098c22ee"",""676af2792ff2f4658ba8a027"",""6769a1092ff2f4658b695ab4"",""676c4338bfc7edab53be0554"",""6769a1092ff2f4658b695aae"",""676d95a15bf888ef098c2303"",""676ee46c5bf888ef09cb2802"",""6769a10c2ff2f4658b695af3"",""6769a10b2ff2f4658b695aeb""],""business"":[""676af2fc2ff2f4658ba8a18a"",""676c41d8bfc7edab53be016c"",""676ee64f5bf888ef09cb2e02"",""676ee64e5bf888ef09cb2dea"",""676ee64e5bf888ef09cb2df0""]}",,"{""crime"":18,""business"":22}",,"2024-12-23T06:30:10.416Z",40,true,"676903722ff2f4658b502901",3
"6613f4b9ce72abb1ce9abe67","676876c92ff2f4658b307390","[""food"",""politics"",""science"",""current affairs""]","[]","{""food"":1}",,"{""food"":[""676c43d1bfc7edab53be0782"",""676d97545bf888ef098c2572"",""676ee7a25bf888ef09cb312d"",""676af4362ff2f4658ba8a3ba"",""676ee7a45bf888ef09cb3151""]}",,"{""food"":19}",,"2024-12-23T06:30:05.098Z",19,true,"6769036d2ff2f4658b5027fc",1
"6613f498ce72abb1ce9abdf2","676876c92ff2f4658b307390","[""sports"",""lifestyle"",""tourism"",""current affairs""]","[]","{""sports"":1}",,"{""sports"":[""6769a0142ff2f4658b695952"",""676af3702ff2f4658ba8a28d"",""676d93bf5bf888ef098c1eb0"",""676af3722ff2f4658ba8a2b1"",""6769a0152ff2f4658b695960""]}",,"{""sports"":0}",,"2024-12-23T06:30:09.885Z",0,true,"676903712ff2f4658b5028e0",1
"673ff536038d0080790a95be","676876c92ff2f4658b307390","[""sports"",""health"",""science"",""current affairs""]","[""sports"",""health"",""science"",""current affairs""]","{""sports"":2,""health"":2,""science"":2,""current affairs"":2}",,"{""sports"":[""6769a0122ff2f4658b695912"",""676d93c05bf888ef098c1ebc"",""676af3742ff2f4658ba8a2e7"",""676d93c25bf888ef098c1ef9"",""676ee5f35bf888ef09cb2d4c"",""676d93bf5bf888ef098c1ea4"",""6769a0152ff2f4658b695958"",""676d93c05bf888ef098c1ec2"",""676af3702ff2f4658ba8a293"",""676d93c15bf888ef098c1ed4""],""health"":[""676af2242ff2f4658ba89fb2"",""676c42adbfc7edab53be0338"",""676af2262ff2f4658ba89fdc"",""676d94655bf888ef098c1fd6"",""676af2242ff2f4658ba89fa6"",""676d94675bf888ef098c1ff4"",""676c42afbfc7edab53be0356"",""67699f662ff2f4658b6957a7"",""67699f682ff2f4658b6957d2"",""676c42b0bfc7edab53be0380""],""science"":[""676af0c82ff2f4658ba89c83"",""676c42d0bfc7edab53be03f4"",""6769a1cf2ff2f4658b695cc2"",""676ee6e05bf888ef09cb2f55"",""676c42d0bfc7edab53be03e2"",""6769a1cf2ff2f4658b695cbc"",""6769a1d12ff2f4658b695cf2"",""676ee6e05bf888ef09cb2f61"",""6769a1d02ff2f4658b695cd4"",""676af0c82ff2f4658ba89c89""],""current affairs"":[""676e9e765bf888ef09bfc0bb"",""676e9e775bf888ef09bfc34b"",""676e9e785bf888ef09bfc380"",""676e9e795bf888ef09bfc663"",""676e9e7e5bf888ef09bfcdc0"",""676e9e7d5bf888ef09bfca98"",""676e9e755bf888ef09bfbd5d"",""676e9e7d5bf888ef09bfcabe"",""676e9e755bf888ef09bfbd6a"",""676e9e7c5bf888ef09bfca86""]}",,"{""sports"":9,""health"":28,""science"":43,""current affairs"":25}",,"2024-12-23T13:39:53.955Z",105,false,"676968292ff2f4658b608f74",12
"65fe496b205cf6d5f81e91fb","676876c92ff2f4658b307390","[""health"",""entertainment"",""food"",""current affairs""]","[""health"",""entertainment"",""food"",""current affairs""]","{""health"":2,""entertainment"":2,""food"":2,""current affairs"":2}",,"{""health"":[""676af2252ff2f4658ba89fbe"",""676ee5665bf888ef09cb2be4"",""676c42b0bfc7edab53be037a"",""676af2262ff2f4658ba89fca"",""676d94665bf888ef098c1fe2"",""676c42afbfc7edab53be0350"",""676d94665bf888ef098c1fdc"",""67699f642ff2f4658b69577d"",""67699f652ff2f4658b695795"",""67699f662ff2f4658b6957ad""],""entertainment"":[""676af13a2ff2f4658ba89df3"",""676af1382ff2f4658ba89dc2"",""676c439bbfc7edab53be0695"",""676c439cbfc7edab53be06bd"",""676c439cbfc7edab53be06b7"",""67699f902ff2f4658b69585c"",""676af1392ff2f4658ba89dd5"",""67699f8e2ff2f4658b69583d"",""67699f902ff2f4658b695862"",""676af1392ff2f4658ba89ddb""],""food"":[""676d97545bf888ef098c256c"",""676af4362ff2f4658ba8a3c0"",""676d97525bf888ef098c2536"",""67699f352ff2f4658b6956f8"",""676ee7a45bf888ef09cb3151"",""67699f382ff2f4658b69573a"",""676ee7a55bf888ef09cb3163"",""67699f382ff2f4658b695746"",""676c43d0bfc7edab53be076a"",""67699f372ff2f4658b69572e""],""current affairs"":[""676e9e7d5bf888ef09bfcabe"",""676e9e795bf888ef09bfc663"",""676e9e775bf888ef09bfc34b"",""676e9e7c5bf888ef09bfca86"",""676e9e745bf888ef09bfbd36"",""676e9e785bf888ef09bfc380"",""676e9e7a5bf888ef09bfc671"",""676e9e765bf888ef09bfc0bb"",""676e9e785bf888ef09bfc372"",""676e9e7d5bf888ef09bfca98""]}",,"{""health"":44,""entertainment"":39,""food"":51,""current affairs"":77}",,"2024-12-24T05:33:25.367Z",211,false,"676a47a52ff2f4658b8e94bb",12
"6613f4c9ce72abb1ce9abea9","676876c92ff2f4658b307390","[""crime"",""lifestyle"",""politics"",""current affairs""]","[]","{}",,"{}",,"{}",,"2024-12-24T06:30:08.352Z",0,true,"676a54f02ff2f4658b8f382d",0
"6613f4afce72abb1ce9abe43","676876c92ff2f4658b307390","[""technology"",""science"",""entertainment"",""current affairs""]","[]","{""technology"":1}",,"{""technology"":[""676ee7195bf888ef09cb2fd4"",""676c421fbfc7edab53be01db"",""676c421ebfc7edab53be01c3"",""676d93905bf888ef098c1e43"",""676d938f5bf888ef098c1e2b""]}",,"{""technology"":0}",,"2024-12-24T06:30:10.724Z",0,true,"676a54f22ff2f4658b8f38ad",1
"6613f4c5ce72abb1ce9abe97","676876c92ff2f4658b307390","[""tourism"",""entertainment"",""health"",""current affairs""]","[]","{""tourism"":1}",,"{""tourism"":[""676d97a25bf888ef098c261c"",""6769a34e2ff2f4658b6966fa"",""676d97a25bf888ef098c2622"",""676ee4e65bf888ef09cb2a96"",""6769a3512ff2f4658b696748""]}",,"{""tourism"":0}",,"2024-12-24T06:30:05.184Z",0,true,"676a54ed2ff2f4658b8f3786",1
"6613f4a9ce72abb1ce9abe2e","676876c92ff2f4658b307390","[""environment"",""tourism"",""lifestyle"",""current affairs""]","[""environment""]","{""environment"":2}",,"{""environment"":[""6769a4c22ff2f4658b69778e"",""676ee5bc5bf888ef09cb2c78"",""676af46d2ff2f4658ba8a43a"",""676ee5bb5bf888ef09cb2c66"",""676d95715bf888ef098c2230"",""676c430fbfc7edab53be04b0"",""676d95725bf888ef098c223c"",""676c4310bfc7edab53be04cb"",""6769a4c32ff2f4658b6977ac"",""676ee5bd5bf888ef09cb2c91""]}",,"{""environment"":0}",,"2024-12-24T06:30:04.656Z",0,true,"676a54ec2ff2f4658b8f3765",2
"6613f4dbce72abb1ce9abef1","676876c92ff2f4658b307390","[""crime"",""lifestyle"",""tourism"",""current affairs""]","[]","{""crime"":1}",,"{""crime"":[""676ee46e5bf888ef09cb283d"",""676d959e5bf888ef098c22b2"",""676c4337bfc7edab53be0542"",""6769a10a2ff2f4658b695ad9"",""676d95a05bf888ef098c22dc""]}",,"{""crime"":6}",,"2024-12-24T06:30:07.825Z",6,true,"676a54ef2ff2f4658b8f380c",1
"6613f4b8ce72abb1ce9abe64","676876c92ff2f4658b307390","[""environment"",""technology"",""world"",""current affairs""]","[""environment""]","{""environment"":2}",,"{""environment"":[""6769a4c52ff2f4658b697869"",""676af46a2ff2f4658ba8a3fe"",""676d95735bf888ef098c224e"",""676d95735bf888ef098c2254"",""676d95705bf888ef098c221d"",""676d95715bf888ef098c2230"",""676c430fbfc7edab53be04b0"",""6769a4c42ff2f4658b69785d"",""676c430fbfc7edab53be04a4"",""676ee5bd5bf888ef09cb2c85""]}",,"{""environment"":12}",,"2024-12-24T06:30:04.120Z",12,true,"676a54ec2ff2f4658b8f3757",2
"6613f4a6ce72abb1ce9abe22","676876c92ff2f4658b307390","[""education"",""science"",""business"",""current affairs""]","[""education""]","{""education"":2}",,"{""education"":[""676ee6755bf888ef09cb2ea0"",""676d96715bf888ef098c243c"",""676ee6735bf888ef09cb2e5d"",""676d966e5bf888ef098c2406"",""676c437bbfc7edab53be0617"",""676d96715bf888ef098c2436"",""676c437cbfc7edab53be0631"",""676d96725bf888ef098c2466"",""676af1f12ff2f4658ba89f43"",""6769a1a82ff2f4658b695c7c""]}",,"{""education"":17}",,"2024-12-24T06:30:09.141Z",17,true,"676a54f12ff2f4658b8f3859",2
"6613f4d4ce72abb1ce9abed6","676876c92ff2f4658b307390","[""politics"",""world"",""tourism"",""current affairs""]","[]","{}",,"{}",,"{}",,"2024-12-24T06:30:09.670Z",0,true,"676a54f12ff2f4658b8f387e",0
"6613f4d2ce72abb1ce9abecd","676876c92ff2f4658b307390","[""entertainment"",""technology"",""crime"",""current affairs""]","[]","{""entertainment"":1}",,"{""entertainment"":[""676ee5105bf888ef09cb2af7"",""676c439ebfc7edab53be06d5"",""676af13a2ff2f4658ba89ded"",""676c439abfc7edab53be0683"",""676ee5125bf888ef09cb2b27""]}",,"{""entertainment"":17}",,"2024-12-24T06:30:10.198Z",17,true,"676a54f22ff2f4658b8f388c",1
"6613f4c4ce72abb1ce9abe94","676876c92ff2f4658b307390","[""tourism"",""education"",""politics"",""current affairs""]","[]","{}",,"{}",,"{}",,"2024-12-24T06:30:06.241Z",0,true,"676a54ee2ff2f4658b8f37b7",0
"6613f4cace72abb1ce9abeac","676876c92ff2f4658b307390","[""sports"",""tourism"",""lifestyle"",""current affairs""]","[]","{""sports"":1}",,"{""sports"":[""6769a0162ff2f4658b695974"",""6769a0122ff2f4658b69590c"",""676af3712ff2f4658ba8a299"",""676c4274bfc7edab53be02ca"",""676d93c35bf888ef098c1f05""]}",,"{""sports"":0}",,"2024-12-24T06:30:07.297Z",0,true,"676a54ef2ff2f4658b8f3801",1
"6613f4abce72abb1ce9abe34","676876c92ff2f4658b307390","[""tourism"",""lifestyle"",""food"",""current affairs""]","[]","{}",,"{}",,"{}",,"2024-12-24T06:30:05.711Z",0,true,"676a54ed2ff2f4658b8f37aa",0
"6613f4bbce72abb1ce9abe70","676876c92ff2f4658b307390","[""science"",""entertainment"",""tourism"",""current affairs""]","[]","{""science"":1}",,"{""science"":[""676af0ca2ff2f4658ba89cbb"",""676d949a5bf888ef098c205f"",""676af0cb2ff2f4658ba89cc1"",""676af0ca2ff2f4658ba89ca9"",""676af0c82ff2f4658ba89c83""]}",,"{""science"":10}",,"2024-12-24T06:30:06.769Z",10,true,"676a54ee2ff2f4658b8f37d8",1
"661d1b2215323b828c65ac04","676876c92ff2f4658b307390","[""science"",""environment"",""crime"",""current affairs""]","[""science"",""environment"",""crime"",""current affairs""]","{""science"":2,""environment"":2,""crime"":2,""current affairs"":2}",,"{""science"":[""6769a1d12ff2f4658b695ce6"",""676ee6e25bf888ef09cb2f7f"",""676d949c5bf888ef098c2089"",""676af0ca2ff2f4658ba89ca9"",""676af0c92ff2f4658ba89c97"",""6769a1d12ff2f4658b695cf2"",""6769a1d12ff2f4658b695ce0"",""6769a1d02ff2f4658b695cc8"",""676ee6e15bf888ef09cb2f67"",""676af0cb2ff2f4658ba89cc7""],""environment"":[""676ee5bc5bf888ef09cb2c6c"",""676af4692ff2f4658ba8a3ec"",""676ee5bf5bf888ef09cb2cbc"",""676c430fbfc7edab53be04aa"",""676d95705bf888ef098c2217"",""676af46c2ff2f4658ba8a42e"",""6769a4c22ff2f4658b697794"",""676d956f5bf888ef098c220b"",""676d95705bf888ef098c2211"",""676af46b2ff2f4658ba8a410""],""crime"":[""676ee46e5bf888ef09cb283d"",""676d95a25bf888ef098c2315"",""676d95a05bf888ef098c22dc"",""676af2782ff2f4658ba8a01b"",""676c4336bfc7edab53be053a"",""676ee46c5bf888ef09cb2809"",""6769a10b2ff2f4658b695aeb"",""676c4339bfc7edab53be0572"",""6769a10a2ff2f4658b695acd"",""676c4338bfc7edab53be0554""],""current affairs"":[""676e9e7e5bf888ef09bfcdc0"",""676e9e755bf888ef09bfbd5d"",""676e9e7b5bf888ef09bfc7e4"",""676e9e7a5bf888ef09bfc7ac"",""676e9e7c5bf888ef09bfca86"",""676e9e7d5bf888ef09bfcabe"",""676e9e7f5bf888ef09bfcdd2"",""676e9e785bf888ef09bfc372"",""676e9e745bf888ef09bfbd36"",""676e9e775bf888ef09bfc34b""]}",,"{""science"":17,""environment"":21,""crime"":17,""current affairs"":84}",,"2024-12-24T13:33:25.360Z",139,false,"676ab8252ff2f4658b9fb078",12
"65b1ebbc90ba2e3794e9696d","676876c92ff2f4658b307390","[""world"",""health"",""science"",""current affairs""]","[""health"",""world"",""science"",""current affairs""]","{""current affairs"":2,""world"":2,""health"":2,""science"":2}",,"{""current affairs"":[""676e9e765bf888ef09bfc096"",""676e9e785bf888ef09bfc380"",""676e9e745bf888ef09bfbd36"",""676e9e775bf888ef09bfc34b"",""676e9e785bf888ef09bfc372"",""676e9e755bf888ef09bfbd6a"",""676e9e7f5bf888ef09bfcdd2"",""676e9e7a5bf888ef09bfc671"",""676e9e7d5bf888ef09bfca98"",""676e9e765bf888ef09bfc0bb""],""world"":[""67699edc2ff2f4658b69565d"",""67699edb2ff2f4658b69563f"",""676af3372ff2f4658ba8a1f9"",""676c413abfc7edab53bdff6b"",""676c413bbfc7edab53bdff8c"",""676d92c45bf888ef098c1c42"",""676ee4bc5bf888ef09cb2a18"",""676ee4b95bf888ef09cb29d0"",""676ee4b95bf888ef09cb29dc"",""676ee4bb5bf888ef09cb2a06""],""health"":[""676c42adbfc7edab53be0338"",""676c42aebfc7edab53be0344"",""676c42afbfc7edab53be035c"",""67699f642ff2f4658b695789"",""676ee5675bf888ef09cb2c03"",""676c42aebfc7edab53be033e"",""676af2252ff2f4658ba89fc4"",""67699f672ff2f4658b6957c0"",""676ee5655bf888ef09cb2bd1"",""676c42b0bfc7edab53be0374""],""science"":[""676af0cc2ff2f4658ba89ce6"",""676d949c5bf888ef098c207d"",""676ee6e25bf888ef09cb2f7f"",""676af0ca2ff2f4658ba89caf"",""6769a1cf2ff2f4658b695cc2"",""676c42cfbfc7edab53be03cf"",""676c42d0bfc7edab53be03ee"",""6769a1d12ff2f4658b695ce6"",""6769a1d22ff2f4658b695cf8"",""676af0cb2ff2f4658ba89cc1""]}",,"{""current affairs"":23,""world"":47,""health"":23,""science"":32}",,"2024-12-25T06:39:36.048Z",125,false,"676ba8a84799290bc7c566a9",12
"667d9d31ede918c194e96af9","676876c92ff2f4658b307390","[""health"",""food"",""entertainment"",""current affairs""]","[""food"",""health"",""current affairs"",""entertainment""]","{""food"":2,""health"":2,""current affairs"":2,""entertainment"":2}",,"{""food"":[""676c43d1bfc7edab53be0788"",""67699f372ff2f4658b695728"",""676d97545bf888ef098c2572"",""67699f372ff2f4658b695722"",""676c43cebfc7edab53be074b"",""676af4362ff2f4658ba8a3c0"",""67699f362ff2f4658b695710"",""676af4352ff2f4658ba8a3a8"",""676d97545bf888ef098c257e"",""676d97525bf888ef098c254e""],""health"":[""67699f682ff2f4658b6957d8"",""676d94655bf888ef098c1fd0"",""676d94665bf888ef098c1fdc"",""676ee5675bf888ef09cb2bfd"",""676c42adbfc7edab53be0338"",""676af2242ff2f4658ba89fb2"",""676af2242ff2f4658ba89fa0"",""67699f652ff2f4658b6957a1"",""676c42aebfc7edab53be034a"",""67699f652ff2f4658b695795""],""current affairs"":[""676e9e7a5bf888ef09bfc671"",""676e9e7b5bf888ef09bfc7d2"",""676e9e765bf888ef09bfc0bb"",""676e9e7e5bf888ef09bfcdc0"",""676e9e775bf888ef09bfc34b"",""676e9e7a5bf888ef09bfc7ac"",""676e9e785bf888ef09bfc380"",""676e9e7d5bf888ef09bfca98"",""676e9e745bf888ef09bfbd36"",""676e9e7d5bf888ef09bfcabe""],""entertainment"":[""676af1392ff2f4658ba89dcf"",""676ee5115bf888ef09cb2b1b"",""676c439ebfc7edab53be06ea"",""676ee5135bf888ef09cb2b39"",""676af13a2ff2f4658ba89de7"",""676af1382ff2f4658ba89dbc"",""676ee5135bf888ef09cb2b45"",""676ee5125bf888ef09cb2b2d"",""676ee5105bf888ef09cb2b03"",""676af1372ff2f4658ba89db0""]}",,"{""food"":11,""health"":37,""current affairs"":65,""entertainment"":34}",,"2024-12-25T16:29:46.038Z",147,false,"676c32fabfc7edab53b9fb12",12
"66210e6094d2c53bd0b70ccc","676876c92ff2f4658b307390","[""food"",""lifestyle"",""health"",""current affairs""]","[""food"",""health""]","{""health"":2,""food"":2,""lifestyle"":1,""current affairs"":1}",,"{""health"":[""67699f662ff2f4658b6957b9"",""676ee5655bf888ef09cb2bd7"",""676d94665bf888ef098c1fe2"",""67699f682ff2f4658b6957d2"",""676c42adbfc7edab53be032c"",""676ee5645bf888ef09cb2bb3"",""676af2252ff2f4658ba89fbe"",""676c42afbfc7edab53be035c"",""67699f642ff2f4658b695789"",""676d94665bf888ef098c1fdc""],""food"":[""676af4372ff2f4658ba8a3cc"",""67699f372ff2f4658b695722"",""676af4372ff2f4658ba8a3c6"",""67699f352ff2f4658b6956f8"",""676ee7a65bf888ef09cb317b"",""676d97525bf888ef098c254e"",""67699f362ff2f4658b695710"",""676af4352ff2f4658ba8a3a8"",""67699f362ff2f4658b69570a"",""676d97555bf888ef098c258b""],""lifestyle"":[""676ee4405bf888ef09cb20aa"",""676af3bb2ff2f4658ba8a32c"",""676ee4415bf888ef09cb20c5"",""676c4436bfc7edab53be08a3"",""676af3ba2ff2f4658ba8a30e""],""current affairs"":[""676e9e755bf888ef09bfbd5d"",""676e9e765bf888ef09bfc0bb"",""676e9e795bf888ef09bfc663"",""676e9e755bf888ef09bfbd6a"",""676e9e7b5bf888ef09bfc7e4""]}",,"{""health"":3,""food"":22,""lifestyle"":5,""current affairs"":0}",,"2024-12-25T16:31:55.195Z",30,false,"676c337bbfc7edab53ba1f44",8
"6613f494ce72abb1ce9abddf","676876c92ff2f4658b307390","[""sports"",""health"",""food"",""current affairs""]","[]","{""sports"":1}",,"{""sports"":[""6769a0152ff2f4658b695968"",""6769a0152ff2f4658b695960"",""676d93c15bf888ef098c1ed4"",""676c4271bfc7edab53be0294"",""676d93c05bf888ef098c1ebc""]}",,"{""sports"":27}",,"2024-12-26T06:30:40.751Z",27,true,"676cf810bfc7edab53e36c69",1
"6613f4d1ce72abb1ce9abec7","676876c92ff2f4658b307390","[""world"",""science"",""entertainment"",""current affairs""]","[]","{""world"":1}",,"{""world"":[""676d92c55bf888ef098c1c54"",""67699edb2ff2f4658b69563f"",""676d92c65bf888ef098c1c66"",""67699edc2ff2f4658b69565d"",""676d92c45bf888ef098c1c42""]}",,"{""world"":30}",,"2024-12-26T06:30:37.801Z",30,true,"676cf80dbfc7edab53e36bef",1
"6613f4a0ce72abb1ce9abe10","676876c92ff2f4658b307390","[""politics"",""science"",""entertainment"",""current affairs""]","[]","{""politics"":1}",,"{""politics"":[""676d92ee5bf888ef098c1d06"",""676af3f32ff2f4658ba8a35e"",""6769a2b22ff2f4658b695f67"",""676ee7495bf888ef09cb30c0"",""676ee74b5bf888ef09cb30ea""]}",,"{""politics"":0}",,"2024-12-26T06:30:41.284Z",0,true,"676cf811bfc7edab53e36c73",1
"6613f4ccce72abb1ce9abeb5","676876c92ff2f4658b307390","[""world"",""entertainment"",""crime"",""current affairs""]","[""world""]","{""world"":2}",,"{""world"":[""676c413abfc7edab53bdff6b"",""67699edb2ff2f4658b69563f"",""676d92c35bf888ef098c1c24"",""67699edc2ff2f4658b69565d"",""67699ede2ff2f4658b695694"",""676d92c65bf888ef098c1c60"",""676ee4b95bf888ef09cb29d0"",""676ee4bb5bf888ef09cb2a00"",""67699edc2ff2f4658b695657"",""676d92c75bf888ef098c1c82""]}",,"{""world"":0}",,"2024-12-26T06:30:38.884Z",0,true,"676cf80ebfc7edab53e36c1b",2
"6613f4dcce72abb1ce9abef7","676876c92ff2f4658b307390","[""politics"",""health"",""tourism"",""current affairs""]","[]","{""politics"":1}",,"{""politics"":[""676c4186bfc7edab53be006e"",""676d92ed5bf888ef098c1cf4"",""676c4186bfc7edab53be0074"",""676ee74a5bf888ef09cb30d8"",""6769a2b22ff2f4658b695f73""]}",,"{""politics"":0}",,"2024-12-26T06:30:38.339Z",0,true,"676cf80ebfc7edab53e36bfa",1
"6613f495ce72abb1ce9abde3","676876c92ff2f4658b307390","[""education"",""business"",""environment"",""current affairs""]","[""education"",""business""]","{""education"":2,""business"":2}",,"{""education"":[""676af1f02ff2f4658ba89f31"",""676af1ef2ff2f4658ba89f17"",""676d96715bf888ef098c243c"",""676c437bbfc7edab53be061d"",""6769a1a72ff2f4658b695c64"",""676af1f02ff2f4658ba89f1d"",""676ee6735bf888ef09cb2e69"",""676af1ef2ff2f4658ba89f0f"",""6769a1a62ff2f4658b695c4b"",""676af1f12ff2f4658ba89f43""],""business"":[""676c41d6bfc7edab53be0147"",""676d936b5bf888ef098c1d8e"",""676ee64f5bf888ef09cb2e02"",""676ee64d5bf888ef09cb2dde"",""6769a1622ff2f4658b695b9b"",""6769a1632ff2f4658b695bb9"",""676af2f92ff2f4658ba8a148"",""676ee6505bf888ef09cb2e28"",""6769a1642ff2f4658b695bbf"",""676ee64e5bf888ef09cb2df0""]}",,"{""education"":8,""business"":12}",,"2024-12-26T06:30:39.949Z",20,true,"676cf80fbfc7edab53e36c44",4
"6613f497ce72abb1ce9abdec","676876c92ff2f4658b307390","[""business"",""crime"",""politics"",""current affairs""]","[]","{""business"":1}",,"{""business"":[""676c41d5bfc7edab53be013b"",""676c41d6bfc7edab53be0153"",""676ee6505bf888ef09cb2e1c"",""6769a1652ff2f4658b695bd1"",""676af2fa2ff2f4658ba8a158""]}",,"{""business"":8}",,"2024-12-26T06:30:42.353Z",8,true,"676cf812bfc7edab53e36ca0",1
"6613f4c7ce72abb1ce9abea0","676876c92ff2f4658b307390","[""environment"",""technology"",""entertainment"",""current affairs""]","[""environment""]","{""environment"":2}",,"{""environment"":[""676ee5be5bf888ef09cb2cb0"",""676ee5bd5bf888ef09cb2c91"",""676af46a2ff2f4658ba8a3fe"",""676af46c2ff2f4658ba8a42e"",""676d95735bf888ef098c225a"",""676c430fbfc7edab53be04a4"",""6769a4c32ff2f4658b6977ac"",""6769a4c42ff2f4658b69784a"",""676c4311bfc7edab53be04e3"",""676ee5bb5bf888ef09cb2c66""]}",,"{""environment"":0}",,"2024-12-26T06:30:42.890Z",0,true,"676cf812bfc7edab53e36cbf",2
"6613f4d7ce72abb1ce9abee2","676876c92ff2f4658b307390","[""food"",""health"",""education"",""current affairs""]","[]","{""food"":1}",,"{""food"":[""676d97555bf888ef098c258b"",""676c43d0bfc7edab53be0770"",""67699f372ff2f4658b695722"",""67699f382ff2f4658b695746"",""676c43d0bfc7edab53be077c""]}",,"{""food"":0}",,"2024-12-26T06:30:43.421Z",0,true,"676cf813bfc7edab53e36cc9",1
"6613f4dece72abb1ce9abf00","676876c92ff2f4658b307390","[""science"",""crime"",""entertainment"",""current affairs""]","[]","{}",,"{}",,"{}",,"2024-12-26T06:30:39.417Z",0,true,"676cf80fbfc7edab53e36c23",0
"661d1c43d3779bd18c70c9aa","676876c92ff2f4658b307390","[""world"",""politics"",""sports"",""current affairs""]","[]","{}",,"{}",,"{}",,"2024-12-27T03:52:37.521Z",0,true,"676e24855bf888ef09acfb62",0
"6613f4a1ce72abb1ce9abe13","676876c92ff2f4658b307390","[""business"",""entertainment"",""tourism"",""current affairs""]","[]","{}",,"{}",,"{}",,"2024-12-27T06:30:39.065Z",0,true,"676e498f5bf888ef09b1b53e",0
"6613f4acce72abb1ce9abe3a","676876c92ff2f4658b307390","[""food"",""tourism"",""science"",""current affairs""]","[]","{}",,"{}",,"{}",,"2024-12-27T06:30:41.481Z",0,true,"676e49915bf888ef09b1b594",0
"6613f4bbce72abb1ce9abe6d","676876c92ff2f4658b307390","[""food"",""health"",""business"",""current affairs""]","[]","{""food"":1}",,"{""food"":[""676c43d0bfc7edab53be0776"",""676d97515bf888ef098c252a"",""676af4362ff2f4658ba8a3ae"",""676d97525bf888ef098c2554"",""676d97515bf888ef098c2530""]}",,"{""food"":4}",,"2024-12-27T06:30:42.556Z",4,true,"676e49925bf888ef09b1b5bc",1
"6613f4a2ce72abb1ce9abe16","676876c92ff2f4658b307390","[""tourism"",""world"",""crime"",""current affairs""]","[""tourism""]","{""tourism"":2}",,"{""tourism"":[""676c445abfc7edab53be0949"",""676c445abfc7edab53be0943"",""676af2a22ff2f4658ba8a09e"",""676c4459bfc7edab53be092a"",""6769a34f2ff2f4658b696712"",""676d97a45bf888ef098c2652"",""676d97a35bf888ef098c263a"",""676d97a25bf888ef098c261c"",""676d97a35bf888ef098c262e"",""6769a34e2ff2f4658b6966fa""]}",,"{""tourism"":25}",,"2024-12-27T06:30:43.091Z",25,true,"676e49935bf888ef09b1b5c7",2
"6613f49ece72abb1ce9abe0a","676876c92ff2f4658b307390","[""science"",""crime"",""business"",""current affairs""]","[""science""]","{""science"":2}",,"{""science"":[""676d949a5bf888ef098c2053"",""676d949b5bf888ef098c2071"",""676c42d1bfc7edab53be03fa"",""676af0c82ff2f4658ba89c89"",""676af0c82ff2f4658ba89c7b"",""676c42cfbfc7edab53be03d6"",""676af0cb2ff2f4658ba89cc1"",""676d949c5bf888ef098c2089"",""676ee6e15bf888ef09cb2f67"",""676ee6df5bf888ef09cb2f39""]}",,"{""science"":2}",,"2024-12-27T06:30:40.946Z",2,true,"676e49905bf888ef09b1b575",2
"6613f4a6ce72abb1ce9abe25","676876c92ff2f4658b307390","[""lifestyle"",""food"",""environment"",""current affairs""]","[]","{""lifestyle"":1}",,"{""lifestyle"":[""676c4435bfc7edab53be0883"",""676ee4415bf888ef09cb20b8"",""676d97765bf888ef098c25ba"",""676c4434bfc7edab53be0877"",""676d97785bf888ef098c25f6""]}",,"{""lifestyle"":7}",,"2024-12-27T06:30:39.870Z",7,true,"676e498f5bf888ef09b1b549",1
"6613f4b1ce72abb1ce9abe49","676876c92ff2f4658b307390","[""food"",""world"",""entertainment"",""current affairs""]","[""food""]","{""food"":2,""world"":1}",,"{""food"":[""676af4362ff2f4658ba8a3ae"",""676af4372ff2f4658ba8a3cc"",""676ee7a25bf888ef09cb3133"",""67699f352ff2f4658b6956f8"",""676af4382ff2f4658ba8a3d8"",""676ee7a35bf888ef09cb313f"",""67699f372ff2f4658b695722"",""676c43cfbfc7edab53be0757"",""676ee7a35bf888ef09cb314b"",""676c43d0bfc7edab53be0770""],""world"":[""676c413dbfc7edab53bdffb1"",""676af3382ff2f4658ba8a217"",""676d92c25bf888ef098c1c1e"",""67699edd2ff2f4658b695663"",""676c4139bfc7edab53bdff65""]}",,"{""food"":22,""world"":2}",,"2024-12-27T06:30:38.529Z",24,true,"676e498e5bf888ef09b1b516",3
"6613f4bace72abb1ce9abe6a","676876c92ff2f4658b307390","[""science"",""business"",""tourism"",""current affairs""]","[""science""]","{""science"":2}",,"{""science"":[""676ee6de5bf888ef09cb2f33"",""676af0cc2ff2f4658ba89cda"",""676af0cc2ff2f4658ba89cd4"",""6769a1d12ff2f4658b695cf2"",""676af0cc2ff2f4658ba89ce6"",""676d949a5bf888ef098c2053"",""676ee6df5bf888ef09cb2f47"",""676d949a5bf888ef098c205f"",""676af0ca2ff2f4658ba89caf"",""676d949a5bf888ef098c2059""]}",,"{""science"":5}",,"2024-12-27T06:30:40.409Z",5,true,"676e49905bf888ef09b1b56a",2
"6613f4a5ce72abb1ce9abe1f","676876c92ff2f4658b307390","[""world"",""sports"",""science"",""current affairs""]","[]","{}",,"{}",,"{}",,"2024-12-27T06:30:37.984Z",0,true,"676e498d5bf888ef09b1b511",0
"6613f4b1ce72abb1ce9abe4c","676876c92ff2f4658b307390","[""lifestyle"",""crime"",""world"",""current affairs""]","[]","{""lifestyle"":1}",,"{""lifestyle"":[""676ee43d5bf888ef09cb2055"",""676ee43f5bf888ef09cb2087"",""676c4431bfc7edab53be083b"",""676c4432bfc7edab53be0847"",""676d97795bf888ef098c2602""]}",,"{""lifestyle"":3}",,"2024-12-27T06:30:43.626Z",3,true,"676e49935bf888ef09b1b5e6",1
"653548118a2815874166fa66","676876c92ff2f4658b307390","[""world"",""sports"",""entertainment"",""current affairs""]","[""world"",""sports"",""entertainment"",""current affairs""]","{""world"":2,""sports"":2,""entertainment"":2,""current affairs"":2}",,"{""world"":[""676af3362ff2f4658ba8a1ed"",""676c413bbfc7edab53bdff92"",""676d92c65bf888ef098c1c60"",""676ee4ba5bf888ef09cb29f4"",""67699ede2ff2f4658b69568e"",""676ee4ba5bf888ef09cb29ee"",""676d92c55bf888ef098c1c54"",""676af3372ff2f4658ba8a1ff"",""676af33a2ff2f4658ba8a240"",""676ee4bb5bf888ef09cb29fa""],""sports"":[""676af3742ff2f4658ba8a2db"",""6769a0142ff2f4658b695946"",""676ee5f15bf888ef09cb2d2e"",""6769a0152ff2f4658b695960"",""676c4272bfc7edab53be02a6"",""6769a0122ff2f4658b695927"",""6769a0142ff2f4658b695952"",""676c4273bfc7edab53be02be"",""676ee5f45bf888ef09cb2d64"",""676af3712ff2f4658ba8a299""],""entertainment"":[""67699f8d2ff2f4658b69581c"",""676ee5105bf888ef09cb2b09"",""676ee5105bf888ef09cb2b03"",""676ee5135bf888ef09cb2b39"",""67699f902ff2f4658b695868"",""676c439abfc7edab53be0683"",""676c439dbfc7edab53be06c3"",""676ee5125bf888ef09cb2b33"",""676ee5115bf888ef09cb2b0f"",""676ee5105bf888ef09cb2afd""],""current affairs"":[""676e9e775bf888ef09bfc34b"",""676e9e7c5bf888ef09bfca86"",""676e9e7b5bf888ef09bfc7e4"",""676e9e7b5bf888ef09bfc7d2"",""676e9e7a5bf888ef09bfc671"",""676e9e7d5bf888ef09bfca98"",""676e9e785bf888ef09bfc372"",""676e9e785bf888ef09bfc380"",""676e9e7a5bf888ef09bfc7ac"",""676e9e765bf888ef09bfc0bb""]}",,"{""world"":89,""sports"":16,""entertainment"":41,""current affairs"":44}",,"2024-12-27T13:37:01.258Z",190,false,"676ead7d5bf888ef09c290ed",12
"6613f495ce72abb1ce9abde3","66f8fa2cffc6cec786b4fe8d","[""world"",""technology"",""science"",""current affairs""]","[]","{""world"":1,""technology"":1}",,"{""world"":[""6734e439c99968b6e4f93ec8"",""6760654a03a5fed9204807f0"",""6760654703a5fed920480793"",""6740bfe1d59f3dd47dd55e76"",""676c4139bfc7edab53bdff59""],""technology"":[""677039655bf888ef090af366"",""676459c79634f2d1b19dcd66"",""6730ee8622b3573b619b120d"",""67548697e78433a9dcbfa383"",""6719367874cda7fbcdb3b325""]}",,"{""world"":0,""technology"":55}",,"2024-12-29T05:31:02.061Z",55,true,"6770de961d4fffe48d1cc739",2
"673ff536038d0080790a95be","6771b1485bf888ef09552fa2","[""sports"",""world"",""politics"",""current affairs""]","[""sports"",""world"",""politics"",""current affairs""]","{""sports"":2,""world"":2,""politics"":2,""current affairs"":2}",,"{""sports"":[""6776cf58f4769c4bf48c45ae"",""6776cf57f4769c4bf48c45a2"",""6778203bd6da646a4920dc34"",""6778203ad6da646a4920dc22"",""67757ccef4769c4bf44de976"",""6776cf58f4769c4bf48c45b4"",""67757cd0f4769c4bf44de9a1"",""67782039d6da646a4920dc16"",""67757cd1f4769c4bf44de9a7"",""6776cf59f4769c4bf48c45d8""],""world"":[""67742a3ccca6723f45eeb1f2"",""6776d0b1f4769c4bf48c48f4"",""6776d0b0f4769c4bf48c48e1"",""6776d0b4f4769c4bf48c4933"",""67742a3acca6723f45eeb1d2"",""67742a39cca6723f45eeb1c0"",""67757bc1f4769c4bf44de72a"",""67742a3acca6723f45eeb1d8"",""67742a3acca6723f45eeb1c6"",""67757bbff4769c4bf44de70c""],""politics"":[""67781f93d6da646a4920da74"",""6776ceebf4769c4bf48c44d1"",""6772d9f01c0e1df97544a50c"",""67757be7f4769c4bf44de7a6"",""67757be7f4769c4bf44de7a0"",""67757be6f4769c4bf44de794"",""67781f95d6da646a4920da9f"",""67757be7f4769c4bf44de7ac"",""6776ceeaf4769c4bf48c44b9"",""6776ceecf4769c4bf48c44e3""],""current affairs"":[""6777d711d6da646a49138868"",""6777d70cd6da646a49138758"",""6777d708d6da646a4913866d"",""6777d70fd6da646a491387d2"",""6777d70fd6da646a491387fc"",""6777d70bd6da646a4913871e"",""6777d707d6da646a49138643"",""6777d70ed6da646a49138797"",""6777d70cd6da646a49138744"",""6777d710d6da646a4913882c""]}",,"{""sports"":21,""world"":0,""politics"":27,""current affairs"":84}",,"2024-12-30T03:13:17.123Z",132,false,"67720fcd5bf888ef09718d00",12
"6613f4a9ce72abb1ce9abe2e","6771b1485bf888ef09552fa2","[""politics"",""lifestyle"",""food"",""current affairs""]","[""politics""]","{""politics"":2}",,"{""politics"":[""67742a6dcca6723f45eeb273"",""67757be6f4769c4bf44de794"",""67757be6f4769c4bf44de788"",""67757be4f4769c4bf44de769"",""67781f91d6da646a4920da50"",""67781f95d6da646a4920daa5"",""6772d9ef1c0e1df97544a4fa"",""67757be6f4769c4bf44de78e"",""67742a6ccca6723f45eeb265"",""67781f94d6da646a4920da8c""]}",,"{""politics"":32}",,"2024-12-30T06:30:44.966Z",32,true,"67723e145bf888ef0976a07a",2
"6613f4a8ce72abb1ce9abe2b","6771b1485bf888ef09552fa2","[""education"",""environment"",""lifestyle"",""current affairs""]","[]","{""education"":1}",,"{""education"":[""67757e1af4769c4bf44ded17"",""6776cf85f4769c4bf48c4652"",""6772dce71c0e1df97544ab68"",""67742de9cca6723f45eeb97c"",""6776cf86f4769c4bf48c466a""]}",,"{""education"":0}",,"2024-12-30T06:30:42.887Z",0,true,"67723e125bf888ef0976a026",1
"6613f4dfce72abb1ce9abf03","6771b1485bf888ef09552fa2","[""lifestyle"",""tourism"",""food"",""current affairs""]","[""lifestyle"",""tourism""]","{""lifestyle"":2,""tourism"":2,""food"":1}",,"{""lifestyle"":[""6772dd661c0e1df97544acc0"",""67782441d6da646a4920e22f"",""6776cd66f4769c4bf48c41d5"",""67757fb0f4769c4bf44df098"",""67757fb1f4769c4bf44df0b0"",""6772dd691c0e1df97544ad08"",""6772dd661c0e1df97544acba"",""6778243ed6da646a4920e1f3"",""67757fb2f4769c4bf44df0c8"",""6778243fd6da646a4920e20b""],""tourism"":[""677824b6d6da646a4920e262"",""677824b5d6da646a4920e24a"",""6772dddd1c0e1df97544ad53"",""6776cfe6f4769c4bf48c471a"",""6772dddc1c0e1df97544ad47"",""677824bad6da646a4920e27a"",""677824bad6da646a4920e274"",""677824bbd6da646a4920e28c"",""677824b5d6da646a4920e250"",""6776cfe4f4769c4bf48c46e9""],""food"":[""67742ec4cca6723f45eeba42"",""677823ead6da646a4920e197"",""6776d042f4769c4bf48c481d"",""6772dd3f1c0e1df97544ac76"",""677823ebd6da646a4920e1b5""]}",,"{""lifestyle"":0,""tourism"":7,""food"":6}",,"2024-12-30T06:30:38.661Z",13,true,"67723e0e5bf888ef09769f9d",5
"6613f4a6ce72abb1ce9abe25","6771b1485bf888ef09552fa2","[""lifestyle"",""education"",""politics"",""current affairs""]","[""lifestyle""]","{""lifestyle"":2}",,"{""lifestyle"":[""6776cd64f4769c4bf48c419f"",""67742ef9cca6723f45eebae0"",""6776cd63f4769c4bf48c4187"",""6778243ed6da646a4920e1f3"",""67757fb0f4769c4bf44df0aa"",""6776cd67f4769c4bf48c41e1"",""6772dd681c0e1df97544acf0"",""6776cd63f4769c4bf48c418d"",""6772dd671c0e1df97544acd2"",""67742ef6cca6723f45eeba98""]}",,"{""lifestyle"":9}",,"2024-12-30T06:30:39.242Z",9,true,"67723e0f5bf888ef09769fa7",2
"6613f4a6ce72abb1ce9abe22","6771b1485bf888ef09552fa2","[""food"",""lifestyle"",""entertainment"",""current affairs""]","[""food""]","{""food"":2}",,"{""food"":[""67742ec6cca6723f45eeba72"",""677823ead6da646a4920e191"",""6776d041f4769c4bf48c4805"",""67757f2bf4769c4bf44def7c"",""67742ec5cca6723f45eeba4e"",""677823ebd6da646a4920e1a3"",""677823ead6da646a4920e197"",""6772dd3f1c0e1df97544ac6a"",""6772dd411c0e1df97544aca0"",""677823ebd6da646a4920e1b5""]}",,"{""food"":9}",,"2024-12-30T06:30:39.762Z",9,true,"67723e0f5bf888ef09769fc6",2
"6613f4b8ce72abb1ce9abe64","6771b1485bf888ef09552fa2","[""crime"",""education"",""world"",""current affairs""]","[""crime""]","{""crime"":2}",,"{""crime"":[""6778225ad6da646a4920e09b"",""6776ceb6f4769c4bf48c43d3"",""67757dccf4769c4bf44dec23"",""6776ceb9f4769c4bf48c4415"",""6772dc921c0e1df97544aa72"",""67782258d6da646a4920e06b"",""6776ceb7f4769c4bf48c43eb"",""6772dc911c0e1df97544aa53"",""6776ceb8f4769c4bf48c4409"",""67742d46cca6723f45eeb88d""]}",,"{""crime"":0}",,"2024-12-30T06:30:45.485Z",0,true,"67723e155bf888ef0976a09b",2
"6613f4c3ce72abb1ce9abe8e","6771b1485bf888ef09552fa2","[""world"",""technology"",""tourism"",""current affairs""]","[]","{""world"":1}",,"{""world"":[""67742a3acca6723f45eeb1d2"",""67757bc0f4769c4bf44de718"",""67757bbdf4769c4bf44de6e2"",""67742a39cca6723f45eeb1c0"",""67757bbef4769c4bf44de6e8""]}",,"{""world"":0}",,"2024-12-30T06:30:43.408Z",0,true,"67723e135bf888ef0976a047",1
"6613f4dcce72abb1ce9abef7","6771b1485bf888ef09552fa2","[""food"",""entertainment"",""lifestyle"",""current affairs""]","[]","{""food"":1}",,"{""food"":[""67742ec4cca6723f45eeba42"",""67742ec3cca6723f45eeba36"",""67742ec6cca6723f45eeba66"",""6772dd3e1c0e1df97544ac5e"",""67757f2af4769c4bf44def6a""]}",,"{""food"":8}",,"2024-12-30T06:30:44.447Z",8,true,"67723e145bf888ef0976a071",1
"6613f4dbce72abb1ce9abef1","6771b1485bf888ef09552fa2","[""entertainment"",""health"",""business"",""current affairs""]","[]","{""entertainment"":1}",,"{""entertainment"":[""6778233cd6da646a4920e0ee"",""67757eb4f4769c4bf44dee4b"",""6772dd211c0e1df97544ac2a"",""6772dd201c0e1df97544ac1e"",""67757eb2f4769c4bf44dee1c""]}",,"{""entertainment"":13}",,"2024-12-30T06:30:41.323Z",13,true,"67723e115bf888ef09769ff4",1
"6613f4c0ce72abb1ce9abe85","6771b1485bf888ef09552fa2","[""politics"",""entertainment"",""world"",""current affairs""]","[""politics""]","{""politics"":2}",,"{""politics"":[""67781f94d6da646a4920da86"",""6776ceeaf4769c4bf48c44cb"",""67742a6fcca6723f45eeb298"",""6776ceebf4769c4bf48c44d1"",""67781f92d6da646a4920da68"",""67742a6dcca6723f45eeb26d"",""6772d9ed1c0e1df97544a4d6"",""6776cee9f4769c4bf48c44b3"",""6776ceebf4769c4bf48c44d7"",""6776ceeaf4769c4bf48c44c5""]}",,"{""politics"":3}",,"2024-12-30T06:30:40.802Z",3,true,"67723e105bf888ef09769fef",2
"6613f4d4ce72abb1ce9abed6","6771b1485bf888ef09552fa2","[""lifestyle"",""education"",""world"",""current affairs""]","[]","{}",,"{}",,"{}",,"2024-12-30T06:30:43.927Z",0,true,"67723e135bf888ef0976a050",0
"6613f4ddce72abb1ce9abefa","6771b1485bf888ef09552fa2","[""politics"",""health"",""sports"",""current affairs""]","[""politics""]","{""politics"":2}",,"{""politics"":[""6776ceeaf4769c4bf48c44b9"",""67781f91d6da646a4920da50"",""67742a6dcca6723f45eeb273"",""6772d9f01c0e1df97544a518"",""67742a6ecca6723f45eeb27f"",""6772d9ef1c0e1df97544a500"",""67757be6f4769c4bf44de79a"",""67742a6ecca6723f45eeb285"",""6776ceecf4769c4bf48c44e3"",""67757be5f4769c4bf44de776""]}",,"{""politics"":3}",,"2024-12-30T06:30:41.842Z",3,true,"67723e115bf888ef09769ffc",2
"6613f4d3ce72abb1ce9abed0","6771b1485bf888ef09552fa2","[""world"",""politics"",""health"",""current affairs""]","[]","{""world"":1}",,"{""world"":[""6776d0b2f4769c4bf48c4907"",""67742a3acca6723f45eeb1cc"",""67757bbdf4769c4bf44de6dc"",""6776d0b1f4769c4bf48c48fb"",""67757bbef4769c4bf44de6ee""]}",,"{""world"":12}",,"2024-12-30T06:30:40.281Z",12,true,"67723e105bf888ef09769fd0",1
"6613f4b9ce72abb1ce9abe67","6771b1485bf888ef09552fa2","[""world"",""science"",""politics"",""current affairs""]","[]","{""world"":1}",,"{""world"":[""6776d0b3f4769c4bf48c491f"",""67742a3ccca6723f45eeb206"",""6776d0b4f4769c4bf48c4933"",""67757bbff4769c4bf44de706"",""67742a3ccca6723f45eeb1f2""]}",,"{""world"":21}",,"2024-12-30T06:30:42.365Z",21,true,"67723e125bf888ef0976a01d",1
"661d1b2215323b828c65ac04","6771b1485bf888ef09552fa2","[""business"",""technology"",""politics"",""current affairs""]","[]","{}",,"{}",,"{}",,"2024-12-30T15:00:55.758Z",0,true,"6772b5a71c0e1df9753f4cd6",0
"6613f4aace72abb1ce9abe31","6771b1485bf888ef09552fa2","[""entertainment"",""politics"",""world"",""current affairs""]","[]","{}",,"{}",,"{}",,"2024-12-31T06:30:40.736Z",0,true,"67738f901c0e1df9756c109f",0
"6613f498ce72abb1ce9abdf2","6771b1485bf888ef09552fa2","[""entertainment"",""politics"",""technology"",""current affairs""]","[]","{}",,"{}",,"{}",,"2024-12-31T06:30:41.258Z",0,true,"67738f911c0e1df9756c10ac",0
"6613f4ccce72abb1ce9abeb5","6771b1485bf888ef09552fa2","[""tourism"",""sports"",""crime"",""current affairs""]","[""tourism""]","{""tourism"":2}",,"{""tourism"":[""6776cfe4f4769c4bf48c46e9"",""6776cfe7f4769c4bf48c4737"",""67758024f4769c4bf44df107"",""67742f73cca6723f45eebb25"",""67742f70cca6723f45eebaef"",""67758025f4769c4bf44df11f"",""6776cfe8f4769c4bf48c4757"",""6776cfe8f4769c4bf48c474b"",""677824bbd6da646a4920e292"",""67742f72cca6723f45eebb19""]}",,"{""tourism"":20}",,"2024-12-31T06:30:43.358Z",20,true,"67738f931c0e1df9756c1105",2
"6613f49dce72abb1ce9abe04","6771b1485bf888ef09552fa2","[""entertainment"",""sports"",""health"",""current affairs""]","[]","{}",,"{}",,"{}",,"2024-12-31T06:30:42.307Z",0,true,"67738f921c0e1df9756c10d7",0
"6613f495ce72abb1ce9abde6","6771b1485bf888ef09552fa2","[""tourism"",""food"",""sports"",""current affairs""]","[]","{""tourism"":1}",,"{""tourism"":[""677824b5d6da646a4920e250"",""67758026f4769c4bf44df131"",""6772ddde1c0e1df97544ad5f"",""67758023f4769c4bf44df0e3"",""67758025f4769c4bf44df119""]}",,"{""tourism"":19}",,"2024-12-31T06:30:41.781Z",19,true,"67738f911c0e1df9756c10cd",1
"6613f4c3ce72abb1ce9abe91","6771b1485bf888ef09552fa2","[""tourism"",""lifestyle"",""politics"",""current affairs""]","[]","{""tourism"":1}",,"{""tourism"":[""67742f72cca6723f45eebb13"",""67758025f4769c4bf44df113"",""6772dddc1c0e1df97544ad35"",""6772dddd1c0e1df97544ad59"",""6776cfe6f4769c4bf48c4726""]}",,"{""tourism"":5}",,"2024-12-31T06:30:44.678Z",5,true,"67738f941c0e1df9756c114e",1
"6613f49fce72abb1ce9abe0d","6771b1485bf888ef09552fa2","[""crime"",""science"",""world"",""current affairs""]","[]","{""crime"":1}",,"{""crime"":[""6772dc911c0e1df97544aa59"",""67757dcff4769c4bf44dec71"",""6778225ad6da646a4920e08f"",""6776ceb6f4769c4bf48c43d3"",""6772dc941c0e1df97544aa91""]}",,"{""crime"":19}",,"2024-12-31T06:30:45.727Z",19,true,"67738f951c0e1df9756c1179",1
"6613f4e0ce72abb1ce9abf06","6771b1485bf888ef09552fa2","[""world"",""entertainment"",""crime"",""current affairs""]","[]","{}",,"{}",,"{}",,"2024-12-31T06:30:39.418Z",0,true,"67738f8f1c0e1df9756c1071",0
"6613f497ce72abb1ce9abdec","6771b1485bf888ef09552fa2","[""entertainment"",""world"",""tourism"",""current affairs""]","[]","{""entertainment"":1}",,"{""entertainment"":[""6772dd211c0e1df97544ac24"",""6776cd3df4769c4bf48c415b"",""6772dd1f1c0e1df97544abfa"",""67742e99cca6723f45eeb9ce"",""6776cd3cf4769c4bf48c414f""]}",,"{""entertainment"":2}",,"2024-12-31T06:30:42.832Z",2,true,"67738f921c0e1df9756c10f8",1
"6613f4bace72abb1ce9abe6a","6771b1485bf888ef09552fa2","[""science"",""lifestyle"",""business"",""current affairs""]","[""science""]","{""science"":2}",,"{""science"":[""67757d6ef4769c4bf44deb39"",""6772dc341c0e1df97544a995"",""6778217bd6da646a4920de67"",""67757d6ff4769c4bf44deb5a"",""6772dc331c0e1df97544a983"",""67782178d6da646a4920de19"",""6778217bd6da646a4920de53"",""6772dc331c0e1df97544a989"",""67757d6df4769c4bf44deb1b"",""67742c77cca6723f45eeb683""]}",,"{""science"":7}",,"2024-12-31T06:30:43.892Z",7,true,"67738f931c0e1df9756c1126",2
"6613f4a5ce72abb1ce9abe1f","6771b1485bf888ef09552fa2","[""crime"",""sports"",""environment"",""current affairs""]","[]","{}",,"{}",,"{}",,"2024-12-31T06:30:45.201Z",0,true,"67738f951c0e1df9756c115a",0
"6613f4a7ce72abb1ce9abe28","6771b1485bf888ef09552fa2","[""health"",""world"",""environment"",""current affairs""]","[]","{}",,"{}",,"{}",,"2024-12-31T06:30:39.948Z",0,true,"67738f8f1c0e1df9756c107d",0
"6613f4cfce72abb1ce9abec1","6771b1485bf888ef09552fa2","[""crime"",""tourism"",""environment"",""current affairs""]","[]","{}",,"{}",,"{}",,"2025-01-01T06:30:39.472Z",0,true,"6774e10fcca6723f4514902d",0
"6613f4cbce72abb1ce9abeaf","6771b1485bf888ef09552fa2","[""business"",""tourism"",""education"",""current affairs""]","[""business""]","{""business"":2,""tourism"":1}",,"{""business"":[""6772da471c0e1df97544a5bf"",""67781fe7d6da646a4920db19"",""67742ad1cca6723f45eeb35b"",""67781fe9d6da646a4920db37"",""67757c16f4769c4bf44de7f1"",""67742ad0cca6723f45eeb343"",""67757c17f4769c4bf44de803"",""6772da481c0e1df97544a5d7"",""67742ad0cca6723f45eeb337"",""6776d19ef4769c4bf48c4b1a""],""tourism"":[""6772dddd1c0e1df97544ad59"",""6776cfe8f4769c4bf48c474b"",""677824b9d6da646a4920e268"",""6776cfe8f4769c4bf48c4757"",""67742f71cca6723f45eebb01""]}",,"{""business"":22,""tourism"":3}",,"2025-01-01T06:30:40.535Z",25,true,"6774e110cca6723f4514905b",3
"6613f49bce72abb1ce9abdfb","6771b1485bf888ef09552fa2","[""tourism"",""lifestyle"",""entertainment"",""current affairs""]","[]","{}",,"{}",,"{}",,"2025-01-01T06:30:48.700Z",0,true,"6774e118cca6723f451490f9",0
"6613f4cece72abb1ce9abebb","6771b1485bf888ef09552fa2","[""education"",""world"",""food"",""current affairs""]","[]","{}",,"{}",,"{}",,"2025-01-01T06:30:46.292Z",0,true,"6774e116cca6723f451490a3",0
"6613f49ace72abb1ce9abdf8","6771b1485bf888ef09552fa2","[""lifestyle"",""entertainment"",""science"",""current affairs""]","[""lifestyle""]","{""lifestyle"":2}",,"{""lifestyle"":[""67742ef6cca6723f45eeba98"",""6772dd681c0e1df97544ace4"",""6772dd681c0e1df97544acf0"",""67782440d6da646a4920e229"",""67757fb1f4769c4bf44df0bc"",""6772dd681c0e1df97544acea"",""6778243ed6da646a4920e1f3"",""67742ef7cca6723f45eebab6"",""6772dd671c0e1df97544accc"",""6776cd63f4769c4bf48c4187""]}",,"{""lifestyle"":25}",,"2025-01-01T06:30:47.628Z",25,true,"6774e117cca6723f451490d1",2
"6613f4c8ce72abb1ce9abea3","6771b1485bf888ef09552fa2","[""technology"",""business"",""politics"",""current affairs""]","[]","{}",,"{}",,"{}",,"2025-01-01T06:30:49.234Z",0,true,"6774e119cca6723f45149101",0
"6613f4d6ce72abb1ce9abedc","6771b1485bf888ef09552fa2","[""technology"",""world"",""business"",""current affairs""]","[]","{}",,"{}",,"{}",,"2025-01-01T06:30:41.335Z",0,true,"6774e111cca6723f4514907e",0
"6613f49bce72abb1ce9abdfe","6771b1485bf888ef09552fa2","[""health"",""sports"",""environment"",""current affairs""]","[]","{}",,"{}",,"{}",,"2025-01-01T06:30:38.936Z",0,true,"6774e10ecca6723f45149022",0
"6613f4c9ce72abb1ce9abea6","6771b1485bf888ef09552fa2","[""food"",""education"",""crime"",""current affairs""]","[]","{""food"":1}",,"{""food"":[""6772dd401c0e1df97544ac7c"",""677823ecd6da646a4920e1c7"",""677823eed6da646a4920e1e5"",""6776d042f4769c4bf48c481d"",""6772dd411c0e1df97544ac94""]}",,"{""food"":27}",,"2025-01-01T06:30:40.005Z",27,true,"6774e110cca6723f4514904c",1
"6613f4aece72abb1ce9abe40","6771b1485bf888ef09552fa2","[""entertainment"",""education"",""world"",""current affairs""]","[]","{}",,"{}",,"{}",,"2025-01-01T06:30:47.096Z",0,true,"6774e117cca6723f451490b0",0
"661d1c43d3779bd18c70c9aa","6771b1485bf888ef09552fa2","[""world"",""politics"",""business"",""current affairs""]","[""world"",""politics"",""business"",""current affairs""]","{""world"":2,""politics"":2,""business"":2,""current affairs"":2}",,"{""world"":[""67742a3acca6723f45eeb1d2"",""67757bc0f4769c4bf44de718"",""6776d0b4f4769c4bf48c4939"",""67757bbdf4769c4bf44de6e2"",""67742a3acca6723f45eeb1cc"",""6776d0b2f4769c4bf48c4901"",""67742a3ccca6723f45eeb200"",""67757bc0f4769c4bf44de712"",""6776d0b0f4769c4bf48c48e1"",""6776d0b1f4769c4bf48c48fb""],""politics"":[""67781f95d6da646a4920daa5"",""67742a6dcca6723f45eeb273"",""67781f93d6da646a4920da74"",""6772d9ed1c0e1df97544a4ca"",""67757be5f4769c4bf44de782"",""6772d9f11c0e1df97544a51e"",""67781f93d6da646a4920da7a"",""6776ceeaf4769c4bf48c44cb"",""67757be4f4769c4bf44de75d"",""6772d9ee1c0e1df97544a4e8""],""business"":[""67757c17f4769c4bf44de803"",""67781fe8d6da646a4920db2b"",""6772da471c0e1df97544a5b7"",""6772da471c0e1df97544a5aa"",""67781fe7d6da646a4920db1f"",""67742acfcca6723f45eeb32a"",""6772da461c0e1df97544a598"",""67742acfcca6723f45eeb324"",""6776d19ef4769c4bf48c4b20"",""67757c15f4769c4bf44de7d2""],""current affairs"":[""6777d70dd6da646a49138780"",""6777d707d6da646a49138643"",""6777d70ed6da646a491387c0"",""6777d70bd6da646a4913870b"",""6777d70ad6da646a491386e4"",""6777d711d6da646a49138839"",""6777d70cd6da646a49138758"",""6777d70bd6da646a4913871e"",""6777d711d6da646a49138868"",""6777d709d6da646a491386ab""]}",,"{""world"":17,""politics"":40,""business"":47,""current affairs"":39}",,"2025-01-02T06:17:16.389Z",143,false,"67762f6cf4769c4bf471dbd2",12
"6613f498ce72abb1ce9abdef","6771b1485bf888ef09552fa2","[""technology"",""tourism"",""business"",""current affairs""]","[]","{}",,"{}",,"{}",,"2025-01-02T06:30:39.416Z",0,true,"6776328ff4769c4bf472388f",0
"6613f4a1ce72abb1ce9abe13","6771b1485bf888ef09552fa2","[""environment"",""sports"",""entertainment"",""current affairs""]","[""environment""]","{""environment"":2}",,"{""environment"":[""6776d16ef4769c4bf48c4b00"",""67742cd4cca6723f45eeb7a3"",""67742cd2cca6723f45eeb778"",""6772dc611c0e1df97544a9de"",""67757da0f4769c4bf44debc3"",""677821e4d6da646a4920df61"",""6776d16cf4769c4bf48c4ae2"",""6772dc601c0e1df97544a9cc"",""6776d16df4769c4bf48c4aee"",""677821e5d6da646a4920df73""]}",,"{""environment"":7}",,"2025-01-02T06:30:41.559Z",7,true,"67763291f4769c4bf47238e1",2
"6613f49dce72abb1ce9abe07","6771b1485bf888ef09552fa2","[""food"",""tourism"",""science"",""current affairs""]","[""food""]","{""food"":2}",,"{""food"":[""677823ecd6da646a4920e1c7"",""6776d041f4769c4bf48c4805"",""6776d042f4769c4bf48c4823"",""677823ebd6da646a4920e1b5"",""6772dd3e1c0e1df97544ac64"",""67757f29f4769c4bf44def45"",""677823ebd6da646a4920e1af"",""67742ec4cca6723f45eeba3c"",""67742ec6cca6723f45eeba6c"",""6776d042f4769c4bf48c4811""]}",,"{""food"":7}",,"2025-01-02T06:30:43.950Z",7,true,"67763293f4769c4bf472393b",2
"6613f4b3ce72abb1ce9abe52","6771b1485bf888ef09552fa2","[""crime"",""health"",""lifestyle"",""current affairs""]","[]","{}",,"{}",,"{}",,"2025-01-02T06:30:43.426Z",0,true,"67763293f4769c4bf472391a",0
"6613f4a2ce72abb1ce9abe16","6771b1485bf888ef09552fa2","[""sports"",""business"",""entertainment"",""current affairs""]","[]","{""sports"":1}",,"{""sports"":[""6776cf58f4769c4bf48c45c0"",""6778203ad6da646a4920dc1c"",""6778203ad6da646a4920dc28"",""6776cf57f4769c4bf48c45a2"",""67782038d6da646a4920dc04""]}",,"{""sports"":2}",,"2025-01-02T06:30:41.027Z",2,true,"67763291f4769c4bf47238c2",1
"6613f4cdce72abb1ce9abeb8","6771b1485bf888ef09552fa2","[""entertainment"",""lifestyle"",""technology"",""current affairs""]","[""entertainment""]","{""entertainment"":2}",,"{""entertainment"":[""6778233dd6da646a4920e0f4"",""6772dd1d1c0e1df97544abc7"",""6776cd3cf4769c4bf48c414f"",""6778233bd6da646a4920e0d6"",""67757eb3f4769c4bf44dee2e"",""6778233cd6da646a4920e0e2"",""6772dd1f1c0e1df97544ac00"",""6776cd3bf4769c4bf48c4122"",""67742e9bcca6723f45eeb9ec"",""67757eb5f4769c4bf44dee6a""]}",,"{""entertainment"":2}",,"2025-01-02T06:30:45.538Z",2,true,"67763295f4769c4bf472396b",2
"6613f49ece72abb1ce9abe0a","6771b1485bf888ef09552fa2","[""lifestyle"",""tourism"",""environment"",""current affairs""]","[""lifestyle""]","{""lifestyle"":2}",,"{""lifestyle"":[""6778243ed6da646a4920e1ff"",""67757fb2f4769c4bf44df0c8"",""6772dd661c0e1df97544acba"",""6776cd65f4769c4bf48c41b1"",""67757faef4769c4bf44df074"",""6772dd671c0e1df97544accc"",""67782441d6da646a4920e22f"",""67757faff4769c4bf44df08c"",""67757fb1f4769c4bf44df0c2"",""67742ef5cca6723f45eeba8c""]}",,"{""lifestyle"":14}",,"2025-01-02T06:30:40.494Z",14,true,"67763290f4769c4bf47238b8",2
"6613f4d9ce72abb1ce9abeeb","6771b1485bf888ef09552fa2","[""environment"",""lifestyle"",""technology"",""current affairs""]","[]","{""environment"":1}",,"{""environment"":[""677821e2d6da646a4920df41"",""67757da0f4769c4bf44debbd"",""6776d16cf4769c4bf48c4ad0"",""6776d16af4769c4bf48c4ab2"",""67742cd2cca6723f45eeb78a""]}",,"{""environment"":15}",,"2025-01-02T06:30:42.363Z",15,true,"67763292f4769c4bf47238ec",1
"6613f4acce72abb1ce9abe37","6771b1485bf888ef09552fa2","[""politics"",""crime"",""environment"",""current affairs""]","[]","{}",,"{}",,"{}",,"2025-01-02T06:30:39.961Z",0,true,"6776328ff4769c4bf4723899",0
"6613f4bdce72abb1ce9abe76","6771b1485bf888ef09552fa2","[""crime"",""lifestyle"",""technology"",""current affairs""]","[]","{""crime"":1}",,"{""crime"":[""67742d45cca6723f45eeb86e"",""67742d49cca6723f45eeb8c4"",""67782259d6da646a4920e089"",""67757dcef4769c4bf44dec41"",""67782258d6da646a4920e077""]}",,"{""crime"":22}",,"2025-01-02T06:30:42.897Z",22,true,"67763292f4769c4bf472390d",1
"6613f4d3ce72abb1ce9abed3","6771b1485bf888ef09552fa2","[""business"",""politics"",""environment"",""current affairs""]","[]","{}",,"{}",,"{}",,"2025-01-02T06:30:44.745Z",0,true,"67763294f4769c4bf4723960",0
"667d9d31ede918c194e96af9","6771b1485bf888ef09552fa2","[""food"",""entertainment"",""health"",""current affairs""]","[""entertainment"",""food"",""current affairs"",""health""]","{""entertainment"":2,""food"":2,""current affairs"":2,""health"":2}",,"{""entertainment"":[""6776cd3cf4769c4bf48c4149"",""67742e9ccca6723f45eeba10"",""6772dd201c0e1df97544ac18"",""67757eb4f4769c4bf44dee51"",""6776cd3df4769c4bf48c415b"",""6778233cd6da646a4920e0e8"",""67757eb5f4769c4bf44dee64"",""67742e9acca6723f45eeb9d4"",""6778233dd6da646a4920e0fa"",""67757eb4f4769c4bf44dee4b""],""food"":[""6776d044f4769c4bf48c4842"",""6776d040f4769c4bf48c47f9"",""677823edd6da646a4920e1d9"",""6772dd3f1c0e1df97544ac76"",""6772dd3f1c0e1df97544ac70"",""6772dd3e1c0e1df97544ac5e"",""677823ebd6da646a4920e1a3"",""67742ec6cca6723f45eeba66"",""67757f2cf4769c4bf44def8e"",""67757f2af4769c4bf44def6a""],""current affairs"":[""6777d710d6da646a4913882c"",""6777d70fd6da646a491387fc"",""6777d70fd6da646a491387d2"",""6777d70ed6da646a49138797"",""6777d70ad6da646a491386d3"",""6777d70cd6da646a49138758"",""6777d70cd6da646a49138744"",""6777d711d6da646a49138868"",""6777d70ed6da646a491387c0"",""6777d707d6da646a49138643""],""health"":[""6776d0f5f4769c4bf48c49e0"",""67757d3df4769c4bf44dea8c"",""6776d0f7f4769c4bf48c49ff"",""67742c0fcca6723f45eeb5a4"",""6772dbae1c0e1df97544a873"",""6776d0f6f4769c4bf48c49f2"",""67757d3ef4769c4bf44dea92"",""6776d0f7f4769c4bf48c4a05"",""67742c12cca6723f45eeb5f9"",""6772dbaf1c0e1df97544a87f""]}",,"{""entertainment"":33,""food"":16,""current affairs"":72,""health"":45}",,"2025-01-02T14:11:35.099Z",166,false,"67769e97f4769c4bf4832e88",12
"6613f4b2ce72abb1ce9abe4f","6771b1485bf888ef09552fa2","[""sports"",""food"",""politics"",""current affairs""]","[]","{""sports"":1}",,"{""sports"":[""6778203bd6da646a4920dc34"",""6778203bd6da646a4920dc3a"",""67757ccff4769c4bf44de989"",""67757ccef4769c4bf44de970"",""67782039d6da646a4920dc0a""]}",,"{""sports"":0}",,"2025-01-03T06:30:40.139Z",0,true,"67778410f4769c4bf4b329fc",1
"6613f4bfce72abb1ce9abe7f","6771b1485bf888ef09552fa2","[""education"",""environment"",""technology"",""current affairs""]","[]","{""education"":1}",,"{""education"":[""6776cf86f4769c4bf48c466a"",""67742deccca6723f45eeb9b2"",""67742debcca6723f45eeb9a6"",""67742de9cca6723f45eeb97c"",""6772dce51c0e1df97544ab2b""]}",,"{""education"":0}",,"2025-01-03T06:30:39.577Z",0,true,"6777840ff4769c4bf4b329dd",1
"6613f4c4ce72abb1ce9abe94","6771b1485bf888ef09552fa2","[""tourism"",""technology"",""world"",""current affairs""]","[""tourism""]","{""tourism"":2}",,"{""tourism"":[""6776cfe8f4769c4bf48c474b"",""6775801af4769c4bf44df0dc"",""67742f73cca6723f45eebb25"",""677824bad6da646a4920e280"",""677824b5d6da646a4920e25c"",""67742f72cca6723f45eebb0d"",""677824b5d6da646a4920e250"",""6776cfe4f4769c4bf48c46e9"",""6776cfe5f4769c4bf48c4701"",""67742f70cca6723f45eebaef""]}",,"{""tourism"":5}",,"2025-01-03T06:30:41.476Z",5,true,"67778411f4769c4bf4b32a2d",2
"6613f494ce72abb1ce9abddf","6771b1485bf888ef09552fa2","[""entertainment"",""science"",""world"",""current affairs""]","[]","{}",,"{}",,"{}",,"2025-01-03T06:30:43.093Z",0,true,"67778413f4769c4bf4b32a5c",0
"6613f4d8ce72abb1ce9abee5","6771b1485bf888ef09552fa2","[""sports"",""food"",""science"",""current affairs""]","[""sports""]","{""sports"":2}",,"{""sports"":[""6776cf58f4769c4bf48c45c0"",""67757cd0f4769c4bf44de9a1"",""67782037d6da646a4920dbec"",""6776cf59f4769c4bf48c45d2"",""67757ccff4769c4bf44de983"",""6778203ad6da646a4920dc2e"",""67782038d6da646a4920dbf2"",""67757cd1f4769c4bf44de9b9"",""67757cd0f4769c4bf44de98f"",""6776cf57f4769c4bf48c459c""]}",,"{""sports"":21}",,"2025-01-03T06:30:40.943Z",21,true,"67778410f4769c4bf4b32a0c",2
"65b1ebbc90ba2e3794e9696d","6771b1485bf888ef09552fa2","[""technology"",""health"",""science"",""current affairs""]","[""health"",""technology"",""science"",""current affairs""]","{""current affairs"":2,""health"":2,""science"":2,""technology"":2}",,"{""current affairs"":[""6777d70fd6da646a491387d2"",""6777d710d6da646a4913882c"",""6777d70ad6da646a491386d3"",""6777d70cd6da646a49138758"",""6777d70fd6da646a491387fc"",""6777d709d6da646a491386ab"",""6777d70bd6da646a4913870b"",""6777d709d6da646a49138698"",""6777d707d6da646a49138633"",""6777d70ad6da646a491386e4""],""health"":[""6772dbb01c0e1df97544a89f"",""67757d3cf4769c4bf44dea61"",""6776d0f6f4769c4bf48c49e6"",""6772dbaf1c0e1df97544a87f"",""6772dbae1c0e1df97544a866"",""6772dbae1c0e1df97544a85a"",""67742c11cca6723f45eeb5e1"",""6776d0f5f4769c4bf48c49e0"",""67757d3df4769c4bf44dea73"",""6772dbac1c0e1df97544a836""],""science"":[""67782178d6da646a4920de19"",""67742c7bcca6723f45eeb6de"",""6772dc331c0e1df97544a983"",""67742c7acca6723f45eeb6d2"",""6778217ad6da646a4920de3e"",""6778217bd6da646a4920de67"",""6772dc311c0e1df97544a956"",""67757d6cf4769c4bf44deb0f"",""67757d6ff4769c4bf44deb45"",""6772dc341c0e1df97544a98f""],""technology"":[""67742b00cca6723f45eeb410"",""67782011d6da646a4920db7e"",""67742afecca6723f45eeb3da"",""67742afdcca6723f45eeb3ba"",""6772da6f1c0e1df97544a616"",""67782012d6da646a4920db92"",""67782010d6da646a4920db65"",""6772da701c0e1df97544a63a"",""6772da6f1c0e1df97544a628"",""67757caaf4769c4bf44de8fd""]}",,"{""current affairs"":86,""health"":46,""science"":32,""technology"":26}",,"2025-01-03T09:40:34.281Z",190,false,"6777b092f4769c4bf4bb4fdc",12
"653548118a2815874166fa66","6771b1485bf888ef09552fa2","[""world"",""sports"",""entertainment"",""current affairs""]","[""world"",""sports"",""entertainment"",""current affairs""]","{""world"":2,""sports"":2,""entertainment"":2,""current affairs"":2}",,"{""world"":[""67757bc1f4769c4bf44de730"",""67757bc0f4769c4bf44de712"",""67757bc0f4769c4bf44de718"",""67757bbff4769c4bf44de706"",""67742a3acca6723f45eeb1c6"",""67757bbff4769c4bf44de700"",""6776d0b3f4769c4bf48c491f"",""67757bbdf4769c4bf44de6dc"",""67742a39cca6723f45eeb1b3"",""6776d0b0f4769c4bf48c48e1""],""sports"":[""67782038d6da646a4920dbfe"",""67757cd2f4769c4bf44de9c5"",""67782039d6da646a4920dc0a"",""6776cf59f4769c4bf48c45d8"",""6776cf58f4769c4bf48c45ae"",""6778203ad6da646a4920dc1c"",""67757cd0f4769c4bf44de9a1"",""6776cf58f4769c4bf48c45b4"",""6778203bd6da646a4920dc41"",""6776cf56f4769c4bf48c4590""],""entertainment"":[""67757eb3f4769c4bf44dee2e"",""6776cd3af4769c4bf48c4110"",""67757eb3f4769c4bf44dee3f"",""6772dd1e1c0e1df97544abec"",""6776cd3af4769c4bf48c411c"",""67742e9bcca6723f45eeb9fe"",""67742e99cca6723f45eeb9ce"",""67757eb2f4769c4bf44dee14"",""6776cd3bf4769c4bf48c4128"",""6772dd1e1c0e1df97544abdf""],""current affairs"":[""6777d70fd6da646a491387fc"",""6777d70ed6da646a491387c0"",""6777d711d6da646a49138868"",""6777d709d6da646a49138698"",""6777d707d6da646a49138633"",""6777d710d6da646a4913882c"",""6777d70cd6da646a49138744"",""6777d709d6da646a491386ab"",""6777d70dd6da646a49138780"",""6777d70ad6da646a491386e4""]}",,"{""world"":27,""sports"":21,""entertainment"":12,""current affairs"":72}",,"2025-01-03T09:40:38.842Z",132,false,"6777b096f4769c4bf4bb518d",12
"65fe496b205cf6d5f81e91fb","6771b1485bf888ef09552fa2","[""health"",""food"",""lifestyle"",""current affairs""]","[""health"",""food"",""lifestyle"",""current affairs""]","{""health"":2,""food"":2,""lifestyle"":2,""current affairs"":2}",,"{""health"":[""6772dbac1c0e1df97544a842"",""6776d0f5f4769c4bf48c49da"",""67757d3ff4769c4bf44deaa4"",""67757d3cf4769c4bf44dea6d"",""67757d3ff4769c4bf44deab6"",""67742c11cca6723f45eeb5e7"",""67742c11cca6723f45eeb5e1"",""6776d0f3f4769c4bf48c49a5"",""6772dbae1c0e1df97544a866"",""6776d0f6f4769c4bf48c49f2""],""food"":[""6772dd411c0e1df97544ac94"",""677823ead6da646a4920e191"",""6776d043f4769c4bf48c4830"",""67742ec3cca6723f45eeba30"",""6776d041f4769c4bf48c47ff"",""67757f2bf4769c4bf44def76"",""6776d043f4769c4bf48c4836"",""6776d041f4769c4bf48c4805"",""67742ec4cca6723f45eeba3c"",""6776d044f4769c4bf48c483c""],""lifestyle"":[""6772dd681c0e1df97544acea"",""6778243ed6da646a4920e1f9"",""6776cd64f4769c4bf48c41ab"",""6776cd66f4769c4bf48c41d5"",""6776cd66f4769c4bf48c41cf"",""67782441d6da646a4920e22f"",""67757faef4769c4bf44df080"",""67742ef6cca6723f45eeba9e"",""67742ef7cca6723f45eebab0"",""67757fb1f4769c4bf44df0b0""],""current affairs"":[""6777d70bd6da646a4913870b"",""6777d707d6da646a49138633"",""6777d709d6da646a49138698"",""6777d70bd6da646a4913871e"",""6777d70cd6da646a49138758"",""6777d70cd6da646a49138744"",""6777d70dd6da646a49138780"",""6777d70ad6da646a491386e4"",""6777d70fd6da646a491387fc"",""6777d70ad6da646a491386d3""]}",,"{""health"":34,""food"":13,""lifestyle"":49,""current affairs"":52}",,"2025-01-03T11:16:08.680Z",148,false,"6777c6f8a795183480691466",12
"673ff536038d0080790a95be","677aebc8d6da646a49a9b63a","[""world"",""politics"",""business"",""current affairs""]","[""world"",""politics"",""business"",""current affairs""]","{""world"":2,""politics"":2,""business"":2,""current affairs"":2}",,"{""world"":[""67815ad5c9739996e4812732"",""67815ad4c9739996e481271e"",""67815ad8c9739996e4812770"",""677c1656d6da646a49e636f5"",""67800c85c9739996e43ceb92"",""677d64cec9739996e4b6bb67"",""67815ad7c9739996e4812752"",""67815ad7c9739996e481275e"",""67800c84c9739996e43ceb68"",""67800c84c9739996e43ceb74""],""politics"":[""67800b10c9739996e43ce99f"",""677c1466d6da646a49e632cc"",""67815e77c9739996e4812cf9"",""677eb8e0c9739996e4f95abc"",""677eb8dec9739996e4f95a9e"",""677c1464d6da646a49e632a8"",""67800b0fc9739996e43ce98c"",""67815e74c9739996e4812cb7"",""677d6534c9739996e4b6bc2b"",""677c1468d6da646a49e632f6""],""business"":[""677eb729c9739996e4f957b8"",""677eb726c9739996e4f95776"",""678008a0c9739996e43ce35c"",""677c16b4d6da646a49e63752"",""677eb727c9739996e4f95782"",""677c16b5d6da646a49e63770"",""67815defc9739996e4812bff"",""677eb728c9739996e4f957a6"",""677d6834c9739996e4b6c840"",""67815defc9739996e4812bf9""],""current affairs"":[""67811953c9739996e4776b82"",""67811956c9739996e4776ba2"",""67811950c9739996e4776b58"",""67811952c9739996e4776b71"",""67811956c9739996e4776bac"",""67811953c9739996e4776b79"",""67811959c9739996e4776bd2"",""67811951c9739996e4776b69"",""67811954c9739996e4776b92"",""67811951c9739996e4776b60""]}",,"{""world"":67,""politics"":20,""business"":43,""current affairs"":53}",,"2025-01-06T02:04:13.391Z",183,false,"677b3a1dd6da646a49bdf24b",12
"6613f496ce72abb1ce9abde9","677aebc8d6da646a49a9b63a","[""technology"",""crime"",""politics"",""current affairs""]","[""technology""]","{""technology"":2}",,"{""technology"":[""677eb6c4c9739996e4f956df"",""677eb6c0c9739996e4f95685"",""677c13abd6da646a49e63186"",""6780090ac9739996e43ce4ea"",""677c13add6da646a49e6319e"",""677eb6c1c9739996e4f956a9"",""677c13acd6da646a49e63198"",""677d6883c9739996e4b6c8d3"",""677d6886c9739996e4b6c91c"",""677c13aad6da646a49e63166""]}",,"{""technology"":13}",,"2025-01-06T06:30:47.478Z",13,true,"677b7897d6da646a49cc35da",2
"6613f4dcce72abb1ce9abef4","677aebc8d6da646a49a9b63a","[""sports"",""crime"",""politics"",""current affairs""]","[]","{}",,"{}",,"{}",,"2025-01-06T06:30:46.414Z",0,true,"677b7896d6da646a49cc35ad",0
"6613f4a9ce72abb1ce9abe2e","677aebc8d6da646a49a9b63a","[""lifestyle"",""world"",""tourism"",""current affairs""]","[""lifestyle""]","{""lifestyle"":2}",,"{""lifestyle"":[""677d65b9c9739996e4b6be08"",""67815c4bc9739996e4812a18"",""677c17bdd6da646a49e63826"",""67815c4ac9739996e48129ee"",""677c17bcd6da646a49e6380e"",""67815c4bc9739996e4812a06"",""67800878c9739996e43ce297"",""67815c4ac9739996e4812a00"",""677c17bcd6da646a49e63814"",""67815c4bc9739996e4812a12""]}",,"{""lifestyle"":7}",,"2025-01-06T06:30:40.553Z",7,true,"677b7890d6da646a49cc34b2",2
"6613f4cace72abb1ce9abeac","677aebc8d6da646a49a9b63a","[""world"",""sports"",""business"",""current affairs""]","[]","{""world"":1}",,"{""world"":[""677eb6f4c9739996e4f9573e"",""677c1656d6da646a49e636f5"",""677d64cfc9739996e4b6bb6d"",""67815ad6c9739996e4812746"",""67800c85c9739996e43ceb92""]}",,"{""world"":27}",,"2025-01-06T06:30:44.287Z",27,true,"677b7894d6da646a49cc3556",1
"6613f4b8ce72abb1ce9abe64","677aebc8d6da646a49a9b63a","[""science"",""health"",""food"",""current affairs""]","[]","{}",,"{}",,"{}",,"2025-01-06T06:30:43.753Z",0,true,"677b7893d6da646a49cc3535",0
"6613f49fce72abb1ce9abe0d","677aebc8d6da646a49a9b63a","[""sports"",""science"",""crime"",""current affairs""]","[""sports""]","{""sports"":2,""science"":1}",,"{""sports"":[""677c178fd6da646a49e637ac"",""677c1790d6da646a49e637be"",""67815cd5c9739996e4812b19"",""67815cd4c9739996e4812afb"",""67815ccdc9739996e4812aef"",""677d67adc9739996e4b6c737"",""677eb939c9739996e4f95be9"",""677c178fd6da646a49e6379a"",""677eb939c9739996e4f95bdd"",""677d67abc9739996e4b6c71e""],""science"":[""677eb77dc9739996e4f95808"",""677eb77dc9739996e4f95802"",""677eb77ec9739996e4f95814"",""67800a0ac9739996e43ce7fa"",""677eb77cc9739996e4f957f0""]}",,"{""sports"":2,""science"":2}",,"2025-01-06T06:30:41.091Z",4,true,"677b7891d6da646a49cc34d3",3
"6613f4cbce72abb1ce9abeb2","677aebc8d6da646a49a9b63a","[""business"",""health"",""politics"",""current affairs""]","[""business""]","{""business"":2}",,"{""business"":[""678008a2c9739996e43ce386"",""677c16b3d6da646a49e63746"",""678008a1c9739996e43ce368"",""677eb726c9739996e4f95770"",""677c16b2d6da646a49e6372e"",""677d6835c9739996e4b6c865"",""677d6837c9739996e4b6c884"",""677d6835c9739996e4b6c858"",""677c16b5d6da646a49e6376a"",""677d6834c9739996e4b6c846""]}",,"{""business"":34}",,"2025-01-06T06:30:42.157Z",34,true,"677b7892d6da646a49cc34fc",2
"6613f49bce72abb1ce9abdfe","677aebc8d6da646a49a9b63a","[""education"",""health"",""sports"",""current affairs""]","[]","{}",,"{}",,"{}",,"2025-01-06T06:30:45.881Z",0,true,"677b7895d6da646a49cc358c",0
"6613f4c6ce72abb1ce9abe9a","677aebc8d6da646a49a9b63a","[""crime"",""science"",""education"",""current affairs""]","[""crime""]","{""crime"":2}",,"{""crime"":[""677c1419d6da646a49e63279"",""677eb7e0c9739996e4f958a0"",""677c1417d6da646a49e63243"",""677d6650c9739996e4b6c41f"",""678007e1c9739996e43ce09f"",""677c1419d6da646a49e63273"",""678007dec9739996e43ce069"",""677d664fc9739996e4b6c3fc"",""678007e1c9739996e43ce0b1"",""677d6651c9739996e4b6c42b""]}",,"{""crime"":2}",,"2025-01-06T06:30:43.220Z",2,true,"677b7893d6da646a49cc3528",2
"6613f494ce72abb1ce9abddf","677aebc8d6da646a49a9b63a","[""science"",""politics"",""food"",""current affairs""]","[]","{""science"":1}",,"{""science"":[""677d68b0c9739996e4b6c94e"",""67815bf6c9739996e4812956"",""67800a0bc9739996e43ce806"",""677eb77cc9739996e4f957e4"",""677c17ebd6da646a49e6388e""]}",,"{""science"":16}",,"2025-01-06T06:30:42.688Z",16,true,"677b7892d6da646a49cc3507",1
"6613f498ce72abb1ce9abdef","677aebc8d6da646a49a9b63a","[""business"",""lifestyle"",""education"",""current affairs""]","[""business""]","{""business"":2}",,"{""business"":[""67815defc9739996e4812bf9"",""677d6836c9739996e4b6c878"",""677c16b4d6da646a49e6375e"",""677d6836c9739996e4b6c872"",""67815deec9739996e4812bf3"",""677d6834c9739996e4b6c846"",""677c16b2d6da646a49e63728"",""677eb729c9739996e4f957b2"",""678008a1c9739996e43ce368"",""677eb726c9739996e4f95776""]}",,"{""business"":2}",,"2025-01-06T06:30:46.947Z",2,true,"677b7896d6da646a49cc35b9",2
"6613f4dace72abb1ce9abeee","677aebc8d6da646a49a9b63a","[""education"",""entertainment"",""crime"",""current affairs""]","[]","{}",,"{}",,"{}",,"2025-01-06T06:30:44.819Z",0,true,"677b7894d6da646a49cc3563",0
"6613f4b9ce72abb1ce9abe67","677aebc8d6da646a49a9b63a","[""politics"",""technology"",""world"",""current affairs""]","[]","{""politics"":1}",,"{""politics"":[""677c1464d6da646a49e632a8"",""67815e77c9739996e4812cf3"",""67815e74c9739996e4812cb1"",""677c1467d6da646a49e632de"",""67800b0fc9739996e43ce98c""]}",,"{""politics"":0}",,"2025-01-06T06:30:41.625Z",0,true,"677b7891d6da646a49cc34db",1
"6613f4a8ce72abb1ce9abe2b","677aebc8d6da646a49a9b63a","[""science"",""world"",""business"",""current affairs""]","[""science""]","{""science"":2}",,"{""science"":[""677eb77cc9739996e4f957de"",""67800a0ac9739996e43ce7ee"",""67815bf6c9739996e4812956"",""677c17e8d6da646a49e63840"",""677eb77cc9739996e4f957e4"",""677eb77ac9739996e4f957c0"",""67815bf5c9739996e481292c"",""677d68b2c9739996e4b6c998"",""677d68b0c9739996e4b6c960"",""677c17ead6da646a49e63876""]}",,"{""science"":7}",,"2025-01-06T06:30:45.350Z",7,true,"677b7895d6da646a49cc3584",2
"6613f4ddce72abb1ce9abefa","677aebc8d6da646a49a9b63a","[""technology"",""education"",""business"",""current affairs""]","[]","{""technology"":1}",,"{""technology"":[""677c13aed6da646a49e631b6"",""677c13add6da646a49e631a4"",""677d6883c9739996e4b6c8d3"",""67800906c9739996e43ce48a"",""677d6885c9739996e4b6c8f8""]}",,"{""technology"":17}",,"2025-01-07T06:30:41.433Z",17,true,"677cca11c9739996e49bd50c",1
"6613f4dece72abb1ce9abefd","677aebc8d6da646a49a9b63a","[""technology"",""tourism"",""science"",""current affairs""]","[]","{}",,"{}",,"{}",,"2025-01-07T06:30:43.006Z",0,true,"677cca13c9739996e49bd556",0
"6613f4d5ce72abb1ce9abed9","677aebc8d6da646a49a9b63a","[""business"",""environment"",""entertainment"",""current affairs""]","[]","{}",,"{}",,"{}",,"2025-01-07T06:30:40.908Z",0,true,"677cca10c9739996e49bd4fd",0
"6613f4e0ce72abb1ce9abf06","677aebc8d6da646a49a9b63a","[""business"",""food"",""world"",""current affairs""]","[]","{""business"":1}",,"{""business"":[""677eb725c9739996e4f9575e"",""677eb727c9739996e4f95782"",""677c16b2d6da646a49e63734"",""677d6833c9739996e4b6c83a"",""67815deec9739996e4812bed""]}",,"{""business"":0}",,"2025-01-07T06:30:41.957Z",0,true,"677cca11c9739996e49bd52c",1
"6613f495ce72abb1ce9abde3","677aebc8d6da646a49a9b63a","[""environment"",""lifestyle"",""crime"",""current affairs""]","[""environment""]","{""environment"":2,""lifestyle"":1}",,"{""environment"":[""677d6620c9739996e4b6bfe2"",""67800bc5c9739996e43ceb40"",""678159e5c9739996e481255a"",""677d6620c9739996e4b6bff6"",""677c1626d6da646a49e635fd"",""678159e7c9739996e4812585"",""677d6622c9739996e4b6c01a"",""677d661fc9739996e4b6bfdc"",""677d6621c9739996e4b6c002"",""678159e4c9739996e4812542""],""lifestyle"":[""677eb867c9739996e4f95985"",""67800879c9739996e43ce2b5"",""67815c4cc9739996e4812a2a"",""677eb867c9739996e4f95979"",""67800876c9739996e43ce26d""]}",,"{""environment"":10,""lifestyle"":2}",,"2025-01-07T06:30:43.530Z",12,true,"677cca13c9739996e49bd566",3
"6613f4b5ce72abb1ce9abe58","677aebc8d6da646a49a9b63a","[""crime"",""politics"",""technology"",""current affairs""]","[]","{""crime"":1}",,"{""crime"":[""677c141ad6da646a49e63285"",""678007e0c9739996e43ce093"",""677d6650c9739996e4b6c41f"",""677eb7dfc9739996e4f9588d"",""677c1419d6da646a49e6327f""]}",,"{""crime"":0}",,"2025-01-07T06:30:45.630Z",0,true,"677cca15c9739996e49bd5be",1
"6613f4cbce72abb1ce9abeaf","677aebc8d6da646a49a9b63a","[""crime"",""environment"",""tourism"",""current affairs""]","[]","{""crime"":1}",,"{""crime"":[""677eb7ddc9739996e4f9584d"",""677c1417d6da646a49e63243"",""677c1418d6da646a49e6325b"",""677eb7dcc9739996e4f95847"",""678007dfc9739996e43ce075""]}",,"{""crime"":3}",,"2025-01-07T06:30:46.153Z",3,true,"677cca16c9739996e49bd5de",1
"6613f4c9ce72abb1ce9abea9","677aebc8d6da646a49a9b63a","[""entertainment"",""sports"",""tourism"",""current affairs""]","[""entertainment""]","{""entertainment"":2}",,"{""entertainment"":[""677eb9e3c9739996e4f95dbb"",""677eb9e3c9739996e4f95daf"",""677c186fd6da646a49e63922"",""677c186ed6da646a49e63904"",""678008c8c9739996e43ce402"",""677c186ed6da646a49e638f8"",""67815f6dc9739996e4812db3"",""677c1871d6da646a49e6393a"",""677c186fd6da646a49e6391c"",""677eb9e5c9739996e4f95de2""]}",,"{""entertainment"":2}",,"2025-01-07T06:30:40.087Z",2,true,"677cca10c9739996e49bd4d2",2
"6613f4c1ce72abb1ce9abe88","677aebc8d6da646a49a9b63a","[""crime"",""technology"",""education"",""current affairs""]","[]","{}",,"{}",,"{}",,"2025-01-07T06:30:44.063Z",0,true,"677cca14c9739996e49bd586",0
"6613f4dece72abb1ce9abf00","677aebc8d6da646a49a9b63a","[""crime"",""technology"",""health"",""current affairs""]","[]","{}",,"{}",,"{}",,"2025-01-07T06:30:44.585Z",0,true,"677cca14c9739996e49bd592",0
"6613f4bbce72abb1ce9abe70","677aebc8d6da646a49a9b63a","[""business"",""technology"",""entertainment"",""current affairs""]","[]","{""business"":1}",,"{""business"":[""67815defc9739996e4812c05"",""677c16b3d6da646a49e63740"",""677d6834c9739996e4b6c840"",""677d6836c9739996e4b6c86b"",""678008a4c9739996e43ce3b1""]}",,"{""business"":9}",,"2025-01-07T06:30:45.108Z",9,true,"677cca15c9739996e49bd5b2",1
"6613f4b6ce72abb1ce9abe5b","677aebc8d6da646a49a9b63a","[""world"",""politics"",""education"",""current affairs""]","[]","{}",,"{}",,"{}",,"2025-01-07T06:30:46.674Z",0,true,"677cca16c9739996e49bd5ed",0
"6613f4a2ce72abb1ce9abe16","677aebc8d6da646a49a9b63a","[""business"",""lifestyle"",""education"",""current affairs""]","[]","{}",,"{}",,"{}",,"2025-01-07T06:30:42.485Z",0,true,"677cca12c9739996e49bd537",0
"667d9d31ede918c194e96af9","677aebc8d6da646a49a9b63a","[""health"",""entertainment"",""food"",""current affairs""]","[""entertainment"",""health"",""current affairs"",""food""]","{""entertainment"":2,""health"":2,""current affairs"":2,""food"":2}",,"{""entertainment"":[""67815f6cc9739996e4812d8f"",""678008c6c9739996e43ce3c5"",""67815f6dc9739996e4812dad"",""677eb9e5c9739996e4f95dda"",""677eb9e2c9739996e4f95d9d"",""67815f6bc9739996e4812d89"",""678008c6c9739996e43ce3d8"",""677eb9e3c9739996e4f95da9"",""677eb9e2c9739996e4f95da3"",""677eb9e3c9739996e4f95db5""],""health"":[""677d669bc9739996e4b6c551"",""677eb892c9739996e4f959fd"",""677eb894c9739996e4f95a2d"",""677eb893c9739996e4f95a0f"",""67815fd1c9739996e4812dc8"",""678009b4c9739996e43ce70e"",""677eb891c9739996e4f959e5"",""67815fd2c9739996e4812de0"",""677eb892c9739996e4f95a03"",""67815fd3c9739996e4812de6""],""current affairs"":[""67811954c9739996e4776b8a"",""67811951c9739996e4776b60"",""67811954c9739996e4776b92"",""67811957c9739996e4776bbd"",""67811959c9739996e4776bd2"",""67811953c9739996e4776b79"",""67811950c9739996e4776b58"",""67811955c9739996e4776b9a"",""67811958c9739996e4776bc7"",""67811956c9739996e4776ba2""],""food"":[""677d658dc9739996e4b6bd6f"",""677eb9bac9739996e4f95d53"",""677d658dc9739996e4b6bd63"",""67815e53c9739996e4812c73"",""677c14b1d6da646a49e63386"",""6780096ec9739996e43ce64a"",""677c14b3d6da646a49e633a5"",""67815e54c9739996e4812c8b"",""677d658fc9739996e4b6bda2"",""67815e52c9739996e4812c67""]}",,"{""entertainment"":81,""health"":78,""current affairs"":98,""food"":46}",,"2025-01-07T12:23:58.854Z",303,false,"677d1cdec9739996e4a96c85",12
"6613f4a1ce72abb1ce9abe13","677aebc8d6da646a49a9b63a","[""health"",""politics"",""environment"",""current affairs""]","[""health""]","{""health"":2}",,"{""health"":[""67815fd1c9739996e4812dc2"",""677eb891c9739996e4f959eb"",""678009b5c9739996e43ce726"",""67815fd3c9739996e4812df2"",""677eb893c9739996e4f95a0f"",""67815fd5c9739996e4812e10"",""677eb892c9739996e4f95a09"",""677d669dc9739996e4b6c56f"",""677d669cc9739996e4b6c569"",""677eb892c9739996e4f959f7""]}",,"{""health"":21}",,"2025-01-08T06:30:03.677Z",21,true,"677e1b6bc9739996e4deed58",2
"6613f49dce72abb1ce9abe07","677aebc8d6da646a49a9b63a","[""health"",""sports"",""world"",""current affairs""]","[]","{""health"":1}",,"{""health"":[""67815fd3c9739996e4812df2"",""677eb893c9739996e4f95a0f"",""677eb892c9739996e4f959fd"",""677d669dc9739996e4b6c575"",""677eb893c9739996e4f95a15""]}",,"{""health"":16}",,"2025-01-08T06:30:04.206Z",16,true,"677e1b6cc9739996e4deed80",1
"6613f4acce72abb1ce9abe37","677aebc8d6da646a49a9b63a","[""sports"",""crime"",""entertainment"",""current affairs""]","[]","{""sports"":1}",,"{""sports"":[""677c178fd6da646a49e637a0"",""67815cd4c9739996e4812afb"",""677eb93ac9739996e4f95c01"",""677eb93ac9739996e4f95bfb"",""67815cd5c9739996e4812b13""]}",,"{""sports"":2}",,"2025-01-08T06:30:04.739Z",2,true,"677e1b6cc9739996e4deed8a",1
"6613f4a6ce72abb1ce9abe22","677aebc8d6da646a49a9b63a","[""environment"",""health"",""sports"",""current affairs""]","[]","{}",,"{}",,"{}",,"2025-01-08T06:30:05.259Z",0,true,"677e1b6dc9739996e4deedab",0
"6613f4b7ce72abb1ce9abe5e","677aebc8d6da646a49a9b63a","[""tourism"",""environment"",""lifestyle"",""current affairs""]","[]","{""tourism"":1}",,"{""tourism"":[""677c184bd6da646a49e638ba"",""67815f04c9739996e4812d44"",""677c184ad6da646a49e638b4"",""677d65eec9739996e4b6be99"",""67815f04c9739996e4812d4a""]}",,"{""tourism"":21}",,"2025-01-08T06:30:06.041Z",21,true,"677e1b6ec9739996e4deedd2",1
"6613f4adce72abb1ce9abe3d","677aebc8d6da646a49a9b63a","[""tourism"",""education"",""business"",""current affairs""]","[""tourism"",""education""]","{""tourism"":2,""education"":2}",,"{""tourism"":[""677eb668c9739996e4f955d6"",""67800805c9739996e43ce0df"",""677c184cd6da646a49e638d2"",""67800808c9739996e43ce127"",""67800805c9739996e43ce0d9"",""67815f02c9739996e4812d2c"",""677c184bd6da646a49e638c0"",""677eb667c9739996e4f955ab"",""677d65f1c9739996e4b6bee1"",""677c184ad6da646a49e638ae""],""education"":[""67800930c9739996e43ce589"",""6780092dc9739996e43ce53d"",""67815da3c9739996e4812bc0"",""677d655ec9739996e4b6bcac"",""677eb909c9739996e4f95b4f"",""677d6560c9739996e4b6bcca"",""6780092fc9739996e43ce56b"",""67815da2c9739996e4812ba2"",""677eb908c9739996e4f95b2f"",""677d655fc9739996e4b6bcb8""]}",,"{""tourism"":17,""education"":5}",,"2025-01-08T06:30:06.562Z",22,true,"677e1b6ec9739996e4deedf6",4
"6613f4bbce72abb1ce9abe6d","677aebc8d6da646a49a9b63a","[""sports"",""food"",""lifestyle"",""current affairs""]","[]","{""sports"":1}",,"{""sports"":[""67815cd5c9739996e4812b19"",""677c1791d6da646a49e637ca"",""677eb93ac9739996e4f95c07"",""677d67afc9739996e4b6c76d"",""677eb938c9739996e4f95bd1""]}",,"{""sports"":26}",,"2025-01-08T06:30:07.603Z",26,true,"677e1b6fc9739996e4deee2f",1
"6613f49ece72abb1ce9abe0a","677aebc8d6da646a49a9b63a","[""health"",""world"",""lifestyle"",""current affairs""]","[]","{}",,"{}",,"{}",,"2025-01-08T06:30:08.126Z",0,true,"677e1b70c9739996e4deee50",0
"6613f4a3ce72abb1ce9abe19","677aebc8d6da646a49a9b63a","[""politics"",""environment"",""sports"",""current affairs""]","[""politics""]","{""politics"":2}",,"{""politics"":[""67815e76c9739996e4812ce1"",""677d6535c9739996e4b6bc49"",""677c1467d6da646a49e632de"",""677c1464d6da646a49e632a8"",""677d6537c9739996e4b6bc68"",""677d6533c9739996e4b6bc10"",""677eb8e1c9739996e4f95ae3"",""677c1467d6da646a49e632e4"",""677d6537c9739996e4b6bc6e"",""677c1466d6da646a49e632cc""]}",,"{""politics"":14}",,"2025-01-08T06:30:08.648Z",14,true,"677e1b70c9739996e4deee78",2
"6613f4bcce72abb1ce9abe73","677aebc8d6da646a49a9b63a","[""education"",""lifestyle"",""crime"",""current affairs""]","[""education""]","{""education"":2}",,"{""education"":[""67815da4c9739996e4812bcc"",""6780092fc9739996e43ce56b"",""67815da2c9739996e4812b9c"",""67815da2c9739996e4812bae"",""67815da1c9739996e4812b90"",""6780092dc9739996e43ce543"",""67815da3c9739996e4812bb4"",""677d655fc9739996e4b6bcb8"",""677eb909c9739996e4f95b41"",""677d6562c9739996e4b6bcfc""]}",,"{""education"":28}",,"2025-01-08T06:30:09.168Z",28,true,"677e1b71c9739996e4deee84",2
"6613f4b2ce72abb1ce9abe4f","677aebc8d6da646a49a9b63a","[""tourism"",""technology"",""world"",""current affairs""]","[]","{}",,"{}",,"{}",,"2025-01-08T06:30:09.694Z",0,true,"677e1b71c9739996e4deeea5",0
"65b1ebbc90ba2e3794e9696d","677aebc8d6da646a49a9b63a","[""business"",""health"",""science"",""current affairs""]","[]","{""current affairs"":1,""health"":1}",,"{""current affairs"":[""67811955c9739996e4776b9a"",""67811950c9739996e4776b58"",""67811953c9739996e4776b79"",""67811956c9739996e4776bac"",""67811952c9739996e4776b71""],""health"":[""677eb894c9739996e4f95a27"",""678009b5c9739996e43ce732"",""67815fd3c9739996e4812dec"",""67815fd1c9739996e4812dbc"",""677eb891c9739996e4f959e5""]}",,"{""current affairs"":134,""health"":14}",,"2025-01-09T05:41:07.649Z",148,true,"677f6173c9739996e421c8a7",2
"6613f4acce72abb1ce9abe3a","677aebc8d6da646a49a9b63a","[""business"",""politics"",""entertainment"",""current affairs""]","[]","{""business"":1}",,"{""business"":[""678008a2c9739996e43ce392"",""677eb725c9739996e4f95764"",""677d6835c9739996e4b6c852"",""677eb729c9739996e4f957ac"",""678008a3c9739996e43ce3a5""]}",,"{""business"":17}",,"2025-01-09T06:30:03.550Z",17,true,"677f6cebc9739996e4226095",1
"6613f4bece72abb1ce9abe79","677aebc8d6da646a49a9b63a","[""environment"",""food"",""tourism"",""current affairs""]","[]","{""environment"":1}",,"{""environment"":[""67800bc2c9739996e43ceaed"",""677c1626d6da646a49e63609"",""678159e6c9739996e4812573"",""677d661fc9739996e4b6bfdc"",""677d661fc9739996e4b6bfd0""]}",,"{""environment"":10}",,"2025-01-09T06:30:04.061Z",10,true,"677f6cecc9739996e42260ba",1
"6613f4bece72abb1ce9abe7c","677aebc8d6da646a49a9b63a","[""lifestyle"",""entertainment"",""environment"",""current affairs""]","[""lifestyle""]","{""lifestyle"":2}",,"{""lifestyle"":[""67815c4ac9739996e48129fa"",""67800876c9739996e43ce26d"",""677d65bac9739996e4b6be32"",""677eb866c9739996e4f95973"",""677c17bcd6da646a49e63808"",""677d65bcc9739996e4b6be50"",""67815c4dc9739996e4812a3c"",""677d65bac9739996e4b6be20"",""677d65b8c9739996e4b6be02"",""677d65b8c9739996e4b6bdfc""]}",,"{""lifestyle"":14}",,"2025-01-09T06:30:05.077Z",14,true,"677f6cedc9739996e42260e9",2
"6613f49cce72abb1ce9abe01","677aebc8d6da646a49a9b63a","[""health"",""business"",""technology"",""current affairs""]","[]","{}",,"{}",,"{}",,"2025-01-09T06:30:05.587Z",0,true,"677f6cedc9739996e4226111",0
"6613f4c0ce72abb1ce9abe82","677aebc8d6da646a49a9b63a","[""technology"",""science"",""sports"",""current affairs""]","[]","{""technology"":1}",,"{""technology"":[""67815d31c9739996e4812b81"",""67800906c9739996e43ce490"",""67815d31c9739996e4812b7b"",""677eb6c0c9739996e4f95691"",""677c13aad6da646a49e63166""]}",,"{""technology"":9}",,"2025-01-09T06:30:06.604Z",9,true,"677f6ceec9739996e422613b",1
"6613f4b3ce72abb1ce9abe52","677aebc8d6da646a49a9b63a","[""tourism"",""technology"",""sports"",""current affairs""]","[]","{}",,"{}",,"{}",,"2025-01-09T06:30:07.114Z",0,true,"677f6cefc9739996e4226160",0
"6613f4a6ce72abb1ce9abe25","677aebc8d6da646a49a9b63a","[""crime"",""tourism"",""lifestyle"",""current affairs""]","[]","{}",,"{}",,"{}",,"2025-01-09T06:30:08.148Z",0,true,"677f6cf0c9739996e422618c",0
"65fe496b205cf6d5f81e91fb","677aebc8d6da646a49a9b63a","[""business"",""food"",""health"",""current affairs""]","[""business"",""food"",""health"",""current affairs""]","{""business"":2,""food"":2,""health"":2,""current affairs"":2}",,"{""business"":[""67815df1c9739996e4812c23"",""677eb727c9739996e4f95788"",""677d6837c9739996e4b6c884"",""678008a3c9739996e43ce3ab"",""677d6835c9739996e4b6c852"",""677c16b2d6da646a49e63728"",""677c16b2d6da646a49e6373a"",""67815df2c9739996e4812c3b"",""677d6834c9739996e4b6c840"",""677c16b4d6da646a49e63752""],""food"":[""6780096dc9739996e43ce63e"",""677c14afd6da646a49e6335c"",""6780096dc9739996e43ce62c"",""677eb9b8c9739996e4f95d22"",""677eb9b9c9739996e4f95d28"",""677eb9b7c9739996e4f95d05"",""677eb9b7c9739996e4f95cff"",""677eb9b9c9739996e4f95d35"",""677d658ec9739996e4b6bd87"",""677d658dc9739996e4b6bd6f""],""health"":[""678009b5c9739996e43ce720"",""677d669dc9739996e4b6c56f"",""678009b5c9739996e43ce726"",""67815fd1c9739996e4812dbc"",""678009b4c9739996e43ce714"",""677d669bc9739996e4b6c545"",""677eb891c9739996e4f959e5"",""67815fd5c9739996e4812e10"",""67815fd3c9739996e4812dec"",""677eb892c9739996e4f95a03""],""current affairs"":[""67811951c9739996e4776b69"",""67811953c9739996e4776b79"",""67811951c9739996e4776b60"",""67811959c9739996e4776bd2"",""67811956c9739996e4776ba2"",""67811952c9739996e4776b71"",""67811957c9739996e4776bbd"",""67811953c9739996e4776b82"",""67811957c9739996e4776bb4"",""67811958c9739996e4776bc7""]}",,"{""business"":31,""food"":12,""health"":29,""current affairs"":26}",,"2025-01-09T07:57:24.284Z",98,false,"677f8164c9739996e42655bc",12
"661d1c43d3779bd18c70c9aa","677aebc8d6da646a49a9b63a","[""sports"",""technology"",""business"",""current affairs""]","[]","{}",,"{}",,"{}",,"2025-01-10T03:08:30.584Z",0,true,"67808f2ec9739996e4613068",0
"6613f49ace72abb1ce9abdf8","677aebc8d6da646a49a9b63a","[""environment"",""crime"",""world"",""current affairs""]","[]","{""environment"":1}",,"{""environment"":[""677c1626d6da646a49e635fd"",""67800bc5c9739996e43ceb3a"",""67800bc3c9739996e43ceb12"",""677c1627d6da646a49e6361b"",""677eb989c9739996e4f95c7b""]}",,"{""environment"":2}",,"2025-01-10T06:30:10.110Z",2,true,"6780be72c9739996e4663e0b",1
"6613f49dce72abb1ce9abe04","677aebc8d6da646a49a9b63a","[""world"",""crime"",""education"",""current affairs""]","[]","{""world"":1}",,"{""world"":[""67800c86c9739996e43ceb9e"",""677c1654d6da646a49e636b8"",""677d64cec9739996e4b6bb55"",""677c1657d6da646a49e63701"",""677d64cdc9739996e4b6bb32""]}",,"{""world"":2}",,"2025-01-10T06:30:11.017Z",2,true,"6780be73c9739996e4663e33",1
"6613f4a5ce72abb1ce9abe1f","677aebc8d6da646a49a9b63a","[""lifestyle"",""entertainment"",""tourism"",""current affairs""]","[]","{}",,"{}",,"{}",,"2025-01-10T06:30:12.055Z",0,true,"6780be74c9739996e4663e60",0
"6613f4aece72abb1ce9abe40","677aebc8d6da646a49a9b63a","[""health"",""science"",""education"",""current affairs""]","[]","{""health"":1}",,"{""health"":[""677eb894c9739996e4f95a2d"",""678009b7c9739996e43ce762"",""677d669dc9739996e4b6c575"",""677eb892c9739996e4f95a03"",""678009b3c9739996e43ce708""]}",,"{""health"":34}",,"2025-01-10T06:30:13.092Z",34,true,"6780be75c9739996e4663e92",1
"6613f4a4ce72abb1ce9abe1c","677aebc8d6da646a49a9b63a","[""science"",""technology"",""sports"",""current affairs""]","[]","{""science"":1}",,"{""science"":[""67815bf5c9739996e481293f"",""677eb77cc9739996e4f957de"",""677eb77cc9739996e4f957e4"",""67815bf7c9739996e4812968"",""67815bf3c9739996e481290c""]}",,"{""science"":9}",,"2025-01-10T06:30:13.610Z",9,true,"6780be75c9739996e4663eb3",1
"6613f4bace72abb1ce9abe6a","677aebc8d6da646a49a9b63a","[""politics"",""education"",""science"",""current affairs""]","[""politics""]","{""politics"":2}",,"{""politics"":[""677c1464d6da646a49e632a2"",""677eb8dec9739996e4f95a92"",""677c1466d6da646a49e632d8"",""67815e76c9739996e4812ce1"",""67800b11c9739996e43ce9c1"",""67815e76c9739996e4812cdb"",""677d6536c9739996e4b6bc55"",""677d6534c9739996e4b6bc23"",""677d6535c9739996e4b6bc3d"",""677d6537c9739996e4b6bc68""]}",,"{""politics"":23}",,"2025-01-10T06:30:14.388Z",23,true,"6780be76c9739996e4663eda",2
"6613f497ce72abb1ce9abdec","677aebc8d6da646a49a9b63a","[""environment"",""world"",""crime"",""current affairs""]","[]","{""environment"":1}",,"{""environment"":[""677c1626d6da646a49e6360f"",""677c1627d6da646a49e63615"",""677eb98ac9739996e4f95c87"",""677c1629d6da646a49e63643"",""677d6620c9739996e4b6bffc""]}",,"{""environment"":24}",,"2025-01-10T06:30:15.165Z",24,true,"6780be77c9739996e4663f01",1
"673ff536038d0080790a95be","678426483d8875642c9a88c1","[""world"",""politics"",""business"",""current affairs""]","[""world"",""politics"",""business"",""current affairs""]","{""world"":2,""politics"":2,""business"":2,""current affairs"":2}",,"{""world"":[""6787f0cabba1f0118dd48ad2"",""6789424694c83b92862d6d6b"",""6787f0c9bba1f0118dd48aaa"",""678a950ae7931a502cd8c13c"",""67854e1801575378fa107a4c"",""6787f0cabba1f0118dd48abe"",""6787f0c9bba1f0118dd48ab0"",""6789424494c83b92862d6d35"",""67869f76c9cd4a92fe1605b7"",""6789424594c83b92862d6d4d""],""politics"":[""67854ead01575378fa107bcb"",""67869faac9cd4a92fe1605ff"",""67869fadc9cd4a92fe160642"",""67869facc9cd4a92fe160629"",""678a9771e7931a502cd8c4d4"",""6787f0fbbba1f0118dd48b3f"",""6787f0fcbba1f0118dd48b68"",""67869fadc9cd4a92fe16064e"",""6789426b94c83b92862d6d7f"",""678a9770e7931a502cd8c4bc""],""business"":[""6787f13ebba1f0118dd48bf4"",""6787f13ebba1f0118dd48bee"",""678a955ee7931a502cd8c1dc"",""6787f13cbba1f0118dd48bca"",""67854ef101575378fa107c65"",""67854eee01575378fa107c23"",""67869fddc9cd4a92fe1606c8"",""6787f13dbba1f0118dd48bd0"",""6787f13dbba1f0118dd48bdc"",""67854eef01575378fa107c35""],""current affairs"":[""678a53f6e7931a502ccfc050"",""678a5400e7931a502ccfc0d7"",""678a53fce7931a502ccfc09b"",""678a53f3e7931a502ccfc02e"",""678a53f4e7931a502ccfc03f"",""678a53fee7931a502ccfc0bd"",""678a53f6e7931a502ccfc058"",""678a53f8e7931a502ccfc069"",""678a53f9e7931a502ccfc07a"",""678a53ffe7931a502ccfc0cd""]}",,"{""world"":22,""politics"":15,""business"":49,""current affairs"":70}",,"2025-01-13T00:46:03.039Z",156,false,"6784624b3d8875642cb10936",12
"6613f4a9ce72abb1ce9abe2e","678426483d8875642c9a88c1","[""world"",""entertainment"",""crime"",""current affairs""]","[]","{}",,"{}",,"{}",,"2025-01-13T06:30:41.229Z",0,true,"6784b3113d8875642cbdf6e7",0
"6613f4a4ce72abb1ce9abe1c","678426483d8875642c9a88c1","[""education"",""world"",""business"",""current affairs""]","[]","{}",,"{}",,"{}",,"2025-01-13T06:30:41.798Z",0,true,"6784b3113d8875642cbdf710",0
"6613f4c6ce72abb1ce9abe9d","678426483d8875642c9a88c1","[""lifestyle"",""world"",""education"",""current affairs""]","[]","{""lifestyle"":1}",,"{""lifestyle"":[""678a94d9e7931a502cd8c0b7"",""678946e794c83b92862db6e1"",""678a94d9e7931a502cd8c0b1"",""678552d101575378fa10834a"",""678552d101575378fa108358""]}",,"{""lifestyle"":15}",,"2025-01-13T06:30:42.349Z",15,true,"6784b3123d8875642cbdf715",1
"6613f4c7ce72abb1ce9abea0","678426483d8875642c9a88c1","[""health"",""tourism"",""lifestyle"",""current affairs""]","[]","{}",,"{}",,"{}",,"2025-01-13T06:30:42.900Z",0,true,"6784b3123d8875642cbdf739",0
"6613f4a2ce72abb1ce9abe16","678426483d8875642c9a88c1","[""environment"",""science"",""food"",""current affairs""]","[]","{}",,"{}",,"{}",,"2025-01-13T06:30:43.448Z",0,true,"6784b3133d8875642cbdf73e",0
"6613f4a6ce72abb1ce9abe22","678426483d8875642c9a88c1","[""crime"",""food"",""health"",""current affairs""]","[]","{""crime"":1}",,"{""crime"":[""6786a19cc9cd4a92fe160b24"",""6785511001575378fa10811f"",""6785511201575378fa108143"",""678a95b0e7931a502cd8c278"",""6787f2b7bba1f0118dd49004""]}",,"{""crime"":0}",,"2025-01-13T06:30:43.998Z",0,true,"6784b3133d8875642cbdf765",1
"6613f4d4ce72abb1ce9abed6","678426483d8875642c9a88c1","[""science"",""environment"",""sports"",""current affairs""]","[""science""]","{""science"":2}",,"{""science"":[""6787f23bbba1f0118dd48e68"",""6786a0c3c9cd4a92fe16094b"",""6785501601575378fa107f72"",""678a9452e7931a502cd8bfe1"",""678944e894c83b92862d88b8"",""678a9451e7931a502cd8bfbd"",""678944e894c83b92862d88c6"",""6785501601575378fa107f78"",""6785501401575378fa107f4d"",""6786a0c5c9cd4a92fe160975""]}",,"{""science"":2}",,"2025-01-13T06:30:44.544Z",2,true,"6784b3143d8875642cbdf76a",2
"6613f4c3ce72abb1ce9abe8e","678426483d8875642c9a88c1","[""politics"",""entertainment"",""lifestyle"",""current affairs""]","[""politics""]","{""politics"":2,""entertainment"":1}",,"{""politics"":[""678a976ee7931a502cd8c48c"",""67869fabc9cd4a92fe160611"",""678a976fe7931a502cd8c4aa"",""6787f0fabba1f0118dd48b2d"",""678a9771e7931a502cd8c4d4"",""6787f0fdbba1f0118dd48b74"",""6789426a94c83b92862d6d73"",""678a976ee7931a502cd8c492"",""67854ead01575378fa107bbf"",""678a976ee7931a502cd8c486""],""entertainment"":[""6785522901575378fa108234"",""6785522701575378fa10820a"",""6787f349bba1f0118dd4916c"",""678a9668e7931a502cd8c325"",""678a966ae7931a502cd8c349""]}",,"{""politics"":8,""entertainment"":0}",,"2025-01-13T06:30:45.093Z",8,true,"6784b3153d8875642cbdf790",3
"6613f4acce72abb1ce9abe37","678426483d8875642c9a88c1","[""lifestyle"",""politics"",""business"",""current affairs""]","[]","{""lifestyle"":1}",,"{""lifestyle"":[""678a94dae7931a502cd8c0c9"",""678a94d7e7931a502cd8c087"",""678946e994c83b92862db711"",""678a94d8e7931a502cd8c099"",""678552cf01575378fa108324""]}",,"{""lifestyle"":0}",,"2025-01-13T06:30:45.643Z",0,true,"6784b3153d8875642cbdf795",1
"6613f4a8ce72abb1ce9abe2b","678426483d8875642c9a88c1","[""lifestyle"",""entertainment"",""sports"",""current affairs""]","[]","{}",,"{}",,"{}",,"2025-01-13T06:30:46.204Z",0,true,"6784b3163d8875642cbdf7bc",0
"6613f49bce72abb1ce9abdfe","678426483d8875642c9a88c1","[""entertainment"",""health"",""education"",""current affairs""]","[]","{""entertainment"":1}",,"{""entertainment"":[""6785522701575378fa1081f8"",""6789468994c83b92862daf56"",""6786a22fc9cd4a92fe160cda"",""6787f346bba1f0118dd49130"",""6789468894c83b92862dae6f""]}",,"{""entertainment"":19}",,"2025-01-13T06:30:46.754Z",19,true,"6784b3163d8875642cbdf7c1",1
"6613f4bece72abb1ce9abe79","678426483d8875642c9a88c1","[""environment"",""education"",""science"",""current affairs""]","[]","{}",,"{}",,"{}",,"2025-01-13T06:30:47.305Z",0,true,"6784b3173d8875642cbdf7e8",0
"6613f4a3ce72abb1ce9abe19","678426483d8875642c9a88c1","[""sports"",""environment"",""health"",""current affairs""]","[""sports""]","{""sports"":2}",,"{""sports"":[""678943ee94c83b92862d78c8"",""67854f4a01575378fa107d63"",""6786a04ec9cd4a92fe1607f1"",""6786a04cc9cd4a92fe1607cb"",""678943f094c83b92862d78f8"",""6786a050c9cd4a92fe160816"",""6787f1dfbba1f0118dd48d67"",""67854f4901575378fa107d51"",""678943ef94c83b92862d78da"",""67854f4b01575378fa107d6f""]}",,"{""sports"":35}",,"2025-01-13T06:30:47.856Z",35,true,"6784b3173d8875642cbdf7ed",2
"6613f4dbce72abb1ce9abef1","678426483d8875642c9a88c1","[""education"",""crime"",""politics"",""current affairs""]","[""education""]","{""education"":2}",,"{""education"":[""6787f2eebba1f0118dd490a2"",""6787f2eebba1f0118dd490a8"",""678a94a6e7931a502cd8c02c"",""6787f2ecbba1f0118dd4907a"",""6789461894c83b92862da520"",""6787f2ebbba1f0118dd49062"",""678a94a8e7931a502cd8c050"",""678551cd01575378fa108189"",""6789461994c83b92862da532"",""6786a1d8c9cd4a92fe160bd2""]}",,"{""education"":23}",,"2025-01-13T06:30:48.406Z",23,true,"6784b3183d8875642cbdf815",2
"6613f4a0ce72abb1ce9abe10","678426483d8875642c9a88c1","[""world"",""environment"",""science"",""current affairs""]","[]","{""world"":1}",,"{""world"":[""678a950ae7931a502cd8c148"",""67869f75c9cd4a92fe160599"",""67854e1901575378fa107a60"",""67869f76c9cd4a92fe1605ab"",""6789424494c83b92862d6d2f""]}",,"{""world"":34}",,"2025-01-14T06:30:41.339Z",34,true,"678604911168ed608b93a052",1
"6613f4cbce72abb1ce9abeb2","678426483d8875642c9a88c1","[""politics"",""food"",""health"",""current affairs""]","[]","{""politics"":1}",,"{""politics"":[""67854eaa01575378fa107b8f"",""67854eac01575378fa107ba7"",""6787f0fcbba1f0118dd48b51"",""6789426a94c83b92862d6d79"",""67854eac01575378fa107bb9""]}",,"{""politics"":0}",,"2025-01-14T06:30:41.891Z",0,true,"678604911168ed608b93a055",1
"6613f4cece72abb1ce9abebb","678426483d8875642c9a88c1","[""tourism"",""lifestyle"",""health"",""current affairs""]","[""tourism""]","{""tourism"":2}",,"{""tourism"":[""678552fc01575378fa1083be"",""6789473e94c83b92862dbe43"",""6786a3fec9cd4a92fe160f0d"",""678552fd01575378fa1083d6"",""6789473f94c83b92862dbe55"",""6786a400c9cd4a92fe160f2b"",""6786a3fec9cd4a92fe160f07"",""6786a400c9cd4a92fe160f31"",""678a93e4e7931a502cd8b6f3"",""6789474094c83b92862dbe67""]}",,"{""tourism"":15}",,"2025-01-14T06:30:42.437Z",15,true,"678604921168ed608b93a058",2
"6613f4d9ce72abb1ce9abee8","678426483d8875642c9a88c1","[""world"",""education"",""business"",""current affairs""]","[]","{}",,"{}",,"{}",,"2025-01-14T06:30:42.985Z",0,true,"678604921168ed608b93a05b",0
"6613f4aece72abb1ce9abe40","678426483d8875642c9a88c1","[""environment"",""health"",""entertainment"",""current affairs""]","[""environment""]","{""environment"":2}",,"{""environment"":[""678a9714e7931a502cd8c46c"",""678a9712e7931a502cd8c43c"",""6786a16bc9cd4a92fe160a8c"",""6789451194c83b92862d8ccb"",""6787f28abba1f0118dd48f52"",""678550a301575378fa108079"",""6789450f94c83b92862d8cad"",""6789451294c83b92862d8ce3"",""678550a001575378fa10803d"",""678a9711e7931a502cd8c42a""]}",,"{""environment"":22}",,"2025-01-14T06:30:43.532Z",22,true,"678604931168ed608b93a05e",2
"6613f49bce72abb1ce9abdfb","678426483d8875642c9a88c1","[""lifestyle"",""entertainment"",""education"",""current affairs""]","[]","{""lifestyle"":1}",,"{""lifestyle"":[""678a94d7e7931a502cd8c08d"",""678552d201575378fa108370"",""678946e894c83b92862db6f3"",""678a94d9e7931a502cd8c0bd"",""678552cf01575378fa10832a""]}",,"{""lifestyle"":3}",,"2025-01-14T06:30:44.085Z",3,true,"678604941168ed608b93a061",1
"6613f4cece72abb1ce9abebe","678426483d8875642c9a88c1","[""sports"",""lifestyle"",""entertainment"",""current affairs""]","[]","{}",,"{}",,"{}",,"2025-01-14T06:30:44.630Z",0,true,"678604941168ed608b93a064",0
"6613f4d1ce72abb1ce9abeca","678426483d8875642c9a88c1","[""science"",""world"",""food"",""current affairs""]","[""science""]","{""science"":2}",,"{""science"":[""6786a0c5c9cd4a92fe160969"",""678a9452e7931a502cd8bfcf"",""6785501501575378fa107f65"",""6785501701575378fa107f9a"",""6785501401575378fa107f53"",""6785501601575378fa107f86"",""6785501501575378fa107f5f"",""678a9452e7931a502cd8bfd5"",""6786a0c3c9cd4a92fe160945"",""6785501301575378fa107f34""]}",,"{""science"":13}",,"2025-01-14T06:30:45.177Z",13,true,"678604951168ed608b93a067",2
"6613f494ce72abb1ce9abddf","678426483d8875642c9a88c1","[""tourism"",""lifestyle"",""education"",""current affairs""]","[]","{""tourism"":1}",,"{""tourism"":[""6789473f94c83b92862dbe4f"",""6789474094c83b92862dbe5b"",""6786a3fec9cd4a92fe160f0d"",""678552fe01575378fa1083e8"",""6789473f94c83b92862dbe55""]}",,"{""tourism"":6}",,"2025-01-14T06:30:45.722Z",6,true,"678604951168ed608b93a06a",1
"6613f496ce72abb1ce9abde9","678426483d8875642c9a88c1","[""entertainment"",""education"",""health"",""current affairs""]","[""entertainment""]","{""entertainment"":2,""education"":1}",,"{""entertainment"":[""6785522601575378fa1081ec"",""6789468794c83b92862dad84"",""6787f349bba1f0118dd49179"",""678a9669e7931a502cd8c331"",""6785522901575378fa10822e"",""6786a22dc9cd4a92fe160cbc"",""678a9668e7931a502cd8c31f"",""6785522901575378fa108222"",""6789468694c83b92862dad53"",""6785522701575378fa1081f8""],""education"":[""6786a1d7c9cd4a92fe160bc0"",""678a94a5e7931a502cd8c00e"",""6787f2eebba1f0118dd490b4"",""6786a1d6c9cd4a92fe160ba5"",""678a94a8e7931a502cd8c05c""]}",,"{""entertainment"":11,""education"":18}",,"2025-01-14T06:30:46.545Z",29,true,"678604961168ed608b93a06e",3
"6613f4d9ce72abb1ce9abeeb","678426483d8875642c9a88c1","[""health"",""environment"",""education"",""current affairs""]","[]","{""health"":1}",,"{""health"":[""678a96c8e7931a502cd8c382"",""67854fe501575378fa107eb4"",""6786a094c9cd4a92fe160898"",""6787f20abba1f0118dd48dd4"",""6786a094c9cd4a92fe1608a4""]}",,"{""health"":0}",,"2025-01-14T06:30:47.377Z",0,true,"678604971168ed608b93a072",1
"6613f4b1ce72abb1ce9abe4c","678426483d8875642c9a88c1","[""technology"",""tourism"",""sports"",""current affairs""]","[]","{}",,"{}",,"{}",,"2025-01-14T06:30:47.926Z",0,true,"678604971168ed608b93a075",0
"6613f4c4ce72abb1ce9abe94","678426483d8875642c9a88c1","[""world"",""lifestyle"",""politics"",""current affairs""]","[]","{""world"":1}",,"{""world"":[""67854e1b01575378fa107a86"",""67869f75c9cd4a92fe16059f"",""67854e1901575378fa107a60"",""67854e1801575378fa107a4c"",""67854e1c01575378fa107aa4""]}",,"{""world"":0}",,"2025-01-15T06:30:40.938Z",0,true,"67875610c9cd4a92fe3fe544",1
"6613f4c0ce72abb1ce9abe85","678426483d8875642c9a88c1","[""food"",""technology"",""world"",""current affairs""]","[""food""]","{""food"":2}",,"{""food"":[""6786a2eec9cd4a92fe160db6"",""6785524701575378fa108276"",""6785524601575378fa108264"",""6787f3a0bba1f0118dd4923b"",""6787f3a1bba1f0118dd49243"",""678a963de7931a502cd8c2c9"",""678a963fe7931a502cd8c2ff"",""678946b994c83b92862db3dd"",""6787f3a0bba1f0118dd49228"",""678946b894c83b92862db3b9""]}",,"{""food"":16}",,"2025-01-15T06:30:41.484Z",16,true,"67875611c9cd4a92fe3fe565",2
"6613f4c8ce72abb1ce9abea3","678426483d8875642c9a88c1","[""health"",""technology"",""sports"",""current affairs""]","[]","{""health"":1}",,"{""health"":[""6787f20ebba1f0118dd48e22"",""6786a096c9cd4a92fe1608c2"",""678a96c9e7931a502cd8c39a"",""67854fe501575378fa107eb4"",""67854fe401575378fa107e8b""]}",,"{""health"":33}",,"2025-01-15T06:30:42.027Z",33,true,"67875612c9cd4a92fe3fe570",1
"6613f4a5ce72abb1ce9abe1f","678426483d8875642c9a88c1","[""entertainment"",""health"",""sports"",""current affairs""]","[""entertainment""]","{""entertainment"":2}",,"{""entertainment"":[""6787f348bba1f0118dd49160"",""678a966ae7931a502cd8c343"",""6787f34abba1f0118dd49185"",""6785522801575378fa10821c"",""6789468694c83b92862dad53"",""678a9669e7931a502cd8c32b"",""6786a22dc9cd4a92fe160cbc"",""6786a22ec9cd4a92fe160cc2"",""6785522901575378fa10822e"",""6789468894c83b92862dae61""]}",,"{""entertainment"":2}",,"2025-01-15T06:30:42.573Z",2,true,"67875612c9cd4a92fe3fe591",2
"6613f4ccce72abb1ce9abeb5","678426483d8875642c9a88c1","[""education"",""world"",""entertainment"",""current affairs""]","[""education""]","{""education"":2}",,"{""education"":[""678551ce01575378fa1081a7"",""678a94a8e7931a502cd8c062"",""678a94a6e7931a502cd8c032"",""678a94a6e7931a502cd8c026"",""6787f2ecbba1f0118dd49074"",""678a94a7e7931a502cd8c038"",""6786a1d7c9cd4a92fe160bcc"",""678a94a5e7931a502cd8c01a"",""678551cd01575378fa10818f"",""678a94a8e7931a502cd8c050""]}",,"{""education"":19}",,"2025-01-15T06:30:43.117Z",19,true,"67875613c9cd4a92fe3fe59c",2
"6613f4d1ce72abb1ce9abec7","678426483d8875642c9a88c1","[""business"",""education"",""world"",""current affairs""]","[]","{""business"":1}",,"{""business"":[""67869fdec9cd4a92fe1606da"",""67869fddc9cd4a92fe1606c8"",""67854ef101575378fa107c65"",""678a955fe7931a502cd8c1e8"",""67854eef01575378fa107c2f""]}",,"{""business"":13}",,"2025-01-15T06:30:43.659Z",13,true,"67875613c9cd4a92fe3fe5bd",1
"6613f4d6ce72abb1ce9abedc","678426483d8875642c9a88c1","[""world"",""lifestyle"",""food"",""current affairs""]","[]","{""world"":1}",,"{""world"":[""67854e1901575378fa107a60"",""6787f0c9bba1f0118dd48aaa"",""6787f0c6bba1f0118dd48a6f"",""6789424694c83b92862d6d65"",""6789424594c83b92862d6d47""]}",,"{""world"":14}",,"2025-01-15T06:30:44.475Z",14,true,"67875614c9cd4a92fe3fe5e2",1
"6613f49ace72abb1ce9abdf8","678426483d8875642c9a88c1","[""world"",""health"",""sports"",""current affairs""]","[]","{""world"":1}",,"{""world"":[""67854e1b01575378fa107a86"",""6787f0cabba1f0118dd48abe"",""678a950ae7931a502cd8c148"",""67854e1c01575378fa107a9e"",""6787f0c7bba1f0118dd48a82""]}",,"{""world"":0}",,"2025-01-15T06:30:45.017Z",0,true,"67875615c9cd4a92fe3fe5ef",1
"6613f4ddce72abb1ce9abefa","678426483d8875642c9a88c1","[""technology"",""food"",""business"",""current affairs""]","[]","{""technology"":1}",,"{""technology"":[""678943c594c83b92862d74f2"",""6787f173bba1f0118dd48c7f"",""678a96eee7931a502cd8c3b9"",""6787f175bba1f0118dd48c9d"",""678943c394c83b92862d74c2""]}",,"{""technology"":9}",,"2025-01-15T06:30:45.558Z",9,true,"67875615c9cd4a92fe3fe60e",1
"6613f4b6ce72abb1ce9abe5b","678426483d8875642c9a88c1","[""technology"",""politics"",""environment"",""current affairs""]","[]","{}",,"{}",,"{}",,"2025-01-15T06:30:46.114Z",0,true,"67875616c9cd4a92fe3fe619",0
"6613f4b3ce72abb1ce9abe52","678426483d8875642c9a88c1","[""sports"",""science"",""environment"",""current affairs""]","[]","{}",,"{}",,"{}",,"2025-01-15T06:30:46.655Z",0,true,"67875616c9cd4a92fe3fe638",0
"6613f4b0ce72abb1ce9abe46","678426483d8875642c9a88c1","[""environment"",""education"",""food"",""current affairs""]","[]","{}",,"{}",,"{}",,"2025-01-15T06:30:47.197Z",0,true,"67875617c9cd4a92fe3fe646",0
"6613f4bace72abb1ce9abe6a","678426483d8875642c9a88c1","[""business"",""politics"",""food"",""current affairs""]","[]","{""business"":1}",,"{""business"":[""67854eef01575378fa107c35"",""67869fdec9cd4a92fe1606e0"",""6787f13cbba1f0118dd48bc4"",""67854eed01575378fa107c11"",""67869fdfc9cd4a92fe1606f8""]}",,"{""business"":5}",,"2025-01-15T06:30:47.739Z",5,true,"67875617c9cd4a92fe3fe665",1
"661d1b2215323b828c65ac04","678426483d8875642c9a88c1","[""environment"",""crime"",""education"",""current affairs""]","[]","{}",,"{}",,"{}",,"2025-01-15T06:34:25.822Z",0,true,"678756f1c9cd4a92fe4003b4",0
"65fe496b205cf6d5f81e91fb","678426483d8875642c9a88c1","[""entertainment"",""lifestyle"",""environment"",""current affairs""]","[""entertainment"",""lifestyle"",""environment""]","{""entertainment"":2,""lifestyle"":2,""environment"":2}",,"{""entertainment"":[""6786a22dc9cd4a92fe160cbc"",""6789468894c83b92862dae67"",""6789468794c83b92862dad7d"",""678a966be7931a502cd8c355"",""6789468694c83b92862dad53"",""6786a22cc9cd4a92fe160caa"",""6789468994c83b92862daf56"",""6785522601575378fa1081e6"",""6787f346bba1f0118dd49130"",""6785522901575378fa108234""],""lifestyle"":[""678552cf01575378fa10831e"",""678946e894c83b92862db6f3"",""678a94d6e7931a502cd8c075"",""678946e794c83b92862db6e7"",""678552d001575378fa10833c"",""678a94d7e7931a502cd8c08d"",""678552d101575378fa10835e"",""678946e894c83b92862db6f9"",""678552cf01575378fa10832a"",""678a94d8e7931a502cd8c099""],""environment"":[""6787f288bba1f0118dd48f2e"",""678a9712e7931a502cd8c442"",""6787f28cbba1f0118dd48f76"",""6789451194c83b92862d8cd1"",""6789451094c83b92862d8cc5"",""6787f28bbba1f0118dd48f5e"",""6786a16dc9cd4a92fe160abc"",""6787f28cbba1f0118dd48f83"",""6786a16dc9cd4a92fe160ad4"",""6787f28bbba1f0118dd48f64""]}",,"{""entertainment"":50,""lifestyle"":44,""environment"":51}",,"2025-01-15T07:04:03.743Z",145,true,"67875de3c9cd4a92fe43ed95",9
"667d9d31ede918c194e96af9","678426483d8875642c9a88c1","[""food"",""entertainment"",""health"",""current affairs""]","[""current affairs"",""entertainment"",""food"",""health""]","{""current affairs"":2,""entertainment"":2,""food"":2,""health"":2}",,"{""current affairs"":[""678a53fce7931a502ccfc09b"",""678a5400e7931a502ccfc0d7"",""678a53f8e7931a502ccfc072"",""678a53f3e7931a502ccfc025"",""678a53fbe7931a502ccfc093"",""678a53f5e7931a502ccfc047"",""678a53f3e7931a502ccfc02e"",""678a53f9e7931a502ccfc07a"",""678a53fae7931a502ccfc083"",""678a53fde7931a502ccfc0b4""],""entertainment"":[""6785522801575378fa10821c"",""678a9668e7931a502cd8c319"",""6787f34abba1f0118dd4917f"",""678a966ae7931a502cd8c33d"",""6789468a94c83b92862daf5c"",""6787f349bba1f0118dd4916c"",""6785522501575378fa1081da"",""6786a22cc9cd4a92fe160c9e"",""678a9669e7931a502cd8c337"",""678a9668e7931a502cd8c313""],""food"":[""678a963fe7931a502cd8c2f3"",""678946bd94c83b92862db431"",""6785524601575378fa108264"",""678946b894c83b92862db3c5"",""678946bb94c83b92862db40d"",""678a963ce7931a502cd8c2b7"",""678946ba94c83b92862db3e9"",""6785524601575378fa108270"",""6785524401575378fa108240"",""678946bb94c83b92862db3fb""],""health"":[""6789444794c83b92862d7e8d"",""67854fe601575378fa107eba"",""6786a093c9cd4a92fe160884"",""6787f20bbba1f0118dd48dec"",""6786a094c9cd4a92fe1608a4"",""67854fe601575378fa107ec6"",""6789444a94c83b92862d7ed4"",""6787f20cbba1f0118dd48df2"",""678a96c8e7931a502cd8c388"",""6786a093c9cd4a92fe160892""]}",,"{""current affairs"":68,""entertainment"":22,""food"":35,""health"":65}",,"2025-01-15T14:12:28.322Z",190,false,"6787c24cbba1f0118dcb33d0",12
"65b1ebbc90ba2e3794e9696d","678426483d8875642c9a88c1","[""health"",""business"",""science"",""current affairs""]","[]","{""current affairs"":1,""health"":1}",,"{""current affairs"":[""678a5400e7931a502ccfc0d7"",""678a53f3e7931a502ccfc02e"",""678a53fae7931a502ccfc08b"",""678a53ffe7931a502ccfc0c5"",""678a53f8e7931a502ccfc072""],""health"":[""67854fe501575378fa107ea8"",""678a96c9e7931a502cd8c394"",""6786a095c9cd4a92fe1608b0"",""678a96c9e7931a502cd8c38e"",""6786a094c9cd4a92fe16089e""]}",,"{""current affairs"":57,""health"":29}",,"2025-01-16T04:00:43.538Z",86,true,"6788846b48deb61cbd89c14c",2
"6613f495ce72abb1ce9abde3","678426483d8875642c9a88c1","[""technology"",""environment"",""politics"",""current affairs""]","[]","{""technology"":1}",,"{""technology"":[""6786a022c9cd4a92fe16076c"",""678943c494c83b92862d74c9"",""6786a020c9cd4a92fe160742"",""678a96f0e7931a502cd8c3e3"",""67854f1a01575378fa107cea""]}",,"{""technology"":3}",,"2025-01-16T06:30:45.592Z",3,true,"6788a795bba1f0118dfddb80",1
"6613f49dce72abb1ce9abe07","678426483d8875642c9a88c1","[""crime"",""business"",""world"",""current affairs""]","[]","{""crime"":1}",,"{""crime"":[""6786a19fc9cd4a92fe160b61"",""678a95b0e7931a502cd8c27e"",""6786a19cc9cd4a92fe160b24"",""6786a19fc9cd4a92fe160b5b"",""6785511301575378fa10815b""]}",,"{""crime"":24}",,"2025-01-16T06:30:46.155Z",24,true,"6788a796bba1f0118dfddb89",1
"6613f4bece72abb1ce9abe7c","678426483d8875642c9a88c1","[""tourism"",""environment"",""education"",""current affairs""]","[]","{}",,"{}",,"{}",,"2025-01-16T06:30:47.254Z",0,true,"6788a797bba1f0118dfddbb4",0
"6613f4b8ce72abb1ce9abe61","678426483d8875642c9a88c1","[""health"",""politics"",""crime"",""current affairs""]","[]","{""health"":1}",,"{""health"":[""6787f20ebba1f0118dd48e22"",""67854fe501575378fa107ea8"",""6787f20bbba1f0118dd48dec"",""6786a094c9cd4a92fe1608aa"",""67854fe701575378fa107ecc""]}",,"{""health"":7}",,"2025-01-16T06:30:47.801Z",7,true,"6788a797bba1f0118dfddbd5",1
"6613f4c6ce72abb1ce9abe9a","678426483d8875642c9a88c1","[""world"",""science"",""food"",""current affairs""]","[]","{}",,"{}",,"{}",,"2025-01-16T06:30:48.630Z",0,true,"6788a798bba1f0118dfddbfd",0
"6613f4abce72abb1ce9abe34","678426483d8875642c9a88c1","[""world"",""science"",""politics"",""current affairs""]","[]","{""world"":1}",,"{""world"":[""6789424394c83b92862d6d1d"",""67869f75c9cd4a92fe16059f"",""67854e1901575378fa107a66"",""67854e1c01575378fa107a9e"",""6787f0cabba1f0118dd48ad2""]}",,"{""world"":0}",,"2025-01-16T06:30:49.453Z",0,true,"6788a799bba1f0118dfddc0a",1
"6613f497ce72abb1ce9abdec","678426483d8875642c9a88c1","[""politics"",""entertainment"",""science"",""current affairs""]","[]","{}",,"{}",,"{}",,"2025-01-16T06:30:50.002Z",0,true,"6788a79abba1f0118dfddc2b",0
"6613f4dece72abb1ce9abf00","678426483d8875642c9a88c1","[""sports"",""crime"",""education"",""current affairs""]","[]","{}",,"{}",,"{}",,"2025-01-16T06:30:50.553Z",0,true,"6788a79abba1f0118dfddc34",0
"6613f49ece72abb1ce9abe0a","678426483d8875642c9a88c1","[""lifestyle"",""tourism"",""business"",""current affairs""]","[""lifestyle""]","{""lifestyle"":2}",,"{""lifestyle"":[""678a94d9e7931a502cd8c0c3"",""678552d201575378fa108364"",""678a94d8e7931a502cd8c09f"",""678946e894c83b92862db6f9"",""678a94d6e7931a502cd8c06f"",""678946e694c83b92862db6c0"",""678a94d9e7931a502cd8c0b1"",""678946e894c83b92862db6ff"",""678946e694c83b92862db6c8"",""678a94d7e7931a502cd8c093""]}",,"{""lifestyle"":0}",,"2025-01-16T06:30:51.102Z",0,true,"6788a79bbba1f0118dfddc55",2
"6613f4afce72abb1ce9abe43","678426483d8875642c9a88c1","[""health"",""science"",""world"",""current affairs""]","[""health""]","{""health"":2}",,"{""health"":[""6789444a94c83b92862d7ed4"",""6786a094c9cd4a92fe160898"",""67854fe301575378fa107e7f"",""6789444994c83b92862d7ebd"",""67854fe501575378fa107eae"",""6786a094c9cd4a92fe1608a4"",""67854fe501575378fa107ea8"",""6789444994c83b92862d7ec3"",""6786a094c9cd4a92fe16089e"",""6786a092c9cd4a92fe16087e""]}",,"{""health"":3}",,"2025-01-17T06:30:41.854Z",3,true,"6789f911e7931a502cbe8499",2
"6613f4b8ce72abb1ce9abe64","678426483d8875642c9a88c1","[""politics"",""sports"",""food"",""current affairs""]","[]","{""politics"":1}",,"{""politics"":[""678a9770e7931a502cd8c4bc"",""67854eac01575378fa107bb9"",""6789426b94c83b92862d6d85"",""678a976de7931a502cd8c480"",""678a9771e7931a502cd8c4c8""]}",,"{""politics"":0}",,"2025-01-17T06:30:42.688Z",0,true,"6789f912e7931a502cbe84bc",1
"6613f49cce72abb1ce9abe01","678426483d8875642c9a88c1","[""education"",""business"",""crime"",""current affairs""]","[]","{""education"":1}",,"{""education"":[""6789461794c83b92862da514"",""6789461794c83b92862da50e"",""678a94a7e7931a502cd8c03e"",""678a94a7e7931a502cd8c044"",""678551cd01575378fa108195""]}",,"{""education"":0}",,"2025-01-17T06:30:43.231Z",0,true,"6789f913e7931a502cbe84e0",1
"6613f4c0ce72abb1ce9abe82","678426483d8875642c9a88c1","[""education"",""world"",""environment"",""current affairs""]","[]","{}",,"{}",,"{}",,"2025-01-17T06:30:44.052Z",0,true,"6789f914e7931a502cbe84ee",0
"6613f4b4ce72abb1ce9abe55","678426483d8875642c9a88c1","[""world"",""entertainment"",""crime"",""current affairs""]","[]","{""world"":1}",,"{""world"":[""678a9509e7931a502cd8c130"",""6789424694c83b92862d6d65"",""67854e1b01575378fa107a86"",""678a950ce7931a502cd8c172"",""67869f73c9cd4a92fe16056f""]}",,"{""world"":0}",,"2025-01-17T06:30:44.593Z",0,true,"6789f914e7931a502cbe850f",1
"6613f49dce72abb1ce9abe04","678426483d8875642c9a88c1","[""world"",""entertainment"",""politics"",""current affairs""]","[]","{}",,"{}",,"{}",,"2025-01-17T06:30:45.419Z",0,true,"6789f915e7931a502cbe853a",0
"6613f4b5ce72abb1ce9abe58","678426483d8875642c9a88c1","[""tourism"",""science"",""education"",""current affairs""]","[""tourism""]","{""tourism"":2,""science"":1}",,"{""tourism"":[""678a93e3e7931a502cd8b6d5"",""678a93e2e7931a502cd8b6cf"",""678552fd01575378fa1083d0"",""6786a401c9cd4a92fe160f4f"",""678a93e3e7931a502cd8b6e1"",""6786a400c9cd4a92fe160f37"",""678a93e6e7931a502cd8b71d"",""678a93e5e7931a502cd8b70b"",""678552fc01575378fa1083c4"",""6789473e94c83b92862dbe43""],""science"":[""678944e794c83b92862d88ac"",""6785501701575378fa107f9a"",""678a9452e7931a502cd8bfe1"",""6785501501575378fa107f5f"",""6785501301575378fa107f40""]}",,"{""tourism"":29,""science"":7}",,"2025-01-17T06:30:46.505Z",36,true,"6789f916e7931a502cbe8568",3
"661d1c43d3779bd18c70c9aa","678426483d8875642c9a88c1","[""business"",""technology"",""sports"",""current affairs""]","[]","{}",,"{}",,"{}",,"2025-01-17T10:32:46.348Z",0,true,"678a31cee7931a502cc76fda",0
"66210e6094d2c53bd0b70ccc","678426483d8875642c9a88c1","[""health"",""environment"",""food"",""current affairs""]","[]","{""health"":1,""environment"":1,""food"":1,""current affairs"":1}",,"{""health"":[""6789444794c83b92862d7e8d"",""6789444994c83b92862d7ebd"",""6786a095c9cd4a92fe1608b6"",""6789444994c83b92862d7ec3"",""6787f20bbba1f0118dd48de6""],""environment"":[""6786a16cc9cd4a92fe160ab0"",""678a9714e7931a502cd8c466"",""6786a16cc9cd4a92fe160aa4"",""6789451194c83b92862d8cdd"",""6789451294c83b92862d8cef""],""food"":[""6786a2f0c9cd4a92fe160dda"",""6787f3a1bba1f0118dd49249"",""6785524501575378fa108252"",""678a963de7931a502cd8c2cf"",""678a963de7931a502cd8c2c3""],""current affairs"":[""678a53fde7931a502ccfc0ac"",""678a53f6e7931a502ccfc050"",""678a53f3e7931a502ccfc025"",""678a53f4e7931a502ccfc03f"",""678a53f9e7931a502ccfc07a""]}",,"{""health"":0,""environment"":8,""food"":7,""current affairs"":0}",,"2025-01-17T12:31:30.725Z",15,false,"678a4da2e7931a502ccc3046",4
"673ff536038d0080790a95be","678d60c88c33d59695f483b6","[""entertainment"",""world"",""politics"",""current affairs""]","[]","{}",,"{}",,"{}",,"2025-01-20T06:59:32.102Z",0,true,"678df454e195896fdaf0af7a",0
"66210e6094d2c53bd0b70ccc","678d60c88c33d59695f483b6","[""health"",""environment"",""food"",""current affairs""]","[]","{}",,"{}",,"{}",,"2025-01-20T15:06:56.352Z",0,true,"678e6690858d2c8a97e698f0",0
"6613f4d9ce72abb1ce9abee8","678d60c88c33d59695f483b6","[""environment"",""politics"",""world"",""current affairs""]","[]","{}",,"{}",,"{}",,"2025-01-21T06:30:04.045Z",0,true,"678f3eec858d2c8a9710eb65",0
"6613f4b1ce72abb1ce9abe49","678d60c88c33d59695f483b6","[""crime"",""lifestyle"",""environment"",""current affairs""]","[]","{""crime"":1}",,"{""crime"":[""6793d1a6c5566ff752d89120"",""678fdc29881d0a93e3526296"",""6793d1a7c5566ff752d89132"",""67912f4e82baf0e01c7c13ad"",""67912f5282baf0e01c7c13f8""]}",,"{""crime"":18}",,"2025-01-21T06:30:04.584Z",18,true,"678f3eec858d2c8a9710eb8b",1
"6613f4b3ce72abb1ce9abe52","678d60c88c33d59695f483b6","[""entertainment"",""food"",""technology"",""current affairs""]","[]","{}",,"{}",,"{}",,"2025-01-21T06:30:05.102Z",0,true,"678f3eed858d2c8a9710eb96",0
"6613f49bce72abb1ce9abdfb","678d60c88c33d59695f483b6","[""politics"",""business"",""entertainment"",""current affairs""]","[]","{}",,"{}",,"{}",,"2025-01-21T06:30:05.648Z",0,true,"678f3eed858d2c8a9710ebb7",0
"6613f4c0ce72abb1ce9abe85","678d60c88c33d59695f483b6","[""environment"",""tourism"",""science"",""current affairs""]","[]","{""environment"":1}",,"{""environment"":[""678e8afe858d2c8a97eae9b0"",""6793d236c5566ff752d8921f"",""67912d4d82baf0e01c7c10d3"",""67927fabc5566ff752949a3b"",""678e8afb858d2c8a97eae974""]}",,"{""environment"":0}",,"2025-01-21T06:30:06.167Z",0,true,"678f3eee858d2c8a9710ebe0",1
"6613f498ce72abb1ce9abdf2","678d60c88c33d59695f483b6","[""crime"",""technology"",""lifestyle"",""current affairs""]","[]","{}",,"{}",,"{}",,"2025-01-21T06:30:06.692Z",0,true,"678f3eee858d2c8a9710ebed",0
"6613f4ddce72abb1ce9abefa","678d60c88c33d59695f483b6","[""tourism"",""business"",""politics"",""current affairs""]","[]","{}",,"{}",,"{}",,"2025-01-21T06:30:07.218Z",0,true,"678f3eef858d2c8a9710ec0e",0
"6613f4bcce72abb1ce9abe73","678d60c88c33d59695f483b6","[""science"",""environment"",""sports"",""current affairs""]","[]","{}",,"{}",,"{}",,"2025-01-21T06:30:07.746Z",0,true,"678f3eef858d2c8a9710ec37",0
"6613f494ce72abb1ce9abddf","678d60c88c33d59695f483b6","[""business"",""sports"",""food"",""current affairs""]","[]","{}",,"{}",,"{}",,"2025-01-21T06:30:08.262Z",0,true,"678f3ef0858d2c8a9710ec44",0
"6613f495ce72abb1ce9abde3","678d60c88c33d59695f483b6","[""education"",""business"",""tourism"",""current affairs""]","[]","{}",,"{}",,"{}",,"2025-01-21T06:30:08.780Z",0,true,"678f3ef0858d2c8a9710ec65",0
"6613f4b5ce72abb1ce9abe58","678d60c88c33d59695f483b6","[""entertainment"",""science"",""tourism"",""current affairs""]","[]","{}",,"{}",,"{}",,"2025-01-21T06:30:09.299Z",0,true,"678f3ef1858d2c8a9710ec89",0
"6613f4d4ce72abb1ce9abed6","678d60c88c33d59695f483b6","[""technology"",""tourism"",""science"",""current affairs""]","[]","{}",,"{}",,"{}",,"2025-01-21T06:30:09.828Z",0,true,"678f3ef1858d2c8a9710ec96",0
"6613f4d1ce72abb1ce9abeca","678d60c88c33d59695f483b6","[""technology"",""tourism"",""entertainment"",""current affairs""]","[]","{}",,"{}",,"{}",,"2025-01-21T06:30:10.362Z",0,true,"678f3ef2858d2c8a9710ecb7",0
"6613f4b6ce72abb1ce9abe5b","678d60c88c33d59695f483b6","[""science"",""technology"",""food"",""current affairs""]","[]","{}",,"{}",,"{}",,"2025-01-21T06:30:10.887Z",0,true,"678f3ef2858d2c8a9710ecdb",0
"65fe496b205cf6d5f81e91fb","678d60c88c33d59695f483b6","[""lifestyle"",""health"",""food"",""current affairs""]","[]","{}",,"{}",,"{}",,"2025-01-21T16:12:23.735Z",0,true,"678fc767ff4ca53956f49916",0
"653548118a2815874166fa66","678d60c88c33d59695f483b6","[""world"",""sports"",""entertainment"",""current affairs""]","[]","{}",,"{}",,"{}",,"2025-01-22T06:29:09.484Z",0,true,"6790903582baf0e01c610394",0
"6613f4bece72abb1ce9abe79","678d60c88c33d59695f483b6","[""world"",""science"",""environment"",""current affairs""]","[]","{""world"":1}",,"{""world"":[""6793d01bc5566ff752d88986"",""678fd9f1881d0a93e35252a4"",""67912ca682baf0e01c7c0ede"",""678e887d858d2c8a97eae42b"",""6793d01ac5566ff752d88974""]}",,"{""world"":15}",,"2025-01-22T06:30:03.959Z",15,true,"6790906b82baf0e01c6117c6",1
"6613f4c7ce72abb1ce9abea0","678d60c88c33d59695f483b6","[""crime"",""business"",""health"",""current affairs""]","[]","{}",,"{}",,"{}",,"2025-01-22T06:30:04.482Z",0,true,"6790906c82baf0e01c61180c",0
"6613f4a1ce72abb1ce9abe13","678d60c88c33d59695f483b6","[""crime"",""business"",""world"",""current affairs""]","[]","{}",,"{}",,"{}",,"2025-01-22T06:30:04.999Z",0,true,"6790906c82baf0e01c61184d",0
"6613f4d0ce72abb1ce9abec4","678d60c88c33d59695f483b6","[""environment"",""science"",""world"",""current affairs""]","[]","{}",,"{}",,"{}",,"2025-01-22T06:30:05.522Z",0,true,"6790906d82baf0e01c61186f",0
"6613f4c9ce72abb1ce9abea6","678d60c88c33d59695f483b6","[""science"",""environment"",""world"",""current affairs""]","[]","{}",,"{}",,"{}",,"2025-01-22T06:30:06.040Z",0,true,"6790906e82baf0e01c611894",0
"6613f4dece72abb1ce9abf00","678d60c88c33d59695f483b6","[""tourism"",""environment"",""food"",""current affairs""]","[]","{}",,"{}",,"{}",,"2025-01-22T06:30:06.557Z",0,true,"6790906e82baf0e01c61189e",0
"6613f4d9ce72abb1ce9abeeb","678d60c88c33d59695f483b6","[""entertainment"",""tourism"",""business"",""current affairs""]","[]","{}",,"{}",,"{}",,"2025-01-22T06:30:07.075Z",0,true,"6790906f82baf0e01c6118bf",0
"6613f4c3ce72abb1ce9abe91","678d60c88c33d59695f483b6","[""tourism"",""sports"",""food"",""current affairs""]","[]","{""tourism"":1}",,"{""tourism"":[""678fde00881d0a93e3526bdd"",""6793d3bac5566ff752d89486"",""6792821cc5566ff752949d4a"",""678fde02881d0a93e3526c07"",""67928220c5566ff752949d93""]}",,"{""tourism"":17}",,"2025-01-22T06:30:07.592Z",17,true,"6790906f82baf0e01c6118e7",1
"6613f4adce72abb1ce9abe3d","678d60c88c33d59695f483b6","[""entertainment"",""sports"",""education"",""current affairs""]","[]","{}",,"{}",,"{}",,"2025-01-22T06:30:08.110Z",0,true,"6790907082baf0e01c6118f1",0
"6613f49bce72abb1ce9abdfe","678d60c88c33d59695f483b6","[""politics"",""food"",""world"",""current affairs""]","[]","{}",,"{}",,"{}",,"2025-01-22T06:30:08.627Z",0,true,"6790907082baf0e01c611912",0
"6613f4acce72abb1ce9abe37","678d60c88c33d59695f483b6","[""politics"",""food"",""education"",""current affairs""]","[]","{}",,"{}",,"{}",,"2025-01-22T06:30:09.145Z",0,true,"6790907182baf0e01c61193a",0
"6613f4cace72abb1ce9abeac","678d60c88c33d59695f483b6","[""environment"",""food"",""lifestyle"",""current affairs""]","[]","{}",,"{}",,"{}",,"2025-01-22T06:30:09.921Z",0,true,"6790907182baf0e01c611961",0
"6613f4d3ce72abb1ce9abed0","678d60c88c33d59695f483b6","[""politics"",""science"",""world"",""current affairs""]","[]","{}",,"{}",,"{}",,"2025-01-22T06:30:10.439Z",0,true,"6790907282baf0e01c61196b",0
"667d9d31ede918c194e96af9","678d60c88c33d59695f483b6","[""health"",""food"",""entertainment"",""current affairs""]","[]","{}",,"{}",,"{}",,"2025-01-22T15:58:00.850Z",0,true,"6791158882baf0e01c77979c",0
"6613f49ece72abb1ce9abe0a","678d60c88c33d59695f483b6","[""business"",""politics"",""food"",""current affairs""]","[]","{""business"":1}",,"{""business"":[""678fda77881d0a93e352561e"",""6793d16cc5566ff752d890a1"",""678fda78881d0a93e352565b"",""678e894e858d2c8a97eae607"",""678e8951858d2c8a97eae643""]}",,"{""business"":3}",,"2025-01-23T06:30:03.906Z",3,true,"6791e1eb82baf0e01ca3b1f6",1
"6613f4bece72abb1ce9abe7c","678d60c88c33d59695f483b6","[""world"",""food"",""entertainment"",""current affairs""]","[]","{""world"":1}",,"{""world"":[""678e887b858d2c8a97eae3fa"",""67912ca782baf0e01c7c0efc"",""67912ca582baf0e01c7c0ed2"",""678fd9f1881d0a93e35252aa"",""6793d01bc5566ff752d8898c""]}",,"{""world"":6}",,"2025-01-23T06:30:04.961Z",6,true,"6791e1ec82baf0e01ca3b22e",1
"6613f4c2ce72abb1ce9abe8b","678d60c88c33d59695f483b6","[""health"",""education"",""world"",""current affairs""]","[]","{}",,"{}",,"{}",,"2025-01-23T06:30:05.496Z",0,true,"6791e1ed82baf0e01ca3b24f",0
"6613f49ace72abb1ce9abdf8","678d60c88c33d59695f483b6","[""lifestyle"",""health"",""tourism"",""current affairs""]","[]","{}",,"{}",,"{}",,"2025-01-23T06:30:06.019Z",0,true,"6791e1ee82baf0e01ca3b278",0
"6613f4bbce72abb1ce9abe70","678d60c88c33d59695f483b6","[""business"",""tourism"",""sports"",""current affairs""]","[]","{}",,"{}",,"{}",,"2025-01-23T06:30:06.540Z",0,true,"6791e1ee82baf0e01ca3b286",0
"6613f4d1ce72abb1ce9abec7","678d60c88c33d59695f483b6","[""health"",""sports"",""education"",""current affairs""]","[]","{}",,"{}",,"{}",,"2025-01-23T06:30:07.062Z",0,true,"6791e1ef82baf0e01ca3b2a7",0
"6613f49dce72abb1ce9abe04","678d60c88c33d59695f483b6","[""science"",""entertainment"",""tourism"",""current affairs""]","[]","{""science"":1}",,"{""science"":[""678fdb5b881d0a93e3525d6e"",""678e8a9a858d2c8a97eae95a"",""67927f82c5566ff7529499b3"",""67912bda82baf0e01c7c0c6f"",""67927f83c5566ff7529499cb""]}",,"{""science"":2}",,"2025-01-23T06:30:07.584Z",2,true,"6791e1ef82baf0e01ca3b2ce",1
"6613f4dbce72abb1ce9abef1","678d60c88c33d59695f483b6","[""tourism"",""sports"",""world"",""current affairs""]","[]","{}",,"{}",,"{}",,"2025-01-23T06:30:08.107Z",0,true,"6791e1f082baf0e01ca3b2f5",0
"6613f4c8ce72abb1ce9abea3","678d60c88c33d59695f483b6","[""science"",""technology"",""world"",""current affairs""]","[]","{}",,"{}",,"{}",,"2025-01-23T06:30:08.630Z",0,true,"6791e1f082baf0e01ca3b304",0
"6613f4b7ce72abb1ce9abe5e","678d60c88c33d59695f483b6","[""world"",""entertainment"",""technology"",""current affairs""]","[]","{}",,"{}",,"{}",,"2025-01-23T06:30:09.154Z",0,true,"6791e1f182baf0e01ca3b325",0
"6613f4aece72abb1ce9abe40","678d60c88c33d59695f483b6","[""health"",""tourism"",""food"",""current affairs""]","[]","{}",,"{}",,"{}",,"2025-01-23T06:30:09.677Z",0,true,"6791e1f182baf0e01ca3b34e",0
"6613f4d2ce72abb1ce9abecd","678d60c88c33d59695f483b6","[""tourism"",""world"",""business"",""current affairs""]","[]","{}",,"{}",,"{}",,"2025-01-23T06:30:10.199Z",0,true,"6791e1f282baf0e01ca3b35c",0
"6613f4c6ce72abb1ce9abe9d","678d60c88c33d59695f483b6","[""health"",""education"",""technology"",""current affairs""]","[]","{}",,"{}",,"{}",,"2025-01-24T06:30:03.676Z",0,true,"6793336bc5566ff752be1fd4",0
"6613f4c9ce72abb1ce9abea9","678d60c88c33d59695f483b6","[""health"",""politics"",""entertainment"",""current affairs""]","[]","{}",,"{}",,"{}",,"2025-01-24T06:30:04.209Z",0,true,"6793336cc5566ff752be1fe3",0
"6613f4dfce72abb1ce9abf03","678d60c88c33d59695f483b6","[""health"",""food"",""education"",""current affairs""]","[]","{}",,"{}",,"{}",,"2025-01-24T06:30:04.738Z",0,true,"6793336cc5566ff752be2004",0
"6613f4c5ce72abb1ce9abe97","678d60c88c33d59695f483b6","[""lifestyle"",""technology"",""health"",""current affairs""]","[]","{""lifestyle"":1}",,"{""lifestyle"":[""6793cf6fc5566ff752d884a2"",""67912eef82baf0e01c7c1311"",""679281a6c5566ff752949cde"",""67912eee82baf0e01c7c12ff"",""678fddcf881d0a93e3526b11""]}",,"{""lifestyle"":16}",,"2025-01-24T06:30:06.042Z",16,true,"6793336ec5566ff752be2055",1
"6613f4b2ce72abb1ce9abe4f","678d60c88c33d59695f483b6","[""lifestyle"",""politics"",""health"",""current affairs""]","[]","{""lifestyle"":1}",,"{""lifestyle"":[""67912ef082baf0e01c7c131d"",""679281a5c5566ff752949ccc"",""678fddcf881d0a93e3526b23"",""6793cf6ec5566ff752d88496"",""679281a6c5566ff752949cea""]}",,"{""lifestyle"":0}",,"2025-01-24T06:30:06.824Z",0,true,"6793336ec5566ff752be207d",1
"6613f4b4ce72abb1ce9abe55","678d60c88c33d59695f483b6","[""tourism"",""business"",""technology"",""current affairs""]","[]","{}",,"{}",,"{}",,"2025-01-24T06:30:07.346Z",0,true,"6793336fc5566ff752be208c",0
"6613f4c3ce72abb1ce9abe8e","678d60c88c33d59695f483b6","[""education"",""tourism"",""lifestyle"",""current affairs""]","[]","{}",,"{}",,"{}",,"2025-01-24T06:30:07.869Z",0,true,"6793336fc5566ff752be20ae",0
"6613f4a8ce72abb1ce9abe2b","678d60c88c33d59695f483b6","[""education"",""entertainment"",""sports"",""current affairs""]","[]","{}",,"{}",,"{}",,"2025-01-24T06:30:08.652Z",0,true,"67933370c5566ff752be20d6",0
"6613f4a0ce72abb1ce9abe10","678d60c88c33d59695f483b6","[""sports"",""lifestyle"",""politics"",""current affairs""]","[]","{}",,"{}",,"{}",,"2025-01-24T06:30:09.174Z",0,true,"67933371c5566ff752be20fa",0
"65b1ebbc90ba2e3794e9696d","678d60c88c33d59695f483b6","[""world"",""health"",""science"",""current affairs""]","[]","{}",,"{}",,"{}",,"2025-01-24T09:43:35.756Z",0,true,"679360c7c5566ff752c6543c",0